Workbook

Sheet Overview
A1: Finished Product Analyst Questionnaire
A2: Deliverable 2 - analyst edition. Part of the QC Laboratory Capacity, Staffing Gap and CAPEX Assessment.
A4: Area | B4: QC Chemical Laboratory - finished products (release, stability, in-process)
A5: Who fills it | B5: Each analyst who tests finished products (2-3 people). Each person fills a separate copy.
A6: Time needed | B6: About 3 hours. Start with the families you test most often.
A8: Sheet: Guide | B8: Rules, and what each column means.
A9: Sheet: Questions | B9: Respondent profile, batches & stability, methods, workload.
A10: Sheet: Volumes | B10: Release batches and stability samples per year for each product.
A11: Sheet: Test catalog | B11: Time each general test once (appearance, weight, hardness, friability, disintegration, water ...).
A12: Sheet: Test times | B12: One row per family x test: confirm Applicable; time the HPLC tests (grey rows come from the catalog).
A13: Sheet: Campaign groups | B13: Families sharing an active ingredient - can they share an HPLC sequence?
A14: Sheet: Extra tests | B14: Tests missing from the list (IPC, blend uniformity, water content, preservative assay ...).
A16: How to fill | B16: Read the 'Guide' sheet first: rules, which sheets take new rows, and what every column means.
A17: Data basis | B17: 107 products in 64 method families and 691 family x test rows.
... A21: Data basis | B21: No recorded finished-product test times exist yet (lab records cover raw materials only), so all times are new estimates.
A23: Respondent
A24: Date
A25: Reviewed by (unit head)

Sheet Guide
A1: How to fill
A2: Colours | B2: Yellow = you type. Grey = pre-filled or automatic; type over a grey value only if it is wrong. Dark-grey row = Applicable = N or Outsourced = Y (outsourced rows still take the in-house Prep time).
A3: Units | B3: Times in HOURS (0.25 = 15 min) per sample unless the header says per sequence.
A4: Minimum effort | B4: Only 'Prep – MOST LIKELY' is required; MIN and MAX are optional. Blank = not known.
A5: Hands-on vs instrument | B5: Analyst columns = hands-on time only. Unattended time goes in 'Instrument run'.
A6: Shared sample solution | B6: When one solution serves several tests (e.g. Assay + Related substances, or pH + Clarity from one solution), enter its preparation once, on the first test. On the other tests enter only their extra hands-on time and write 'solution shared with <test>' in Notes.
A7: Shared sequence | B7: Tests run in the same instrument sequence get the same Campaign group code (column J); their setup time is then counted once.
A8: Outsourced tests | B8: Outsourced = Y. Enter only in-house time (sampling, sending, checking the report) as Prep; leave instrument times blank.
A9: Columns | B9: Do not insert, delete or reorder columns - answers are collected by column position.
A10: Adding rows | B10: Use the empty rows at the bottom of a sheet. If you need more: select the last empty row, Ctrl+C, right-click the row number below it, 'Insert Copied Cells' - colours, dropdowns and formulas come with it.
A11: Fill order | B11: 1) Test catalog - each general test is timed once and copied to every family that uses it. 2) Test times - filter Instrument = HPLC: those rows need their own times per family. 3) Volumes, then Questions.
A12: Catalog time | B12: One catalog row = the time of ONE test on ONE sample (e.g. one friability test). Every Test times row with that Catalog code gets it, so each row is counted once.
A13: One test needs its own time | B13: e.g. Disintegration 40 min while the rest of DISINT stays 20: on Test catalog copy the DISINT row into a new row (Insert Copied Cells), give it a new Code (e.g. DIS_FC) and its own times; on Test times filter Test = Disintegration and change Catalog code to DIS_FC. Those rows then follow the new row.
... A135: AA · Outsourced (Y/N) | B135: Y = sent to an external lab. Then enter only in-house time (sampling, sending, checking the report) as Prep; leave instrument times blank.

Sheet Questions
A1: # | B1: Question | C1: Answer
A2: A. Respondent
A3: A1 | B3: Name / ID, role, years of QC experience.
A4: A2 | B4: Which techniques/instruments are you qualified on (HPLC, GC, UV-Vis, AAS/ICP, KF, dissolution, titration)?
A5: A3 | B5: Contract hours per week and annual leave weeks.
A6: A4 | B6: In a normal week, what % of your time is: testing / reviewing others' data / documentation & LIMS / meetings & training / cleaning & housekeeping / investigations? (should add to 100%)
A7: A5 | B7: Average overtime hours per month over the last 6 months, and the main reason.
A8: A6 | B8: Is any method or instrument in your area done by only one qualified person? Which?
A9: B. Batches and stability
A10: B1 | B10: How many release batches does each family produce per year now, and per the production plan in 2-3 years? (enter on 'Volumes')
A11: B2 | B11: Stability: which conditions and time points are on the protocol (e.g. 0/3/6/9/12/18/24/36 months, 25/60 and 40/75)? How many stability samples tested per year?
A12: B3 | B12: Are in-process controls (blend uniformity, core weight, hardness, LOD) done by QC or by production? Samples per batch and hours?
A13: B4 | B13: How many process/cleaning validation and swab samples per year? Analyst and HPLC hours each?
A14: C. Methods and instruments
A15: C1 | B15: Which families can be run in the same HPLC sequence (same column and mobile phase)? Use the 'Campaign groups' sheet.
A16: C2 | B16: Dissolution: 6 or 12 vessels? Single point or profile? HPLC or UV finish? How long is the bath occupied per sample?
A17: C3 | B17: Content uniformity: 10 or 30 units? Is it run on the same sequence as assay?
A18: C4 | B18: Fixed-dose combinations: does each active need its own method (e.g. ezetimibe + rosuvastatin)? Which families?
A19: C5 | B19: How many days per month is each HPLC/dissolution bath down (breakdown, calibration, waiting for parts/columns)?
A20: C6 | B20: Do you run HPLC overnight or at weekends unattended? What prevents it?
A21: C7 | B21: Do you wait for a free HPLC or dissolution bath? How often per week and for how long?
A22: D. Workload and service level
A23: D1 | B23: Target turnaround from sample receipt to batch release (days) and actual typical turnaround. Batches released late last year?
A24: D2 | B24: How many samples (release + stability) are typically waiting at month end? Stability pulls tested late?
A25: D3 | B25: Non-routine work: method validation/transfer for new products, OOS/OOT investigations, complaint samples, R&D support. Hours per year?
A26: D4 | B26: Which new products or line extensions arrive in the next 2-3 years?
A27: E. Closing
A28: E1 | B28: If you had one more analyst or one more HPLC, what would change first?
A29: E2 | B29: What is the biggest risk to on-time batch release today?

Sheet Volumes
A1: Product | B1: Active(s) (from product formulas) | C1: # Actives | D1: Dosage form (verify) | E1: Family ID | F1: Release batches / yr (now) | G1: Stability samples / yr (now) | H1: Status | I1: Release batches / yr (future, blank = growth %) | J1: Stability samples / yr (future) | K1: Release used future (auto) | L1: Stability used future (auto) | M1: Notes | N1: Stability time points / yr per batch on stability | O1: IPC samples tested by QC per batch
A2: Ezetimibe-Rosuvastatin 10-10 | B2: Ezetimibe, Rosuvastatin Calcium | C2: 2 | D2: Tablet | E2: F01 | H2: Marketed
A3: Ezetimibe-Rosuvastatin 10-20 | B3: Ezetimibe, Rosuvastatin Calcium | C3: 2 | D3: Tablet | E3: F01 | H3: Marketed
A4: Ezetimibe-Rosuvastatin 10-40 | B4: Ezetimibe, Rosuvastatin Calcium | C4: 2 | D4: Tablet | E4: F01 | H4: Marketed
A5: Resmitrom (Resffera) 60 | B5: Resmetirom | C5: 1 | D5: Tablet | E5: F02 | H5: Marketed
A6: Resmitrom (Resffera) 80 | B6: Resmetirom | C6: 1 | D6: Tablet | E6: F02 | H6: Marketed
A7: Resmitrom (Resffera) 100 | B7: Resmetirom | C7: 1 | D7: Tablet | E7: F02 | H7: Marketed
A8: Finerodyd 10 | B8: Finerenone | C8: 1 | D8: Tablet | E8: F03 | H8: Marketed
A9: Finerodyd 20 | B9: Finerenone | C9: 1 | D9: Tablet | E9: F03 | H9: Marketed
A10: Cardyd 20 | B10: Telmisartan | C10: 1 | D10: Tablet | E10: F04 | H10: Marketed
A11: Cardyd 40 | B11: Telmisartan | C11: 1 | D11: Tablet | E11: F04 | H11: Marketed
A12: Cardyd 80 | B12: Telmisartan | C12: 1 | D12: Tablet | E12: F04 | H12: Marketed
A13: Cardyd-AM 80/5 | B13: Telmisartan, Amlodipine Besylate | C13: 2 | D13: Tablet | E13: F05 | H13: Marketed
... A107: Hair and Skin | B107: Biotin (Vitamin B7), Folic Acid (Vitamin B9) (+7 more) | C107: 9 | D107: Tablet | E107: F64 | H107: Marketed
A108: Stability samples/yr = number of stability studies running x time points pulled per year (each pull = 1 sample).

Sheet Test catalog
A1: Code | B1: Test | C1: Instrument | D1: Rows using it (auto) | E1: Lab catalog time (min) | F1: Setup analyst h / sequence | G1: Setup instrument h / sequence | H1: Prep analyst h/sample – MIN | I1: Prep – MOST LIKELY | J1: Prep – MAX | K1: Instrument run h / sample | L1: Data processing + doc h / sample | M1: Review h / sample | N1: Samples per sequence / run | O1: Outsourced (Y/N) | P1: Notes
A2: APPEAR | B2: Appearance / description | C2: Other / bench | D2: =COUNTIFS('Test times'!$AB:$AB,$A2,'Test times'!$F:$F,"Y")
A3: AVG_WT | B3: Average weight / uniformity of mass | C3: Other / bench | D3: =COUNTIFS('Test times'!$AB:$AB,$A3,'Test times'!$F:$F,"Y")
A4: HARD | B4: Hardness (with thickness / diameter) | C4: Other / bench | D4: =COUNTIFS('Test times'!$AB:$AB,$A4,'Test times'!$F:$F,"Y")
A5: FRIAB | B5: Friability | C5: Other / bench | D5: =COUNTIFS('Test times'!$AB:$AB,$A5,'Test times'!$F:$F,"Y")
A6: DISINT | B6: Disintegration | C6: Other / bench | D6: =COUNTIFS('Test times'!$AB:$AB,$A6,'Test times'!$F:$F,"Y")
A7: WATER | B7: Water content - KF (or LOD if that is what you run) | C7: KF titrator | D7: =COUNTIFS('Test times'!$AB:$AB,$A7,'Test times'!$F:$F,"Y")
A8: PH | B8: pH | C8: Other / bench | D8: =COUNTIFS('Test times'!$AB:$AB,$A8,'Test times'!$F:$F,"Y")
A9: FILL | B9: Fill volume / deliverable volume | C9: Other / bench | D9: =COUNTIFS('Test times'!$AB:$AB,$A9,'Test times'!$F:$F,"Y")

Sheet Test times
A1: Key (Family ID / Material) | B1: Type | C1: Description | D1: Test | E1: Lookup key (auto) | F1: Applicable (Y/N) | G1: Instrument | H1: Complexity | I1: No. of separate methods | J1: Campaign group code | K1: Setup analyst h / sequence | L1: Setup instrument h / sequence | M1: Prep analyst h/sample – MIN | N1: Prep – MOST LIKELY | O1: Prep – MAX | P1: Prep PERT (auto) | Q1: Instrument run h / sample | R1: Dissolution bath h / sample | S1: Data processing + doc h / sample | T1: Review h / sample | U1: Samples per sequence | V1: Retest / OOS % | W1: Applies to stability (Y/N) | X1: Respondent(s) / source | Y1: Confidence | Z1: Notes / difficulty | AA1: Outsourced (Y/N) | AB1: Catalog code
A2: F01 | B2: FP | C2: Ezetimibe-Rosuvastatin 10-10; Ezetimibe-Rosuvastatin 10-20; Ezetimibe-Rosuvastatin 10-40 | Ezetimibe, Rosuvastatin Calcium | D2: Assay | E2: =IF(A2="","",A2&"|"&D2) | F2: Y | G2: HPLC | H2: Medium | I2: 1 | P2: =IF(N2="","",IF(OR(M2="",O2=""),N2,(M2+4*N2+O2)/6)) | W2: Y
A3: F01 | B3: FP | C3: Ezetimibe-Rosuvastatin 10-10; Ezetimibe-Rosuvastatin 10-20; Ezetimibe-Rosuvastatin 10-40 | Ezetimibe, Rosuvastatin Calcium | D3: Related substances / impurities | E3: =IF(A3="","",A3&"|"&D3) | F3: Y | G3: HPLC | H3: Medium | I3: 1 | P3: =IF(N3="","",IF(OR(M3="",O3=""),N3,(M3+4*N3+O3)/6)) | W3: Y
A4: F01 | B4: FP | C4: Ezetimibe-Rosuvastatin 10-10; Ezetimibe-Rosuvastatin 10-20; Ezetimibe-Rosuvastatin 10-40 | Ezetimibe, Rosuvastatin Calcium | D4: Dissolution | E4: =IF(A4="","",A4&"|"&D4) | F4: Y | G4: HPLC | H4: Medium | I4: 1 | P4: =IF(N4="","",IF(OR(M4="",O4=""),N4,(M4+4*N4+O4)/6)) | W4: Y
A5: F01 | B5: FP | C5: Ezetimibe-Rosuvastatin 10-10; Ezetimibe-Rosuvastatin 10-20; Ezetimibe-Rosuvastatin 10-40 | Ezetimibe, Rosuvastatin Calcium | D5: Content uniformity | E5: =IF(A5="","",A5&"|"&D5) | F5: Y | G5: HPLC | H5: Medium | I5: 1 | P5: =IF(N5="","",IF(OR(M5="",O5=""),N5,(M5+4*N5+O5)/6)) | W5: N
A6: F01 | B6: FP | C6: Ezetimibe-Rosuvastatin 10-10; Ezetimibe-Rosuvastatin 10-20; Ezetimibe-Rosuvastatin 10-40 | Ezetimibe, Rosuvastatin Calcium | D6: Identification (if separate from assay) | E6: =IF(A6="","",A6&"|"&D6) | F6: N | G6: HPLC | H6: Medium | I6: 1 | P6: =IF(N6="","",IF(OR(M6="",O6=""),N6,(M6+4*N6+O6)/6)) | W6: N
A7: F01 | B7: FP | C7: Ezetimibe-Rosuvastatin 10-10; Ezetimibe-Rosuvastatin 10-20; Ezetimibe-Rosuvastatin 10-40 | Ezetimibe, Rosuvastatin Calcium | D7: Appearance / description | E7: =IF(A7="","",A7&"|"&D7) | F7: Y | G7: Other / bench | H7: Low | I7: 1 | K7: =IFERROR(IF(INDEX('Test catalog'!$F$2:$F$200,MATCH($AB7,'Test catalog'!$A$2:$A$200,0))="","",INDEX('Test catalog'!$F$2:$F$200,MATCH($AB7,'Test catalog'!$A$2:$A$200,0))),"") | L7: =IFERROR(IF(INDEX('Test catalog'!$G$2:$G$200,MATCH($AB7,'Test catalog'!$A$2:$A$200,0))="","",INDEX('Test catalog'!$G$2:$G$200,MATCH($AB7,'Test catalog'!$A$2:$A$200,0))),"") | M7: =IFERROR(IF(INDEX('Test catalog'!$H$2:$H$200,MATCH($AB7,'Test catalog'!$A$2:$A$200,0))="","",INDEX('Test catalog'!$H$2:$H$200,MATCH($AB7,'Test catalog'!$A$2:$A$200,0))),"") | N7: =IFERROR(IF(INDEX('Test catalog'!$I$2:$I$200,MATCH($AB7,'Test catalog'!$A$2:$A$200,0))="","",INDEX('Test catalog'!$I$2:$I$200,MATCH($AB7,'Test catalog'!$A$2:$A$200,0))),"") | O7: =IFERROR(IF(INDEX('Test catalog'!$J$2:$J$200,MATCH($AB7,'Test catalog'!$A$2:$A$200,0))="","",INDEX('Test catalog'!$J$2:$J$200,MATCH($AB7,'Test catalog'!$A$2:$A$200,0))),"") | P7: =IF(N7="","",IF(OR(M7="",O7=""),N7,(M7+4*N7+O7)/6)) | Q7: =IFERROR(IF(INDEX('Test catalog'!$K$2:$K$200,MATCH($AB7,'Test catalog'!$A$2:$A$200,0))="","",INDEX('Test catalog'!$K$2:$K$200,MATCH($AB7,'Test catalog'!$A$2:$A$200,0))),"") | S7: =IFERROR(IF(INDEX('Test catalog'!$L$2:$L$200,MATCH($AB7,'Test catalog'!$A$2:$A$200,0))="","",INDEX('Test catalog'!$L$2:$L$200,MATCH($AB7,'Test catalog'!$A$2:$A$200,0))),"") | T7: =IFERROR(IF(INDEX('Test catalog'!$M$2:$M$200,MATCH($AB7,'Test catalog'!$A$2:$A$200,0))="","",INDEX('Test catalog'!$M$2:$M$200,MATCH($AB7,'Test catalog'!$A$2:$A$200,0))),"") | U7: =IFERROR(IF(INDEX('Test catalog'!$N$2:$N$200,MATCH($AB7,'Test catalog'!$A$2:$A$200,0))="","",INDEX('Test catalog'!$N$2:$N$200,MATCH($AB7,'Test catalog'!$A$2:$A$200,0))),"") | W7: Y | AA7: =IFERROR(IF(INDEX('Test catalog'!$O$2:$O$200,MATCH($AB7,'Test catalog'!$A$2:$A$200,0))="","",INDEX('Test catalog'!$O$2:$O$200,MATCH($AB7,'Test catalog'!$A$2:$A$200,0))),"") | AB7: APPEAR
A8: F01 | B8: FP | C8: Ezetimibe-Rosuvastatin 10-10; Ezetimibe-Rosuvastatin 10-20; Ezetimibe-Rosuvastatin 10-40 | Ezetimibe, Rosuvastatin Calcium | D8: Average weight / uniformity of mass | E8: =IF(A8="","",A8&"|"&D8) | F8: Y | G8: Other / bench | H8: Low | I8: 1 | K8: =IFERROR(IF(INDEX('Test catalog'!$F$2:$F$200,MATCH($AB8,'Test catalog'!$A$2:$A$200,0))="","",INDEX('Test catalog'!$F$2:$F$200,MATCH($AB8,'Test catalog'!$A$2:$A$200,0))),"") | L8: =IFERROR(IF(INDEX('Test catalog'!$G$2:$G$200,MATCH($AB8,'Test catalog'!$A$2:$A$200,0))="","",INDEX('Test catalog'!$G$2:$G$200,MATCH($AB8,'Test catalog'!$A$2:$A$200,0))),"") | M8: =IFERROR(IF(INDEX('Test catalog'!$H$2:$H$200,MATCH($AB8,'Test catalog'!$A$2:$A$200,0))="","",INDEX('Test catalog'!$H$2:$H$200,MATCH($AB8,'Test catalog'!$A$2:$A$200,0))),"") | N8: =IFERROR(IF(INDEX('Test catalog'!$I$2:$I$200,MATCH($AB8,'Test catalog'!$A$2:$A$200,0))="","",INDEX('Test catalog'!$I$2:$I$200,MATCH($AB8,'Test catalog'!$A$2:$A$200,0))),"") | O8: =IFERROR(IF(INDEX('Test catalog'!$J$2:$J$200,MATCH($AB8,'Test catalog'!$A$2:$A$200,0))="","",INDEX('Test catalog'!$J$2:$J$200,MATCH($AB8,'Test catalog'!$A$2:$A$200,0))),"") | P8: =IF(N8="","",IF(OR(M8="",O8=""),N8,(M8+4*N8+O8)/6)) | Q8: =IFERROR(IF(INDEX('Test catalog'!$K$2:$K$200,MATCH($AB8,'Test catalog'!$A$2:$A$200,0))="","",INDEX('Test catalog'!$K$2:$K$200,MATCH($AB8,'Test catalog'!$A$2:$A$200,0))),"") | S8: =IFERROR(IF(INDEX('Test catalog'!$L$2:$L$200,MATCH($AB8,'Test catalog'!$A$2:$A$200,0))="","",INDEX('Test catalog'!$L$2:$L$200,MATCH($AB8,'Test catalog'!$A$2:$A$200,0))),"") | T8: =IFERROR(IF(INDEX('Test catalog'!$M$2:$M$200,MATCH($AB8,'Test catalog'!$A$2:$A$200,0))="","",INDEX('Test catalog'!$M$2:$M$200,MATCH($AB8,'Test catalog'!$A$2:$A$200,0))),"") | U8: =IFERROR(IF(INDEX('Test catalog'!$N$2:$N$200,MATCH($AB8,'Test catalog'!$A$2:$A$200,0))="","",INDEX('Test catalog'!$N$2:$N$200,MATCH($AB8,'Test catalog'!$A$2:$A$200,0))),"") | W8: N | AA8: =IFERROR(IF(INDEX('Test catalog'!$O$2:$O$200,MATCH($AB8,'Test catalog'!$A$2:$A$200,0))="","",INDEX('Test catalog'!$O$2:$O$200,MATCH($AB8,'Test catalog'!$A$2:$A$200,0))),"") | AB8: AVG_WT
A9: F01 | B9: FP | C9: Ezetimibe-Rosuvastatin 10-10; Ezetimibe-Rosuvastatin 10-20; Ezetimibe-Rosuvastatin 10-40 | Ezetimibe, Rosuvastatin Calcium | D9: Hardness (with thickness / diameter) | E9: =IF(A9="","",A9&"|"&D9) | F9: Y | G9: Other / bench | H9: Low | I9: 1 | K9: =IFERROR(IF(INDEX('Test catalog'!$F$2:$F$200,MATCH($AB9,'Test catalog'!$A$2:$A$200,0))="","",INDEX('Test catalog'!$F$2:$F$200,MATCH($AB9,'Test catalog'!$A$2:$A$200,0))),"") | L9: =IFERROR(IF(INDEX('Test catalog'!$G$2:$G$200,MATCH($AB9,'Test catalog'!$A$2:$A$200,0))="","",INDEX('Test catalog'!$G$2:$G$200,MATCH($AB9,'Test catalog'!$A$2:$A$200,0))),"") | M9: =IFERROR(IF(INDEX('Test catalog'!$H$2:$H$200,MATCH($AB9,'Test catalog'!$A$2:$A$200,0))="","",INDEX('Test catalog'!$H$2:$H$200,MATCH($AB9,'Test catalog'!$A$2:$A$200,0))),"") | N9: =IFERROR(IF(INDEX('Test catalog'!$I$2:$I$200,MATCH($AB9,'Test catalog'!$A$2:$A$200,0))="","",INDEX('Test catalog'!$I$2:$I$200,MATCH($AB9,'Test catalog'!$A$2:$A$200,0))),"") | O9: =IFERROR(IF(INDEX('Test catalog'!$J$2:$J$200,MATCH($AB9,'Test catalog'!$A$2:$A$200,0))="","",INDEX('Test catalog'!$J$2:$J$200,MATCH($AB9,'Test catalog'!$A$2:$A$200,0))),"") | P9: =IF(N9="","",IF(OR(M9="",O9=""),N9,(M9+4*N9+O9)/6)) | Q9: =IFERROR(IF(INDEX('Test catalog'!$K$2:$K$200,MATCH($AB9,'Test catalog'!$A$2:$A$200,0))="","",INDEX('Test catalog'!$K$2:$K$200,MATCH($AB9,'Test catalog'!$A$2:$A$200,0))),"") | S9: =IFERROR(IF(INDEX('Test catalog'!$L$2:$L$200,MATCH($AB9,'Test catalog'!$A$2:$A$200,0))="","",INDEX('Test catalog'!$L$2:$L$200,MATCH($AB9,'Test catalog'!$A$2:$A$200,0))),"") | T9: =IFERROR(IF(INDEX('Test catalog'!$M$2:$M$200,MATCH($AB9,'Test catalog'!$A$2:$A$200,0))="","",INDEX('Test catalog'!$M$2:$M$200,MATCH($AB9,'Test catalog'!$A$2:$A$200,0))),"") | U9: =IFERROR(IF(INDEX('Test catalog'!$N$2:$N$200,MATCH($AB9,'Test catalog'!$A$2:$A$200,0))="","",INDEX('Test catalog'!$N$2:$N$200,MATCH($AB9,'Test catalog'!$A$2:$A$200,0))),"") | W9: Y | AA9: =IFERROR(IF(INDEX('Test catalog'!$O$2:$O$200,MATCH($AB9,'Test catalog'!$A$2:$A$200,0))="","",INDEX('Test catalog'!$O$2:$O$200,MATCH($AB9,'Test catalog'!$A$2:$A$200,0))),"") | AB9: HARD
A10: F01 | B10: FP | C10: Ezetimibe-Rosuvastatin 10-10; Ezetimibe-Rosuvastatin 10-20; Ezetimibe-Rosuvastatin 10-40 | Ezetimibe, Rosuvastatin Calcium | D10: Friability | E10: =IF(A10="","",A10&"|"&D10) | F10: Y | G10: Other / bench | H10: Low | I10: 1 | K10: =IFERROR(IF(INDEX('Test catalog'!$F$2:$F$200,MATCH($AB10,'Test catalog'!$A$2:$A$200,0))="","",INDEX('Test catalog'!$F$2:$F$200,MATCH($AB10,'Test catalog'!$A$2:$A$200,0))),"") | L10: =IFERROR(IF(INDEX('Test catalog'!$G$2:$G$200,MATCH($AB10,'Test catalog'!$A$2:$A$200,0))="","",INDEX('Test catalog'!$G$2:$G$200,MATCH($AB10,'Test catalog'!$A$2:$A$200,0))),"") | M10: =IFERROR(IF(INDEX('Test catalog'!$H$2:$H$200,MATCH($AB10,'Test catalog'!$A$2:$A$200,0))="","",INDEX('Test catalog'!$H$2:$H$200,MATCH($AB10,'Test catalog'!$A$2:$A$200,0))),"") | N10: =IFERROR(IF(INDEX('Test catalog'!$I$2:$I$200,MATCH($AB10,'Test catalog'!$A$2:$A$200,0))="","",INDEX('Test catalog'!$I$2:$I$200,MATCH($AB10,'Test catalog'!$A$2:$A$200,0))),"") | O10: =IFERROR(IF(INDEX('Test catalog'!$J$2:$J$200,MATCH($AB10,'Test catalog'!$A$2:$A$200,0))="","",INDEX('Test catalog'!$J$2:$J$200,MATCH($AB10,'Test catalog'!$A$2:$A$200,0))),"") | P10: =IF(N10="","",IF(OR(M10="",O10=""),N10,(M10+4*N10+O10)/6)) | Q10: =IFERROR(IF(INDEX('Test catalog'!$K$2:$K$200,MATCH($AB10,'Test catalog'!$A$2:$A$200,0))="","",INDEX('Test catalog'!$K$2:$K$200,MATCH($AB10,'Test catalog'!$A$2:$A$200,0))),"") | S10: =IFERROR(IF(INDEX('Test catalog'!$L$2:$L$200,MATCH($AB10,'Test catalog'!$A$2:$A$200,0))="","",INDEX('Test catalog'!$L$2:$L$200,MATCH($AB10,'Test catalog'!$A$2:$A$200,0))),"") | T10: =IFERROR(IF(INDEX('Test catalog'!$M$2:$M$200,MATCH($AB10,'Test catalog'!$A$2:$A$200,0))="","",INDEX('Test catalog'!$M$2:$M$200,MATCH($AB10,'Test catalog'!$A$2:$A$200,0))),"") | U10: =IFERROR(IF(INDEX('Test catalog'!$N$2:$N$200,MATCH($AB10,'Test catalog'!$A$2:$A$200,0))="","",INDEX('Test catalog'!$N$2:$N$200,MATCH($AB10,'Test catalog'!$A$2:$A$200,0))),"") | W10: N | AA10: =IFERROR(IF(INDEX('Test catalog'!$O$2:$O$200,MATCH($AB10,'Test catalog'!$A$2:$A$200,0))="","",INDEX('Test catalog'!$O$2:$O$200,MATCH($AB10,'Test catalog'!$A$2:$A$200,0))),"") | AB10: FRIAB
A11: F01 | B11: FP | C11: Ezetimibe-Rosuvastatin 10-10; Ezetimibe-Rosuvastatin 10-20; Ezetimibe-Rosuvastatin 10-40 | Ezetimibe, Rosuvastatin Calcium | D11: Disintegration | E11: =IF(A11="","",A11&"|"&D11) | F11: Y | G11: Other / bench | H11: Low | I11: 1 | K11: =IFERROR(IF(INDEX('Test catalog'!$F$2:$F$200,MATCH($AB11,'Test catalog'!$A$2:$A$200,0))="","",INDEX('Test catalog'!$F$2:$F$200,MATCH($AB11,'Test catalog'!$A$2:$A$200,0))),"") | L11: =IFERROR(IF(INDEX('Test catalog'!$G$2:$G$200,MATCH($AB11,'Test catalog'!$A$2:$A$200,0))="","",INDEX('Test catalog'!$G$2:$G$200,MATCH($AB11,'Test catalog'!$A$2:$A$200,0))),"") | M11: =IFERROR(IF(INDEX('Test catalog'!$H$2:$H$200,MATCH($AB11,'Test catalog'!$A$2:$A$200,0))="","",INDEX('Test catalog'!$H$2:$H$200,MATCH($AB11,'Test catalog'!$A$2:$A$200,0))),"") | N11: =IFERROR(IF(INDEX('Test catalog'!$I$2:$I$200,MATCH($AB11,'Test catalog'!$A$2:$A$200,0))="","",INDEX('Test catalog'!$I$2:$I$200,MATCH($AB11,'Test catalog'!$A$2:$A$200,0))),"") | O11: =IFERROR(IF(INDEX('Test catalog'!$J$2:$J$200,MATCH($AB11,'Test catalog'!$A$2:$A$200,0))="","",INDEX('Test catalog'!$J$2:$J$200,MATCH($AB11,'Test catalog'!$A$2:$A$200,0))),"") | P11: =IF(N11="","",IF(OR(M11="",O11=""),N11,(M11+4*N11+O11)/6)) | Q11: =IFERROR(IF(INDEX('Test catalog'!$K$2:$K$200,MATCH($AB11,'Test catalog'!$A$2:$A$200,0))="","",INDEX('Test catalog'!$K$2:$K$200,MATCH($AB11,'Test catalog'!$A$2:$A$200,0))),"") | S11: =IFERROR(IF(INDEX('Test catalog'!$L$2:$L$200,MATCH($AB11,'Test catalog'!$A$2:$A$200,0))="","",INDEX('Test catalog'!$L$2:$L$200,MATCH($AB11,'Test catalog'!$A$2:$A$200,0))),"") | T11: =IFERROR(IF(INDEX('Test catalog'!$M$2:$M$200,MATCH($AB11,'Test catalog'!$A$2:$A$200,0))="","",INDEX('Test catalog'!$M$2:$M$200,MATCH($AB11,'Test catalog'!$A$2:$A$200,0))),"") | U11: =IFERROR(IF(INDEX('Test catalog'!$N$2:$N$200,MATCH($AB11,'Test catalog'!$A$2:$A$200,0))="","",INDEX('Test catalog'!$N$2:$N$200,MATCH($AB11,'Test catalog'!$A$2:$A$200,0))),"") | W11: Y | AA11: =IFERROR(IF(INDEX('Test catalog'!$O$2:$O$200,MATCH($AB11,'Test catalog'!$A$2:$A$200,0))="","",INDEX('Test catalog'!$O$2:$O$200,MATCH($AB11,'Test catalog'!$A$2:$A$200,0))),"") | AB11: DISINT
A12: F01 | B12: FP | C12: Ezetimibe-Rosuvastatin 10-10; Ezetimibe-Rosuvastatin 10-20; Ezetimibe-Rosuvastatin 10-40 | Ezetimibe, Rosuvastatin Calcium | D12: Water content - KF (or LOD if that is what you run) | E12: =IF(A12="","",A12&"|"&D12) | F12: Y | G12: KF titrator | H12: Low | I12: 1 | K12: =IFERROR(IF(INDEX('Test catalog'!$F$2:$F$200,MATCH($AB12,'Test catalog'!$A$2:$A$200,0))="","",INDEX('Test catalog'!$F$2:$F$200,MATCH($AB12,'Test catalog'!$A$2:$A$200,0))),"") | L12: =IFERROR(IF(INDEX('Test catalog'!$G$2:$G$200,MATCH($AB12,'Test catalog'!$A$2:$A$200,0))="","",INDEX('Test catalog'!$G$2:$G$200,MATCH($AB12,'Test catalog'!$A$2:$A$200,0))),"") | M12: =IFERROR(IF(INDEX('Test catalog'!$H$2:$H$200,MATCH($AB12,'Test catalog'!$A$2:$A$200,0))="","",INDEX('Test catalog'!$H$2:$H$200,MATCH($AB12,'Test catalog'!$A$2:$A$200,0))),"") | N12: =IFERROR(IF(INDEX('Test catalog'!$I$2:$I$200,MATCH($AB12,'Test catalog'!$A$2:$A$200,0))="","",INDEX('Test catalog'!$I$2:$I$200,MATCH($AB12,'Test catalog'!$A$2:$A$200,0))),"") | O12: =IFERROR(IF(INDEX('Test catalog'!$J$2:$J$200,MATCH($AB12,'Test catalog'!$A$2:$A$200,0))="","",INDEX('Test catalog'!$J$2:$J$200,MATCH($AB12,'Test catalog'!$A$2:$A$200,0))),"") | P12: =IF(N12="","",IF(OR(M12="",O12=""),N12,(M12+4*N12+O12)/6)) | Q12: =IFERROR(IF(INDEX('Test catalog'!$K$2:$K$200,MATCH($AB12,'Test catalog'!$A$2:$A$200,0))="","",INDEX('Test catalog'!$K$2:$K$200,MATCH($AB12,'Test catalog'!$A$2:$A$200,0))),"") | S12: =IFERROR(IF(INDEX('Test catalog'!$L$2:$L$200,MATCH($AB12,'Test catalog'!$A$2:$A$200,0))="","",INDEX('Test catalog'!$L$2:$L$200,MATCH($AB12,'Test catalog'!$A$2:$A$200,0))),"") | T12: =IFERROR(IF(INDEX('Test catalog'!$M$2:$M$200,MATCH($AB12,'Test catalog'!$A$2:$A$200,0))="","",INDEX('Test catalog'!$M$2:$M$200,MATCH($AB12,'Test catalog'!$A$2:$A$200,0))),"") | U12: =IFERROR(IF(INDEX('Test catalog'!$N$2:$N$200,MATCH($AB12,'Test catalog'!$A$2:$A$200,0))="","",INDEX('Test catalog'!$N$2:$N$200,MATCH($AB12,'Test catalog'!$A$2:$A$200,0))),"") | W12: Y | AA12: =IFERROR(IF(INDEX('Test catalog'!$O$2:$O$200,MATCH($AB12,'Test catalog'!$A$2:$A$200,0))="","",INDEX('Test catalog'!$O$2:$O$200,MATCH($AB12,'Test catalog'!$A$2:$A$200,0))),"") | AB12: WATER
A13: F02 | B13: FP | C13: Resmitrom (Resffera) 60; Resmitrom (Resffera) 80; Resmitrom (Resffera) 100 | Resmetirom | D13: Assay | E13: =IF(A13="","",A13&"|"&D13) | F13: Y | G13: HPLC | H13: Low | I13: 1 | P13: =IF(N13="","",IF(OR(M13="",O13=""),N13,(M13+4*N13+O13)/6)) | W13: Y
A14: F02 | B14: FP | C14: Resmitrom (Resffera) 60; Resmitrom (Resffera) 80; Resmitrom (Resffera) 100 | Resmetirom | D14: Related substances / impurities | E14: =IF(A14="","",A14&"|"&D14) | F14: Y | G14: HPLC | H14: Low | I14: 1 | P14: =IF(N14="","",IF(OR(M14="",O14=""),N14,(M14+4*N14+O14)/6)) | W14: Y
A15: F02 | B15: FP | C15: Resmitrom (Resffera) 60; Resmitrom (Resffera) 80; Resmitrom (Resffera) 100 | Resmetirom | D15: Dissolution | E15: =IF(A15="","",A15&"|"&D15) | F15: Y | G15: HPLC | H15: Low | I15: 1 | P15: =IF(N15="","",IF(OR(M15="",O15=""),N15,(M15+4*N15+O15)/6)) | W15: Y
A16: F02 | B16: FP | C16: Resmitrom (Resffera) 60; Resmitrom (Resffera) 80; Resmitrom (Resffera) 100 | Resmetirom | D16: Content uniformity | E16: =IF(A16="","",A16&"|"&D16) | F16: Y | G16: HPLC | H16: Low | I16: 1 | P16: =IF(N16="","",IF(OR(M16="",O16=""),N16,(M16+4*N16+O16)/6)) | W16: N
A17: F02 | B17: FP | C17: Resmitrom (Resffera) 60; Resmitrom (Resffera) 80; Resmitrom (Resffera) 100 | Resmetirom | D17: Identification (if separate from assay) | E17: =IF(A17="","",A17&"|"&D17) | F17: N | G17: HPLC | H17: Low | I17: 1 | P17: =IF(N17="","",IF(OR(M17="",O17=""),N17,(M17+4*N17+O17)/6)) | W17: N
A18: F02 | B18: FP | C18: Resmitrom (Resffera) 60; Resmitrom (Resffera) 80; Resmitrom (Resffera) 100 | Resmetirom | D18: Appearance / description | E18: =IF(A18="","",A18&"|"&D18) | F18: Y | G18: Other / bench | H18: Low | I18: 1 | K18: =IFERROR(IF(INDEX('Test catalog'!$F$2:$F$200,MATCH($AB18,'Test catalog'!$A$2:$A$200,0))="","",INDEX('Test catalog'!$F$2:$F$200,MATCH($AB18,'Test catalog'!$A$2:$A$200,0))),"") | L18: =IFERROR(IF(INDEX('Test catalog'!$G$2:$G$200,MATCH($AB18,'Test catalog'!$A$2:$A$200,0))="","",INDEX('Test catalog'!$G$2:$G$200,MATCH($AB18,'Test catalog'!$A$2:$A$200,0))),"") | M18: =IFERROR(IF(INDEX('Test catalog'!$H$2:$H$200,MATCH($AB18,'Test catalog'!$A$2:$A$200,0))="","",INDEX('Test catalog'!$H$2:$H$200,MATCH($AB18,'Test catalog'!$A$2:$A$200,0))),"") | N18: =IFERROR(IF(INDEX('Test catalog'!$I$2:$I$200,MATCH($AB18,'Test catalog'!$A$2:$A$200,0))="","",INDEX('Test catalog'!$I$2:$I$200,MATCH($AB18,'Test catalog'!$A$2:$A$200,0))),"") | O18: =IFERROR(IF(INDEX('Test catalog'!$J$2:$J$200,MATCH($AB18,'Test catalog'!$A$2:$A$200,0))="","",INDEX('Test catalog'!$J$2:$J$200,MATCH($AB18,'Test catalog'!$A$2:$A$200,0))),"") | P18: =IF(N18="","",IF(OR(M18="",O18=""),N18,(M18+4*N18+O18)/6)) | Q18: =IFERROR(IF(INDEX('Test catalog'!$K$2:$K$200,MATCH($AB18,'Test catalog'!$A$2:$A$200,0))="","",INDEX('Test catalog'!$K$2:$K$200,MATCH($AB18,'Test catalog'!$A$2:$A$200,0))),"") | S18: =IFERROR(IF(INDEX('Test catalog'!$L$2:$L$200,MATCH($AB18,'Test catalog'!$A$2:$A$200,0))="","",INDEX('Test catalog'!$L$2:$L$200,MATCH($AB18,'Test catalog'!$A$2:$A$200,0))),"") | T18: =IFERROR(IF(INDEX('Test catalog'!$M$2:$M$200,MATCH($AB18,'Test catalog'!$A$2:$A$200,0))="","",INDEX('Test catalog'!$M$2:$M$200,MATCH($AB18,'Test catalog'!$A$2:$A$200,0))),"") | U18: =IFERROR(IF(INDEX('Test catalog'!$N$2:$N$200,MATCH($AB18,'Test catalog'!$A$2:$A$200,0))="","",INDEX('Test catalog'!$N$2:$N$200,MATCH($AB18,'Test catalog'!$A$2:$A$200,0))),"") | W18: Y | AA18: =IFERROR(IF(INDEX('Test catalog'!$O$2:$O$200,MATCH($AB18,'Test catalog'!$A$2:$A$200,0))="","",INDEX('Test catalog'!$O$2:$O$200,MATCH($AB18,'Test catalog'!$A$2:$A$200,0))),"") | AB18: APPEAR
A19: F02 | B19: FP | C19: Resmitrom (Resffera) 60; Resmitrom (Resffera) 80; Resmitrom (Resffera) 100 | Resmetirom | D19: Average weight / uniformity of mass | E19: =IF(A19="","",A19&"|"&D19) | F19: Y | G19: Other / bench | H19: Low | I19: 1 | K19: =IFERROR(IF(INDEX('Test catalog'!$F$2:$F$200,MATCH($AB19,'Test catalog'!$A$2:$A$200,0))="","",INDEX('Test catalog'!$F$2:$F$200,MATCH($AB19,'Test catalog'!$A$2:$A$200,0))),"") | L19: =IFERROR(IF(INDEX('Test catalog'!$G$2:$G$200,MATCH($AB19,'Test catalog'!$A$2:$A$200,0))="","",INDEX('Test catalog'!$G$2:$G$200,MATCH($AB19,'Test catalog'!$A$2:$A$200,0))),"") | M19: =IFERROR(IF(INDEX('Test catalog'!$H$2:$H$200,MATCH($AB19,'Test catalog'!$A$2:$A$200,0))="","",INDEX('Test catalog'!$H$2:$H$200,MATCH($AB19,'Test catalog'!$A$2:$A$200,0))),"") | N19: =IFERROR(IF(INDEX('Test catalog'!$I$2:$I$200,MATCH($AB19,'Test catalog'!$A$2:$A$200,0))="","",INDEX('Test catalog'!$I$2:$I$200,MATCH($AB19,'Test catalog'!$A$2:$A$200,0))),"") | O19: =IFERROR(IF(INDEX('Test catalog'!$J$2:$J$200,MATCH($AB19,'Test catalog'!$A$2:$A$200,0))="","",INDEX('Test catalog'!$J$2:$J$200,MATCH($AB19,'Test catalog'!$A$2:$A$200,0))),"") | P19: =IF(N19="","",IF(OR(M19="",O19=""),N19,(M19+4*N19+O19)/6)) | Q19: =IFERROR(IF(INDEX('Test catalog'!$K$2:$K$200,MATCH($AB19,'Test catalog'!$A$2:$A$200,0))="","",INDEX('Test catalog'!$K$2:$K$200,MATCH($AB19,'Test catalog'!$A$2:$A$200,0))),"") | S19: =IFERROR(IF(INDEX('Test catalog'!$L$2:$L$200,MATCH($AB19,'Test catalog'!$A$2:$A$200,0))="","",INDEX('Test catalog'!$L$2:$L$200,MATCH($AB19,'Test catalog'!$A$2:$A$200,0))),"") | T19: =IFERROR(IF(INDEX('Test catalog'!$M$2:$M$200,MATCH($AB19,'Test catalog'!$A$2:$A$200,0))="","",INDEX('Test catalog'!$M$2:$M$200,MATCH($AB19,'Test catalog'!$A$2:$A$200,0))),"") | U19: =IFERROR(IF(INDEX('Test catalog'!$N$2:$N$200,MATCH($AB19,'Test catalog'!$A$2:$A$200,0))="","",INDEX('Test catalog'!$N$2:$N$200,MATCH($AB19,'Test catalog'!$A$2:$A$200,0))),"") | W19: N | AA19: =IFERROR(IF(INDEX('Test catalog'!$O$2:$O$200,MATCH($AB19,'Test catalog'!$A$2:$A$200,0))="","",INDEX('Test catalog'!$O$2:$O$200,MATCH($AB19,'Test catalog'!$A$2:$A$200,0))),"") | AB19: AVG_WT
A20: F02 | B20: FP | C20: Resmitrom (Resffera) 60; Resmitrom (Resffera) 80; Resmitrom (Resffera) 100 | Resmetirom | D20: Hardness (with thickness / diameter) | E20: =IF(A20="","",A20&"|"&D20) | F20: Y | G20: Other / bench | H20: Low | I20: 1 | K20: =IFERROR(IF(INDEX('Test catalog'!$F$2:$F$200,MATCH($AB20,'Test catalog'!$A$2:$A$200,0))="","",INDEX('Test catalog'!$F$2:$F$200,MATCH($AB20,'Test catalog'!$A$2:$A$200,0))),"") | L20: =IFERROR(IF(INDEX('Test catalog'!$G$2:$G$200,MATCH($AB20,'Test catalog'!$A$2:$A$200,0))="","",INDEX('Test catalog'!$G$2:$G$200,MATCH($AB20,'Test catalog'!$A$2:$A$200,0))),"") | M20: =IFERROR(IF(INDEX('Test catalog'!$H$2:$H$200,MATCH($AB20,'Test catalog'!$A$2:$A$200,0))="","",INDEX('Test catalog'!$H$2:$H$200,MATCH($AB20,'Test catalog'!$A$2:$A$200,0))),"") | N20: =IFERROR(IF(INDEX('Test catalog'!$I$2:$I$200,MATCH($AB20,'Test catalog'!$A$2:$A$200,0))="","",INDEX('Test catalog'!$I$2:$I$200,MATCH($AB20,'Test catalog'!$A$2:$A$200,0))),"") | O20: =IFERROR(IF(INDEX('Test catalog'!$J$2:$J$200,MATCH($AB20,'Test catalog'!$A$2:$A$200,0))="","",INDEX('Test catalog'!$J$2:$J$200,MATCH($AB20,'Test catalog'!$A$2:$A$200,0))),"") | P20: =IF(N20="","",IF(OR(M20="",O20=""),N20,(M20+4*N20+O20)/6)) | Q20: =IFERROR(IF(INDEX('Test catalog'!$K$2:$K$200,MATCH($AB20,'Test catalog'!$A$2:$A$200,0))="","",INDEX('Test catalog'!$K$2:$K$200,MATCH($AB20,'Test catalog'!$A$2:$A$200,0))),"") | S20: =IFERROR(IF(INDEX('Test catalog'!$L$2:$L$200,MATCH($AB20,'Test catalog'!$A$2:$A$200,0))="","",INDEX('Test catalog'!$L$2:$L$200,MATCH($AB20,'Test catalog'!$A$2:$A$200,0))),"") | T20: =IFERROR(IF(INDEX('Test catalog'!$M$2:$M$200,MATCH($AB20,'Test catalog'!$A$2:$A$200,0))="","",INDEX('Test catalog'!$M$2:$M$200,MATCH($AB20,'Test catalog'!$A$2:$A$200,0))),"") | U20: =IFERROR(IF(INDEX('Test catalog'!$N$2:$N$200,MATCH($AB20,'Test catalog'!$A$2:$A$200,0))="","",INDEX('Test catalog'!$N$2:$N$200,MATCH($AB20,'Test catalog'!$A$2:$A$200,0))),"") | W20: Y | AA20: =IFERROR(IF(INDEX('Test catalog'!$O$2:$O$200,MATCH($AB20,'Test catalog'!$A$2:$A$200,0))="","",INDEX('Test catalog'!$O$2:$O$200,MATCH($AB20,'Test catalog'!$A$2:$A$200,0))),"") | AB20: HARD
A21: F02 | B21: FP | C21: Resmitrom (Resffera) 60; Resmitrom (Resffera) 80; Resmitrom (Resffera) 100 | Resmetirom | D21: Friability | E21: =IF(A21="","",A21&"|"&D21) | F21: Y | G21: Other / bench | H21: Low | I21: 1 | K21: =IFERROR(IF(INDEX('Test catalog'!$F$2:$F$200,MATCH($AB21,'Test catalog'!$A$2:$A$200,0))="","",INDEX('Test catalog'!$F$2:$F$200,MATCH($AB21,'Test catalog'!$A$2:$A$200,0))),"") | L21: =IFERROR(IF(INDEX('Test catalog'!$G$2:$G$200,MATCH($AB21,'Test catalog'!$A$2:$A$200,0))="","",INDEX('Test catalog'!$G$2:$G$200,MATCH($AB21,'Test catalog'!$A$2:$A$200,0))),"") | M21: =IFERROR(IF(INDEX('Test catalog'!$H$2:$H$200,MATCH($AB21,'Test catalog'!$A$2:$A$200,0))="","",INDEX('Test catalog'!$H$2:$H$200,MATCH($AB21,'Test catalog'!$A$2:$A$200,0))),"") | N21: =IFERROR(IF(INDEX('Test catalog'!$I$2:$I$200,MATCH($AB21,'Test catalog'!$A$2:$A$200,0))="","",INDEX('Test catalog'!$I$2:$I$200,MATCH($AB21,'Test catalog'!$A$2:$A$200,0))),"") | O21: =IFERROR(IF(INDEX('Test catalog'!$J$2:$J$200,MATCH($AB21,'Test catalog'!$A$2:$A$200,0))="","",INDEX('Test catalog'!$J$2:$J$200,MATCH($AB21,'Test catalog'!$A$2:$A$200,0))),"") | P21: =IF(N21="","",IF(OR(M21="",O21=""),N21,(M21+4*N21+O21)/6)) | Q21: =IFERROR(IF(INDEX('Test catalog'!$K$2:$K$200,MATCH($AB21,'Test catalog'!$A$2:$A$200,0))="","",INDEX('Test catalog'!$K$2:$K$200,MATCH($AB21,'Test catalog'!$A$2:$A$200,0))),"") | S21: =IFERROR(IF(INDEX('Test catalog'!$L$2:$L$200,MATCH($AB21,'Test catalog'!$A$2:$A$200,0))="","",INDEX('Test catalog'!$L$2:$L$200,MATCH($AB21,'Test catalog'!$A$2:$A$200,0))),"") | T21: =IFERROR(IF(INDEX('Test catalog'!$M$2:$M$200,MATCH($AB21,'Test catalog'!$A$2:$A$200,0))="","",INDEX('Test catalog'!$M$2:$M$200,MATCH($AB21,'Test catalog'!$A$2:$A$200,0))),"") | U21: =IFERROR(IF(INDEX('Test catalog'!$N$2:$N$200,MATCH($AB21,'Test catalog'!$A$2:$A$200,0))="","",INDEX('Test catalog'!$N$2:$N$200,MATCH($AB21,'Test catalog'!$A$2:$A$200,0))),"") | W21: N | AA21: =IFERROR(IF(INDEX('Test catalog'!$O$2:$O$200,MATCH($AB21,'Test catalog'!$A$2:$A$200,0))="","",INDEX('Test catalog'!$O$2:$O$200,MATCH($AB21,'Test catalog'!$A$2:$A$200,0))),"") | AB21: FRIAB
A22: F02 | B22: FP | C22: Resmitrom (Resffera) 60; Resmitrom (Resffera) 80; Resmitrom (Resffera) 100 | Resmetirom | D22: Disintegration | E22: =IF(A22="","",A22&"|"&D22) | F22: Y | G22: Other / bench | H22: Low | I22: 1 | K22: =IFERROR(IF(INDEX('Test catalog'!$F$2:$F$200,MATCH($AB22,'Test catalog'!$A$2:$A$200,0))="","",INDEX('Test catalog'!$F$2:$F$200,MATCH($AB22,'Test catalog'!$A$2:$A$200,0))),"") | L22: =IFERROR(IF(INDEX('Test catalog'!$G$2:$G$200,MATCH($AB22,'Test catalog'!$A$2:$A$200,0))="","",INDEX('Test catalog'!$G$2:$G$200,MATCH($AB22,'Test catalog'!$A$2:$A$200,0))),"") | M22: =IFERROR(IF(INDEX('Test catalog'!$H$2:$H$200,MATCH($AB22,'Test catalog'!$A$2:$A$200,0))="","",INDEX('Test catalog'!$H$2:$H$200,MATCH($AB22,'Test catalog'!$A$2:$A$200,0))),"") | N22: =IFERROR(IF(INDEX('Test catalog'!$I$2:$I$200,MATCH($AB22,'Test catalog'!$A$2:$A$200,0))="","",INDEX('Test catalog'!$I$2:$I$200,MATCH($AB22,'Test catalog'!$A$2:$A$200,0))),"") | O22: =IFERROR(IF(INDEX('Test catalog'!$J$2:$J$200,MATCH($AB22,'Test catalog'!$A$2:$A$200,0))="","",INDEX('Test catalog'!$J$2:$J$200,MATCH($AB22,'Test catalog'!$A$2:$A$200,0))),"") | P22: =IF(N22="","",IF(OR(M22="",O22=""),N22,(M22+4*N22+O22)/6)) | Q22: =IFERROR(IF(INDEX('Test catalog'!$K$2:$K$200,MATCH($AB22,'Test catalog'!$A$2:$A$200,0))="","",INDEX('Test catalog'!$K$2:$K$200,MATCH($AB22,'Test catalog'!$A$2:$A$200,0))),"") | S22: =IFERROR(IF(INDEX('Test catalog'!$L$2:$L$200,MATCH($AB22,'Test catalog'!$A$2:$A$200,0))="","",INDEX('Test catalog'!$L$2:$L$200,MATCH($AB22,'Test catalog'!$A$2:$A$200,0))),"") | T22: =IFERROR(IF(INDEX('Test catalog'!$M$2:$M$200,MATCH($AB22,'Test catalog'!$A$2:$A$200,0))="","",INDEX('Test catalog'!$M$2:$M$200,MATCH($AB22,'Test catalog'!$A$2:$A$200,0))),"") | U22: =IFERROR(IF(INDEX('Test catalog'!$N$2:$N$200,MATCH($AB22,'Test catalog'!$A$2:$A$200,0))="","",INDEX('Test catalog'!$N$2:$N$200,MATCH($AB22,'Test catalog'!$A$2:$A$200,0))),"") | W22: Y | AA22: =IFERROR(IF(INDEX('Test catalog'!$O$2:$O$200,MATCH($AB22,'Test catalog'!$A$2:$A$200,0))="","",INDEX('Test catalog'!$O$2:$O$200,MATCH($AB22,'Test catalog'!$A$2:$A$200,0))),"") | AB22: DISINT
A23: F02 | B23: FP | C23: Resmitrom (Resffera) 60; Resmitrom (Resffera) 80; Resmitrom (Resffera) 100 | Resmetirom | D23: Water content - KF (or LOD if that is what you run) | E23: =IF(A23="","",A23&"|"&D23) | F23: Y | G23: KF titrator | H23: Low | I23: 1 | K23: =IFERROR(IF(INDEX('Test catalog'!$F$2:$F$200,MATCH($AB23,'Test catalog'!$A$2:$A$200,0))="","",INDEX('Test catalog'!$F$2:$F$200,MATCH($AB23,'Test catalog'!$A$2:$A$200,0))),"") | L23: =IFERROR(IF(INDEX('Test catalog'!$G$2:$G$200,MATCH($AB23,'Test catalog'!$A$2:$A$200,0))="","",INDEX('Test catalog'!$G$2:$G$200,MATCH($AB23,'Test catalog'!$A$2:$A$200,0))),"") | M23: =IFERROR(IF(INDEX('Test catalog'!$H$2:$H$200,MATCH($AB23,'Test catalog'!$A$2:$A$200,0))="","",INDEX('Test catalog'!$H$2:$H$200,MATCH($AB23,'Test catalog'!$A$2:$A$200,0))),"") | N23: =IFERROR(IF(INDEX('Test catalog'!$I$2:$I$200,MATCH($AB23,'Test catalog'!$A$2:$A$200,0))="","",INDEX('Test catalog'!$I$2:$I$200,MATCH($AB23,'Test catalog'!$A$2:$A$200,0))),"") | O23: =IFERROR(IF(INDEX('Test catalog'!$J$2:$J$200,MATCH($AB23,'Test catalog'!$A$2:$A$200,0))="","",INDEX('Test catalog'!$J$2:$J$200,MATCH($AB23,'Test catalog'!$A$2:$A$200,0))),"") | P23: =IF(N23="","",IF(OR(M23="",O23=""),N23,(M23+4*N23+O23)/6)) | Q23: =IFERROR(IF(INDEX('Test catalog'!$K$2:$K$200,MATCH($AB23,'Test catalog'!$A$2:$A$200,0))="","",INDEX('Test catalog'!$K$2:$K$200,MATCH($AB23,'Test catalog'!$A$2:$A$200,0))),"") | S23: =IFERROR(IF(INDEX('Test catalog'!$L$2:$L$200,MATCH($AB23,'Test catalog'!$A$2:$A$200,0))="","",INDEX('Test catalog'!$L$2:$L$200,MATCH($AB23,'Test catalog'!$A$2:$A$200,0))),"") | T23: =IFERROR(IF(INDEX('Test catalog'!$M$2:$M$200,MATCH($AB23,'Test catalog'!$A$2:$A$200,0))="","",INDEX('Test catalog'!$M$2:$M$200,MATCH($AB23,'Test catalog'!$A$2:$A$200,0))),"") | U23: =IFERROR(IF(INDEX('Test catalog'!$N$2:$N$200,MATCH($AB23,'Test catalog'!$A$2:$A$200,0))="","",INDEX('Test catalog'!$N$2:$N$200,MATCH($AB23,'Test catalog'!$A$2:$A$200,0))),"") | W23: Y | AA23: =IFERROR(IF(INDEX('Test catalog'!$O$2:$O$200,MATCH($AB23,'Test catalog'!$A$2:$A$200,0))="","",INDEX('Test catalog'!$O$2:$O$200,MATCH($AB23,'Test catalog'!$A$2:$A$200,0))),"") | AB23: WATER
A24: F03 | B24: FP | C24: Finerodyd 10; Finerodyd 20 | Finerenone | D24: Assay | E24: =IF(A24="","",A24&"|"&D24) | F24: Y | G24: HPLC | H24: Low | I24: 1 | P24: =IF(N24="","",IF(OR(M24="",O24=""),N24,(M24+4*N24+O24)/6)) | W24: Y
A25: F03 | B25: FP | C25: Finerodyd 10; Finerodyd 20 | Finerenone | D25: Related substances / impurities | E25: =IF(A25="","",A25&"|"&D25) | F25: Y | G25: HPLC | H25: Low | I25: 1 | P25: =IF(N25="","",IF(OR(M25="",O25=""),N25,(M25+4*N25+O25)/6)) | W25: Y
A26: F03 | B26: FP | C26: Finerodyd 10; Finerodyd 20 | Finerenone | D26: Dissolution | E26: =IF(A26="","",A26&"|"&D26) | F26: Y | G26: HPLC | H26: Low | I26: 1 | P26: =IF(N26="","",IF(OR(M26="",O26=""),N26,(M26+4*N26+O26)/6)) | W26: Y
A27: F03 | B27: FP | C27: Finerodyd 10; Finerodyd 20 | Finerenone | D27: Content uniformity | E27: =IF(A27="","",A27&"|"&D27) | F27: Y | G27: HPLC | H27: Low | I27: 1 | P27: =IF(N27="","",IF(OR(M27="",O27=""),N27,(M27+4*N27+O27)/6)) | W27: N
A28: F03 | B28: FP | C28: Finerodyd 10; Finerodyd 20 | Finerenone | D28: Identification (if separate from assay) | E28: =IF(A28="","",A28&"|"&D28) | F28: N | G28: HPLC | H28: Low | I28: 1 | P28: =IF(N28="","",IF(OR(M28="",O28=""),N28,(M28+4*N28+O28)/6)) | W28: N
A29: F03 | B29: FP | C29: Finerodyd 10; Finerodyd 20 | Finerenone | D29: Appearance / description | E29: =IF(A29="","",A29&"|"&D29) | F29: Y | G29: Other / bench | H29: Low | I29: 1 | K29: =IFERROR(IF(INDEX('Test catalog'!$F$2:$F$200,MATCH($AB29,'Test catalog'!$A$2:$A$200,0))="","",INDEX('Test catalog'!$F$2:$F$200,MATCH($AB29,'Test catalog'!$A$2:$A$200,0))),"") | L29: =IFERROR(IF(INDEX('Test catalog'!$G$2:$G$200,MATCH($AB29,'Test catalog'!$A$2:$A$200,0))="","",INDEX('Test catalog'!$G$2:$G$200,MATCH($AB29,'Test catalog'!$A$2:$A$200,0))),"") | M29: =IFERROR(IF(INDEX('Test catalog'!$H$2:$H$200,MATCH($AB29,'Test catalog'!$A$2:$A$200,0))="","",INDEX('Test catalog'!$H$2:$H$200,MATCH($AB29,'Test catalog'!$A$2:$A$200,0))),"") | N29: =IFERROR(IF(INDEX('Test catalog'!$I$2:$I$200,MATCH($AB29,'Test catalog'!$A$2:$A$200,0))="","",INDEX('Test catalog'!$I$2:$I$200,MATCH($AB29,'Test catalog'!$A$2:$A$200,0))),"") | O29: =IFERROR(IF(INDEX('Test catalog'!$J$2:$J$200,MATCH($AB29,'Test catalog'!$A$2:$A$200,0))="","",INDEX('Test catalog'!$J$2:$J$200,MATCH($AB29,'Test catalog'!$A$2:$A$200,0))),"") | P29: =IF(N29="","",IF(OR(M29="",O29=""),N29,(M29+4*N29+O29)/6)) | Q29: =IFERROR(IF(INDEX('Test catalog'!$K$2:$K$200,MATCH($AB29,'Test catalog'!$A$2:$A$200,0))="","",INDEX('Test catalog'!$K$2:$K$200,MATCH($AB29,'Test catalog'!$A$2:$A$200,0))),"") | S29: =IFERROR(IF(INDEX('Test catalog'!$L$2:$L$200,MATCH($AB29,'Test catalog'!$A$2:$A$200,0))="","",INDEX('Test catalog'!$L$2:$L$200,MATCH($AB29,'Test catalog'!$A$2:$A$200,0))),"") | T29: =IFERROR(IF(INDEX('Test catalog'!$M$2:$M$200,MATCH($AB29,'Test catalog'!$A$2:$A$200,0))="","",INDEX('Test catalog'!$M$2:$M$200,MATCH($AB29,'Test catalog'!$A$2:$A$200,0))),"") | U29: =IFERROR(IF(INDEX('Test catalog'!$N$2:$N$200,MATCH($AB29,'Test catalog'!$A$2:$A$200,0))="","",INDEX('Test catalog'!$N$2:$N$200,MATCH($AB29,'Test catalog'!$A$2:$A$200,0))),"") | W29: Y | AA29: =IFERROR(IF(INDEX('Test catalog'!$O$2:$O$200,MATCH($AB29,'Test catalog'!$A$2:$A$200,0))="","",INDEX('Test catalog'!$O$2:$O$200,MATCH($AB29,'Test catalog'!$A$2:$A$200,0))),"") | AB29: APPEAR
A30: F03 | B30: FP | C30: Finerodyd 10; Finerodyd 20 | Finerenone | D30: Average weight / uniformity of mass | E30: =IF(A30="","",A30&"|"&D30) | F30: Y | G30: Other / bench | H30: Low | I30: 1 | K30: =IFERROR(IF(INDEX('Test catalog'!$F$2:$F$200,MATCH($AB30,'Test catalog'!$A$2:$A$200,0))="","",INDEX('Test catalog'!$F$2:$F$200,MATCH($AB30,'Test catalog'!$A$2:$A$200,0))),"") | L30: =IFERROR(IF(INDEX('Test catalog'!$G$2:$G$200,MATCH($AB30,'Test catalog'!$A$2:$A$200,0))="","",INDEX('Test catalog'!$G$2:$G$200,MATCH($AB30,'Test catalog'!$A$2:$A$200,0))),"") | M30: =IFERROR(IF(INDEX('Test catalog'!$H$2:$H$200,MATCH($AB30,'Test catalog'!$A$2:$A$200,0))="","",INDEX('Test catalog'!$H$2:$H$200,MATCH($AB30,'Test catalog'!$A$2:$A$200,0))),"") | N30: =IFERROR(IF(INDEX('Test catalog'!$I$2:$I$200,MATCH($AB30,'Test catalog'!$A$2:$A$200,0))="","",INDEX('Test catalog'!$I$2:$I$200,MATCH($AB30,'Test catalog'!$A$2:$A$200,0))),"") | O30: =IFERROR(IF(INDEX('Test catalog'!$J$2:$J$200,MATCH($AB30,'Test catalog'!$A$2:$A$200,0))="","",INDEX('Test catalog'!$J$2:$J$200,MATCH($AB30,'Test catalog'!$A$2:$A$200,0))),"") | P30: =IF(N30="","",IF(OR(M30="",O30=""),N30,(M30+4*N30+O30)/6)) | Q30: =IFERROR(IF(INDEX('Test catalog'!$K$2:$K$200,MATCH($AB30,'Test catalog'!$A$2:$A$200,0))="","",INDEX('Test catalog'!$K$2:$K$200,MATCH($AB30,'Test catalog'!$A$2:$A$200,0))),"") | S30: =IFERROR(IF(INDEX('Test catalog'!$L$2:$L$200,MATCH($AB30,'Test catalog'!$A$2:$A$200,0))="","",INDEX('Test catalog'!$L$2:$L$200,MATCH($AB30,'Test catalog'!$A$2:$A$200,0))),"") | T30: =IFERROR(IF(INDEX('Test catalog'!$M$2:$M$200,MATCH($AB30,'Test catalog'!$A$2:$A$200,0))="","",INDEX('Test catalog'!$M$2:$M$200,MATCH($AB30,'Test catalog'!$A$2:$A$200,0))),"") | U30: =IFERROR(IF(INDEX('Test catalog'!$N$2:$N$200,MATCH($AB30,'Test catalog'!$A$2:$A$200,0))="","",INDEX('Test catalog'!$N$2:$N$200,MATCH($AB30,'Test catalog'!$A$2:$A$200,0))),"") | W30: N | AA30: =IFERROR(IF(INDEX('Test catalog'!$O$2:$O$200,MATCH($AB30,'Test catalog'!$A$2:$A$200,0))="","",INDEX('Test catalog'!$O$2:$O$200,MATCH($AB30,'Test catalog'!$A$2:$A$200,0))),"") | AB30: AVG_WT
A31: F03 | B31: FP | C31: Finerodyd 10; Finerodyd 20 | Finerenone | D31: Hardness (with thickness / diameter) | E31: =IF(A31="","",A31&"|"&D31) | F31: Y | G31: Other / bench | H31: Low | I31: 1 | K31: =IFERROR(IF(INDEX('Test catalog'!$F$2:$F$200,MATCH($AB31,'Test catalog'!$A$2:$A$200,0))="","",INDEX('Test catalog'!$F$2:$F$200,MATCH($AB31,'Test catalog'!$A$2:$A$200,0))),"") | L31: =IFERROR(IF(INDEX('Test catalog'!$G$2:$G$200,MATCH($AB31,'Test catalog'!$A$2:$A$200,0))="","",INDEX('Test catalog'!$G$2:$G$200,MATCH($AB31,'Test catalog'!$A$2:$A$200,0))),"") | M31: =IFERROR(IF(INDEX('Test catalog'!$H$2:$H$200,MATCH($AB31,'Test catalog'!$A$2:$A$200,0))="","",INDEX('Test catalog'!$H$2:$H$200,MATCH($AB31,'Test catalog'!$A$2:$A$200,0))),"") | N31: =IFERROR(IF(INDEX('Test catalog'!$I$2:$I$200,MATCH($AB31,'Test catalog'!$A$2:$A$200,0))="","",INDEX('Test catalog'!$I$2:$I$200,MATCH($AB31,'Test catalog'!$A$2:$A$200,0))),"") | O31: =IFERROR(IF(INDEX('Test catalog'!$J$2:$J$200,MATCH($AB31,'Test catalog'!$A$2:$A$200,0))="","",INDEX('Test catalog'!$J$2:$J$200,MATCH($AB31,'Test catalog'!$A$2:$A$200,0))),"") | P31: =IF(N31="","",IF(OR(M31="",O31=""),N31,(M31+4*N31+O31)/6)) | Q31: =IFERROR(IF(INDEX('Test catalog'!$K$2:$K$200,MATCH($AB31,'Test catalog'!$A$2:$A$200,0))="","",INDEX('Test catalog'!$K$2:$K$200,MATCH($AB31,'Test catalog'!$A$2:$A$200,0))),"") | S31: =IFERROR(IF(INDEX('Test catalog'!$L$2:$L$200,MATCH($AB31,'Test catalog'!$A$2:$A$200,0))="","",INDEX('Test catalog'!$L$2:$L$200,MATCH($AB31,'Test catalog'!$A$2:$A$200,0))),"") | T31: =IFERROR(IF(INDEX('Test catalog'!$M$2:$M$200,MATCH($AB31,'Test catalog'!$A$2:$A$200,0))="","",INDEX('Test catalog'!$M$2:$M$200,MATCH($AB31,'Test catalog'!$A$2:$A$200,0))),"") | U31: =IFERROR(IF(INDEX('Test catalog'!$N$2:$N$200,MATCH($AB31,'Test catalog'!$A$2:$A$200,0))="","",INDEX('Test catalog'!$N$2:$N$200,MATCH($AB31,'Test catalog'!$A$2:$A$200,0))),"") | W31: Y | AA31: =IFERROR(IF(INDEX('Test catalog'!$O$2:$O$200,MATCH($AB31,'Test catalog'!$A$2:$A$200,0))="","",INDEX('Test catalog'!$O$2:$O$200,MATCH($AB31,'Test catalog'!$A$2:$A$200,0))),"") | AB31: HARD
A32: F03 | B32: FP | C32: Finerodyd 10; Finerodyd 20 | Finerenone | D32: Friability | E32: =IF(A32="","",A32&"|"&D32) | F32: Y | G32: Other / bench | H32: Low | I32: 1 | K32: =IFERROR(IF(INDEX('Test catalog'!$F$2:$F$200,MATCH($AB32,'Test catalog'!$A$2:$A$200,0))="","",INDEX('Test catalog'!$F$2:$F$200,MATCH($AB32,'Test catalog'!$A$2:$A$200,0))),"") | L32: =IFERROR(IF(INDEX('Test catalog'!$G$2:$G$200,MATCH($AB32,'Test catalog'!$A$2:$A$200,0))="","",INDEX('Test catalog'!$G$2:$G$200,MATCH($AB32,'Test catalog'!$A$2:$A$200,0))),"") | M32: =IFERROR(IF(INDEX('Test catalog'!$H$2:$H$200,MATCH($AB32,'Test catalog'!$A$2:$A$200,0))="","",INDEX('Test catalog'!$H$2:$H$200,MATCH($AB32,'Test catalog'!$A$2:$A$200,0))),"") | N32: =IFERROR(IF(INDEX('Test catalog'!$I$2:$I$200,MATCH($AB32,'Test catalog'!$A$2:$A$200,0))="","",INDEX('Test catalog'!$I$2:$I$200,MATCH($AB32,'Test catalog'!$A$2:$A$200,0))),"") | O32: =IFERROR(IF(INDEX('Test catalog'!$J$2:$J$200,MATCH($AB32,'Test catalog'!$A$2:$A$200,0))="","",INDEX('Test catalog'!$J$2:$J$200,MATCH($AB32,'Test catalog'!$A$2:$A$200,0))),"") | P32: =IF(N32="","",IF(OR(M32="",O32=""),N32,(M32+4*N32+O32)/6)) | Q32: =IFERROR(IF(INDEX('Test catalog'!$K$2:$K$200,MATCH($AB32,'Test catalog'!$A$2:$A$200,0))="","",INDEX('Test catalog'!$K$2:$K$200,MATCH($AB32,'Test catalog'!$A$2:$A$200,0))),"") | S32: =IFERROR(IF(INDEX('Test catalog'!$L$2:$L$200,MATCH($AB32,'Test catalog'!$A$2:$A$200,0))="","",INDEX('Test catalog'!$L$2:$L$200,MATCH($AB32,'Test catalog'!$A$2:$A$200,0))),"") | T32: =IFERROR(IF(INDEX('Test catalog'!$M$2:$M$200,MATCH($AB32,'Test catalog'!$A$2:$A$200,0))="","",INDEX('Test catalog'!$M$2:$M$200,MATCH($AB32,'Test catalog'!$A$2:$A$200,0))),"") | U32: =IFERROR(IF(INDEX('Test catalog'!$N$2:$N$200,MATCH($AB32,'Test catalog'!$A$2:$A$200,0))="","",INDEX('Test catalog'!$N$2:$N$200,MATCH($AB32,'Test catalog'!$A$2:$A$200,0))),"") | W32: N | AA32: =IFERROR(IF(INDEX('Test catalog'!$O$2:$O$200,MATCH($AB32,'Test catalog'!$A$2:$A$200,0))="","",INDEX('Test catalog'!$O$2:$O$200,MATCH($AB32,'Test catalog'!$A$2:$A$200,0))),"") | AB32: FRIAB
A33: F03 | B33: FP | C33: Finerodyd 10; Finerodyd 20 | Finerenone | D33: Disintegration | E33: =IF(A33="","",A33&"|"&D33) | F33: Y | G33: Other / bench | H33: Low | I33: 1 | K33: =IFERROR(IF(INDEX('Test catalog'!$F$2:$F$200,MATCH($AB33,'Test catalog'!$A$2:$A$200,0))="","",INDEX('Test catalog'!$F$2:$F$200,MATCH($AB33,'Test catalog'!$A$2:$A$200,0))),"") | L33: =IFERROR(IF(INDEX('Test catalog'!$G$2:$G$200,MATCH($AB33,'Test catalog'!$A$2:$A$200,0))="","",INDEX('Test catalog'!$G$2:$G$200,MATCH($AB33,'Test catalog'!$A$2:$A$200,0))),"") | M33: =IFERROR(IF(INDEX('Test catalog'!$H$2:$H$200,MATCH($AB33,'Test catalog'!$A$2:$A$200,0))="","",INDEX('Test catalog'!$H$2:$H$200,MATCH($AB33,'Test catalog'!$A$2:$A$200,0))),"") | N33: =IFERROR(IF(INDEX('Test catalog'!$I$2:$I$200,MATCH($AB33,'Test catalog'!$A$2:$A$200,0))="","",INDEX('Test catalog'!$I$2:$I$200,MATCH($AB33,'Test catalog'!$A$2:$A$200,0))),"") | O33: =IFERROR(IF(INDEX('Test catalog'!$J$2:$J$200,MATCH($AB33,'Test catalog'!$A$2:$A$200,0))="","",INDEX('Test catalog'!$J$2:$J$200,MATCH($AB33,'Test catalog'!$A$2:$A$200,0))),"") | P33: =IF(N33="","",IF(OR(M33="",O33=""),N33,(M33+4*N33+O33)/6)) | Q33: =IFERROR(IF(INDEX('Test catalog'!$K$2:$K$200,MATCH($AB33,'Test catalog'!$A$2:$A$200,0))="","",INDEX('Test catalog'!$K$2:$K$200,MATCH($AB33,'Test catalog'!$A$2:$A$200,0))),"") | S33: =IFERROR(IF(INDEX('Test catalog'!$L$2:$L$200,MATCH($AB33,'Test catalog'!$A$2:$A$200,0))="","",INDEX('Test catalog'!$L$2:$L$200,MATCH($AB33,'Test catalog'!$A$2:$A$200,0))),"") | T33: =IFERROR(IF(INDEX('Test catalog'!$M$2:$M$200,MATCH($AB33,'Test catalog'!$A$2:$A$200,0))="","",INDEX('Test catalog'!$M$2:$M$200,MATCH($AB33,'Test catalog'!$A$2:$A$200,0))),"") | U33: =IFERROR(IF(INDEX('Test catalog'!$N$2:$N$200,MATCH($AB33,'Test catalog'!$A$2:$A$200,0))="","",INDEX('Test catalog'!$N$2:$N$200,MATCH($AB33,'Test catalog'!$A$2:$A$200,0))),"") | W33: Y | AA33: =IFERROR(IF(INDEX('Test catalog'!$O$2:$O$200,MATCH($AB33,'Test catalog'!$A$2:$A$200,0))="","",INDEX('Test catalog'!$O$2:$O$200,MATCH($AB33,'Test catalog'!$A$2:$A$200,0))),"") | AB33: DISINT
A34: F03 | B34: FP | C34: Finerodyd 10; Finerodyd 20 | Finerenone | D34: Water content - KF (or LOD if that is what you run) | E34: =IF(A34="","",A34&"|"&D34) | F34: Y | G34: KF titrator | H34: Low | I34: 1 | K34: =IFERROR(IF(INDEX('Test catalog'!$F$2:$F$200,MATCH($AB34,'Test catalog'!$A$2:$A$200,0))="","",INDEX('Test catalog'!$F$2:$F$200,MATCH($AB34,'Test catalog'!$A$2:$A$200,0))),"") | L34: =IFERROR(IF(INDEX('Test catalog'!$G$2:$G$200,MATCH($AB34,'Test catalog'!$A$2:$A$200,0))="","",INDEX('Test catalog'!$G$2:$G$200,MATCH($AB34,'Test catalog'!$A$2:$A$200,0))),"") | M34: =IFERROR(IF(INDEX('Test catalog'!$H$2:$H$200,MATCH($AB34,'Test catalog'!$A$2:$A$200,0))="","",INDEX('Test catalog'!$H$2:$H$200,MATCH($AB34,'Test catalog'!$A$2:$A$200,0))),"") | N34: =IFERROR(IF(INDEX('Test catalog'!$I$2:$I$200,MATCH($AB34,'Test catalog'!$A$2:$A$200,0))="","",INDEX('Test catalog'!$I$2:$I$200,MATCH($AB34,'Test catalog'!$A$2:$A$200,0))),"") | O34: =IFERROR(IF(INDEX('Test catalog'!$J$2:$J$200,MATCH($AB34,'Test catalog'!$A$2:$A$200,0))="","",INDEX('Test catalog'!$J$2:$J$200,MATCH($AB34,'Test catalog'!$A$2:$A$200,0))),"") | P34: =IF(N34="","",IF(OR(M34="",O34=""),N34,(M34+4*N34+O34)/6)) | Q34: =IFERROR(IF(INDEX('Test catalog'!$K$2:$K$200,MATCH($AB34,'Test catalog'!$A$2:$A$200,0))="","",INDEX('Test catalog'!$K$2:$K$200,MATCH($AB34,'Test catalog'!$A$2:$A$200,0))),"") | S34: =IFERROR(IF(INDEX('Test catalog'!$L$2:$L$200,MATCH($AB34,'Test catalog'!$A$2:$A$200,0))="","",INDEX('Test catalog'!$L$2:$L$200,MATCH($AB34,'Test catalog'!$A$2:$A$200,0))),"") | T34: =IFERROR(IF(INDEX('Test catalog'!$M$2:$M$200,MATCH($AB34,'Test catalog'!$A$2:$A$200,0))="","",INDEX('Test catalog'!$M$2:$M$200,MATCH($AB34,'Test catalog'!$A$2:$A$200,0))),"") | U34: =IFERROR(IF(INDEX('Test catalog'!$N$2:$N$200,MATCH($AB34,'Test catalog'!$A$2:$A$200,0))="","",INDEX('Test catalog'!$N$2:$N$200,MATCH($AB34,'Test catalog'!$A$2:$A$200,0))),"") | W34: Y | AA34: =IFERROR(IF(INDEX('Test catalog'!$O$2:$O$200,MATCH($AB34,'Test catalog'!$A$2:$A$200,0))="","",INDEX('Test catalog'!$O$2:$O$200,MATCH($AB34,'Test catalog'!$A$2:$A$200,0))),"") | AB34: WATER
A35: F04 | B35: FP | C35: Cardyd 20; Cardyd 40; Cardyd 80 | Telmisartan | D35: Assay | E35: =IF(A35="","",A35&"|"&D35) | F35: Y | G35: HPLC | H35: Low | I35: 1 | P35: =IF(N35="","",IF(OR(M35="",O35=""),N35,(M35+4*N35+O35)/6)) | W35: Y
A36: F04 | B36: FP | C36: Cardyd 20; Cardyd 40; Cardyd 80 | Telmisartan | D36: Related substances / impurities | E36: =IF(A36="","",A36&"|"&D36) | F36: Y | G36: HPLC | H36: Low | I36: 1 | P36: =IF(N36="","",IF(OR(M36="",O36=""),N36,(M36+4*N36+O36)/6)) | W36: Y
A37: F04 | B37: FP | C37: Cardyd 20; Cardyd 40; Cardyd 80 | Telmisartan | D37: Dissolution | E37: =IF(A37="","",A37&"|"&D37) | F37: Y | G37: HPLC | H37: Low | I37: 1 | P37: =IF(N37="","",IF(OR(M37="",O37=""),N37,(M37+4*N37+O37)/6)) | W37: Y
A38: F04 | B38: FP | C38: Cardyd 20; Cardyd 40; Cardyd 80 | Telmisartan | D38: Content uniformity | E38: =IF(A38="","",A38&"|"&D38) | F38: Y | G38: HPLC | H38: Low | I38: 1 | P38: =IF(N38="","",IF(OR(M38="",O38=""),N38,(M38+4*N38+O38)/6)) | W38: N
A39: F04 | B39: FP | C39: Cardyd 20; Cardyd 40; Cardyd 80 | Telmisartan | D39: Identification (if separate from assay) | E39: =IF(A39="","",A39&"|"&D39) | F39: N | G39: HPLC | H39: Low | I39: 1 | P39: =IF(N39="","",IF(OR(M39="",O39=""),N39,(M39+4*N39+O39)/6)) | W39: N
A40: F04 | B40: FP | C40: Cardyd 20; Cardyd 40; Cardyd 80 | Telmisartan | D40: Appearance / description | E40: =IF(A40="","",A40&"|"&D40) | F40: Y | G40: Other / bench | H40: Low | I40: 1 | K40: =IFERROR(IF(INDEX('Test catalog'!$F$2:$F$200,MATCH($AB40,'Test catalog'!$A$2:$A$200,0))="","",INDEX('Test catalog'!$F$2:$F$200,MATCH($AB40,'Test catalog'!$A$2:$A$200,0))),"") | L40: =IFERROR(IF(INDEX('Test catalog'!$G$2:$G$200,MATCH($AB40,'Test catalog'!$A$2:$A$200,0))="","",INDEX('Test catalog'!$G$2:$G$200,MATCH($AB40,'Test catalog'!$A$2:$A$200,0))),"") | M40: =IFERROR(IF(INDEX('Test catalog'!$H$2:$H$200,MATCH($AB40,'Test catalog'!$A$2:$A$200,0))="","",INDEX('Test catalog'!$H$2:$H$200,MATCH($AB40,'Test catalog'!$A$2:$A$200,0))),"") | N40: =IFERROR(IF(INDEX('Test catalog'!$I$2:$I$200,MATCH($AB40,'Test catalog'!$A$2:$A$200,0))="","",INDEX('Test catalog'!$I$2:$I$200,MATCH($AB40,'Test catalog'!$A$2:$A$200,0))),"") | O40: =IFERROR(IF(INDEX('Test catalog'!$J$2:$J$200,MATCH($AB40,'Test catalog'!$A$2:$A$200,0))="","",INDEX('Test catalog'!$J$2:$J$200,MATCH($AB40,'Test catalog'!$A$2:$A$200,0))),"") | P40: =IF(N40="","",IF(OR(M40="",O40=""),N40,(M40+4*N40+O40)/6)) | Q40: =IFERROR(IF(INDEX('Test catalog'!$K$2:$K$200,MATCH($AB40,'Test catalog'!$A$2:$A$200,0))="","",INDEX('Test catalog'!$K$2:$K$200,MATCH($AB40,'Test catalog'!$A$2:$A$200,0))),"") | S40: =IFERROR(IF(INDEX('Test catalog'!$L$2:$L$200,MATCH($AB40,'Test catalog'!$A$2:$A$200,0))="","",INDEX('Test catalog'!$L$2:$L$200,MATCH($AB40,'Test catalog'!$A$2:$A$200,0))),"") | T40: =IFERROR(IF(INDEX('Test catalog'!$M$2:$M$200,MATCH($AB40,'Test catalog'!$A$2:$A$200,0))="","",INDEX('Test catalog'!$M$2:$M$200,MATCH($AB40,'Test catalog'!$A$2:$A$200,0))),"") | U40: =IFERROR(IF(INDEX('Test catalog'!$N$2:$N$200,MATCH($AB40,'Test catalog'!$A$2:$A$200,0))="","",INDEX('Test catalog'!$N$2:$N$200,MATCH($AB40,'Test catalog'!$A$2:$A$200,0))),"") | W40: Y | AA40: =IFERROR(IF(INDEX('Test catalog'!$O$2:$O$200,MATCH($AB40,'Test catalog'!$A$2:$A$200,0))="","",INDEX('Test catalog'!$O$2:$O$200,MATCH($AB40,'Test catalog'!$A$2:$A$200,0))),"") | AB40: APPEAR
A41: F04 | B41: FP | C41: Cardyd 20; Cardyd 40; Cardyd 80 | Telmisartan | D41: Average weight / uniformity of mass | E41: =IF(A41="","",A41&"|"&D41) | F41: Y | G41: Other / bench | H41: Low | I41: 1 | K41: =IFERROR(IF(INDEX('Test catalog'!$F$2:$F$200,MATCH($AB41,'Test catalog'!$A$2:$A$200,0))="","",INDEX('Test catalog'!$F$2:$F$200,MATCH($AB41,'Test catalog'!$A$2:$A$200,0))),"") | L41: =IFERROR(IF(INDEX('Test catalog'!$G$2:$G$200,MATCH($AB41,'Test catalog'!$A$2:$A$200,0))="","",INDEX('Test catalog'!$G$2:$G$200,MATCH($AB41,'Test catalog'!$A$2:$A$200,0))),"") | M41: =IFERROR(IF(INDEX('Test catalog'!$H$2:$H$200,MATCH($AB41,'Test catalog'!$A$2:$A$200,0))="","",INDEX('Test catalog'!$H$2:$H$200,MATCH($AB41,'Test catalog'!$A$2:$A$200,0))),"") | N41: =IFERROR(IF(INDEX('Test catalog'!$I$2:$I$200,MATCH($AB41,'Test catalog'!$A$2:$A$200,0))="","",INDEX('Test catalog'!$I$2:$I$200,MATCH($AB41,'Test catalog'!$A$2:$A$200,0))),"") | O41: =IFERROR(IF(INDEX('Test catalog'!$J$2:$J$200,MATCH($AB41,'Test catalog'!$A$2:$A$200,0))="","",INDEX('Test catalog'!$J$2:$J$200,MATCH($AB41,'Test catalog'!$A$2:$A$200,0))),"") | P41: =IF(N41="","",IF(OR(M41="",O41=""),N41,(M41+4*N41+O41)/6)) | Q41: =IFERROR(IF(INDEX('Test catalog'!$K$2:$K$200,MATCH($AB41,'Test catalog'!$A$2:$A$200,0))="","",INDEX('Test catalog'!$K$2:$K$200,MATCH($AB41,'Test catalog'!$A$2:$A$200,0))),"") | S41: =IFERROR(IF(INDEX('Test catalog'!$L$2:$L$200,MATCH($AB41,'Test catalog'!$A$2:$A$200,0))="","",INDEX('Test catalog'!$L$2:$L$200,MATCH($AB41,'Test catalog'!$A$2:$A$200,0))),"") | T41: =IFERROR(IF(INDEX('Test catalog'!$M$2:$M$200,MATCH($AB41,'Test catalog'!$A$2:$A$200,0))="","",INDEX('Test catalog'!$M$2:$M$200,MATCH($AB41,'Test catalog'!$A$2:$A$200,0))),"") | U41: =IFERROR(IF(INDEX('Test catalog'!$N$2:$N$200,MATCH($AB41,'Test catalog'!$A$2:$A$200,0))="","",INDEX('Test catalog'!$N$2:$N$200,MATCH($AB41,'Test catalog'!$A$2:$A$200,0))),"") | W41: N | AA41: =IFERROR(IF(INDEX('Test catalog'!$O$2:$O$200,MATCH($AB41,'Test catalog'!$A$2:$A$200,0))="","",INDEX('Test catalog'!$O$2:$O$200,MATCH($AB41,'Test catalog'!$A$2:$A$200,0))),"") | AB41: AVG_WT
A42: F04 | B42: FP | C42: Cardyd 20; Cardyd 40; Cardyd 80 | Telmisartan | D42: Hardness (with thickness / diameter) | E42: =IF(A42="","",A42&"|"&D42) | F42: Y | G42: Other / bench | H42: Low | I42: 1 | K42: =IFERROR(IF(INDEX('Test catalog'!$F$2:$F$200,MATCH($AB42,'Test catalog'!$A$2:$A$200,0))="","",INDEX('Test catalog'!$F$2:$F$200,MATCH($AB42,'Test catalog'!$A$2:$A$200,0))),"") | L42: =IFERROR(IF(INDEX('Test catalog'!$G$2:$G$200,MATCH($AB42,'Test catalog'!$A$2:$A$200,0))="","",INDEX('Test catalog'!$G$2:$G$200,MATCH($AB42,'Test catalog'!$A$2:$A$200,0))),"") | M42: =IFERROR(IF(INDEX('Test catalog'!$H$2:$H$200,MATCH($AB42,'Test catalog'!$A$2:$A$200,0))="","",INDEX('Test catalog'!$H$2:$H$200,MATCH($AB42,'Test catalog'!$A$2:$A$200,0))),"") | N42: =IFERROR(IF(INDEX('Test catalog'!$I$2:$I$200,MATCH($AB42,'Test catalog'!$A$2:$A$200,0))="","",INDEX('Test catalog'!$I$2:$I$200,MATCH($AB42,'Test catalog'!$A$2:$A$200,0))),"") | O42: =IFERROR(IF(INDEX('Test catalog'!$J$2:$J$200,MATCH($AB42,'Test catalog'!$A$2:$A$200,0))="","",INDEX('Test catalog'!$J$2:$J$200,MATCH($AB42,'Test catalog'!$A$2:$A$200,0))),"") | P42: =IF(N42="","",IF(OR(M42="",O42=""),N42,(M42+4*N42+O42)/6)) | Q42: =IFERROR(IF(INDEX('Test catalog'!$K$2:$K$200,MATCH($AB42,'Test catalog'!$A$2:$A$200,0))="","",INDEX('Test catalog'!$K$2:$K$200,MATCH($AB42,'Test catalog'!$A$2:$A$200,0))),"") | S42: =IFERROR(IF(INDEX('Test catalog'!$L$2:$L$200,MATCH($AB42,'Test catalog'!$A$2:$A$200,0))="","",INDEX('Test catalog'!$L$2:$L$200,MATCH($AB42,'Test catalog'!$A$2:$A$200,0))),"") | T42: =IFERROR(IF(INDEX('Test catalog'!$M$2:$M$200,MATCH($AB42,'Test catalog'!$A$2:$A$200,0))="","",INDEX('Test catalog'!$M$2:$M$200,MATCH($AB42,'Test catalog'!$A$2:$A$200,0))),"") | U42: =IFERROR(IF(INDEX('Test catalog'!$N$2:$N$200,MATCH($AB42,'Test catalog'!$A$2:$A$200,0))="","",INDEX('Test catalog'!$N$2:$N$200,MATCH($AB42,'Test catalog'!$A$2:$A$200,0))),"") | W42: Y | AA42: =IFERROR(IF(INDEX('Test catalog'!$O$2:$O$200,MATCH($AB42,'Test catalog'!$A$2:$A$200,0))="","",INDEX('Test catalog'!$O$2:$O$200,MATCH($AB42,'Test catalog'!$A$2:$A$200,0))),"") | AB42: HARD
A43: F04 | B43: FP | C43: Cardyd 20; Cardyd 40; Cardyd 80 | Telmisartan | D43: Friability | E43: =IF(A43="","",A43&"|"&D43) | F43: Y | G43: Other / bench | H43: Low | I43: 1 | K43: =IFERROR(IF(INDEX('Test catalog'!$F$2:$F$200,MATCH($AB43,'Test catalog'!$A$2:$A$200,0))="","",INDEX('Test catalog'!$F$2:$F$200,MATCH($AB43,'Test catalog'!$A$2:$A$200,0))),"") | L43: =IFERROR(IF(INDEX('Test catalog'!$G$2:$G$200,MATCH($AB43,'Test catalog'!$A$2:$A$200,0))="","",INDEX('Test catalog'!$G$2:$G$200,MATCH($AB43,'Test catalog'!$A$2:$A$200,0))),"") | M43: =IFERROR(IF(INDEX('Test catalog'!$H$2:$H$200,MATCH($AB43,'Test catalog'!$A$2:$A$200,0))="","",INDEX('Test catalog'!$H$2:$H$200,MATCH($AB43,'Test catalog'!$A$2:$A$200,0))),"") | N43: =IFERROR(IF(INDEX('Test catalog'!$I$2:$I$200,MATCH($AB43,'Test catalog'!$A$2:$A$200,0))="","",INDEX('Test catalog'!$I$2:$I$200,MATCH($AB43,'Test catalog'!$A$2:$A$200,0))),"") | O43: =IFERROR(IF(INDEX('Test catalog'!$J$2:$J$200,MATCH($AB43,'Test catalog'!$A$2:$A$200,0))="","",INDEX('Test catalog'!$J$2:$J$200,MATCH($AB43,'Test catalog'!$A$2:$A$200,0))),"") | P43: =IF(N43="","",IF(OR(M43="",O43=""),N43,(M43+4*N43+O43)/6)) | Q43: =IFERROR(IF(INDEX('Test catalog'!$K$2:$K$200,MATCH($AB43,'Test catalog'!$A$2:$A$200,0))="","",INDEX('Test catalog'!$K$2:$K$200,MATCH($AB43,'Test catalog'!$A$2:$A$200,0))),"") | S43: =IFERROR(IF(INDEX('Test catalog'!$L$2:$L$200,MATCH($AB43,'Test catalog'!$A$2:$A$200,0))="","",INDEX('Test catalog'!$L$2:$L$200,MATCH($AB43,'Test catalog'!$A$2:$A$200,0))),"") | T43: =IFERROR(IF(INDEX('Test catalog'!$M$2:$M$200,MATCH($AB43,'Test catalog'!$A$2:$A$200,0))="","",INDEX('Test catalog'!$M$2:$M$200,MATCH($AB43,'Test catalog'!$A$2:$A$200,0))),"") | U43: =IFERROR(IF(INDEX('Test catalog'!$N$2:$N$200,MATCH($AB43,'Test catalog'!$A$2:$A$200,0))="","",INDEX('Test catalog'!$N$2:$N$200,MATCH($AB43,'Test catalog'!$A$2:$A$200,0))),"") | W43: N | AA43: =IFERROR(IF(INDEX('Test catalog'!$O$2:$O$200,MATCH($AB43,'Test catalog'!$A$2:$A$200,0))="","",INDEX('Test catalog'!$O$2:$O$200,MATCH($AB43,'Test catalog'!$A$2:$A$200,0))),"") | AB43: FRIAB
A44: F04 | B44: FP | C44: Cardyd 20; Cardyd 40; Cardyd 80 | Telmisartan | D44: Disintegration | E44: =IF(A44="","",A44&"|"&D44) | F44: Y | G44: Other / bench | H44: Low | I44: 1 | K44: =IFERROR(IF(INDEX('Test catalog'!$F$2:$F$200,MATCH($AB44,'Test catalog'!$A$2:$A$200,0))="","",INDEX('Test catalog'!$F$2:$F$200,MATCH($AB44,'Test catalog'!$A$2:$A$200,0))),"") | L44: =IFERROR(IF(INDEX('Test catalog'!$G$2:$G$200,MATCH($AB44,'Test catalog'!$A$2:$A$200,0))="","",INDEX('Test catalog'!$G$2:$G$200,MATCH($AB44,'Test catalog'!$A$2:$A$200,0))),"") | M44: =IFERROR(IF(INDEX('Test catalog'!$H$2:$H$200,MATCH($AB44,'Test catalog'!$A$2:$A$200,0))="","",INDEX('Test catalog'!$H$2:$H$200,MATCH($AB44,'Test catalog'!$A$2:$A$200,0))),"") | N44: =IFERROR(IF(INDEX('Test catalog'!$I$2:$I$200,MATCH($AB44,'Test catalog'!$A$2:$A$200,0))="","",INDEX('Test catalog'!$I$2:$I$200,MATCH($AB44,'Test catalog'!$A$2:$A$200,0))),"") | O44: =IFERROR(IF(INDEX('Test catalog'!$J$2:$J$200,MATCH($AB44,'Test catalog'!$A$2:$A$200,0))="","",INDEX('Test catalog'!$J$2:$J$200,MATCH($AB44,'Test catalog'!$A$2:$A$200,0))),"") | P44: =IF(N44="","",IF(OR(M44="",O44=""),N44,(M44+4*N44+O44)/6)) | Q44: =IFERROR(IF(INDEX('Test catalog'!$K$2:$K$200,MATCH($AB44,'Test catalog'!$A$2:$A$200,0))="","",INDEX('Test catalog'!$K$2:$K$200,MATCH($AB44,'Test catalog'!$A$2:$A$200,0))),"") | S44: =IFERROR(IF(INDEX('Test catalog'!$L$2:$L$200,MATCH($AB44,'Test catalog'!$A$2:$A$200,0))="","",INDEX('Test catalog'!$L$2:$L$200,MATCH($AB44,'Test catalog'!$A$2:$A$200,0))),"") | T44: =IFERROR(IF(INDEX('Test catalog'!$M$2:$M$200,MATCH($AB44,'Test catalog'!$A$2:$A$200,0))="","",INDEX('Test catalog'!$M$2:$M$200,MATCH($AB44,'Test catalog'!$A$2:$A$200,0))),"") | U44: =IFERROR(IF(INDEX('Test catalog'!$N$2:$N$200,MATCH($AB44,'Test catalog'!$A$2:$A$200,0))="","",INDEX('Test catalog'!$N$2:$N$200,MATCH($AB44,'Test catalog'!$A$2:$A$200,0))),"") | W44: Y | AA44: =IFERROR(IF(INDEX('Test catalog'!$O$2:$O$200,MATCH($AB44,'Test catalog'!$A$2:$A$200,0))="","",INDEX('Test catalog'!$O$2:$O$200,MATCH($AB44,'Test catalog'!$A$2:$A$200,0))),"") | AB44: DISINT
A45: F04 | B45: FP | C45: Cardyd 20; Cardyd 40; Cardyd 80 | Telmisartan | D45: Water content - KF (or LOD if that is what you run) | E45: =IF(A45="","",A45&"|"&D45) | F45: Y | G45: KF titrator | H45: Low | I45: 1 | K45: =IFERROR(IF(INDEX('Test catalog'!$F$2:$F$200,MATCH($AB45,'Test catalog'!$A$2:$A$200,0))="","",INDEX('Test catalog'!$F$2:$F$200,MATCH($AB45,'Test catalog'!$A$2:$A$200,0))),"") | L45: =IFERROR(IF(INDEX('Test catalog'!$G$2:$G$200,MATCH($AB45,'Test catalog'!$A$2:$A$200,0))="","",INDEX('Test catalog'!$G$2:$G$200,MATCH($AB45,'Test catalog'!$A$2:$A$200,0))),"") | M45: =IFERROR(IF(INDEX('Test catalog'!$H$2:$H$200,MATCH($AB45,'Test catalog'!$A$2:$A$200,0))="","",INDEX('Test catalog'!$H$2:$H$200,MATCH($AB45,'Test catalog'!$A$2:$A$200,0))),"") | N45: =IFERROR(IF(INDEX('Test catalog'!$I$2:$I$200,MATCH($AB45,'Test catalog'!$A$2:$A$200,0))="","",INDEX('Test catalog'!$I$2:$I$200,MATCH($AB45,'Test catalog'!$A$2:$A$200,0))),"") | O45: =IFERROR(IF(INDEX('Test catalog'!$J$2:$J$200,MATCH($AB45,'Test catalog'!$A$2:$A$200,0))="","",INDEX('Test catalog'!$J$2:$J$200,MATCH($AB45,'Test catalog'!$A$2:$A$200,0))),"") | P45: =IF(N45="","",IF(OR(M45="",O45=""),N45,(M45+4*N45+O45)/6)) | Q45: =IFERROR(IF(INDEX('Test catalog'!$K$2:$K$200,MATCH($AB45,'Test catalog'!$A$2:$A$200,0))="","",INDEX('Test catalog'!$K$2:$K$200,MATCH($AB45,'Test catalog'!$A$2:$A$200,0))),"") | S45: =IFERROR(IF(INDEX('Test catalog'!$L$2:$L$200,MATCH($AB45,'Test catalog'!$A$2:$A$200,0))="","",INDEX('Test catalog'!$L$2:$L$200,MATCH($AB45,'Test catalog'!$A$2:$A$200,0))),"") | T45: =IFERROR(IF(INDEX('Test catalog'!$M$2:$M$200,MATCH($AB45,'Test catalog'!$A$2:$A$200,0))="","",INDEX('Test catalog'!$M$2:$M$200,MATCH($AB45,'Test catalog'!$A$2:$A$200,0))),"") | U45: =IFERROR(IF(INDEX('Test catalog'!$N$2:$N$200,MATCH($AB45,'Test catalog'!$A$2:$A$200,0))="","",INDEX('Test catalog'!$N$2:$N$200,MATCH($AB45,'Test catalog'!$A$2:$A$200,0))),"") | W45: Y | AA45: =IFERROR(IF(INDEX('Test catalog'!$O$2:$O$200,MATCH($AB45,'Test catalog'!$A$2:$A$200,0))="","",INDEX('Test catalog'!$O$2:$O$200,MATCH($AB45,'Test catalog'!$A$2:$A$200,0))),"") | AB45: WATER
A46: F05 | B46: FP | C46: Cardyd-AM 80/5; Cardyd-AM 80/10; Cardyd-AM 40/5; Cardyd-AM 40/10 | Telmisartan, Amlodipine Besylate | D46: Assay | E46: =IF(A46="","",A46&"|"&D46) | F46: Y | G46: HPLC | H46: Medium | I46: 1 | P46: =IF(N46="","",IF(OR(M46="",O46=""),N46,(M46+4*N46+O46)/6)) | W46: Y
A47: F05 | B47: FP | C47: Cardyd-AM 80/5; Cardyd-AM 80/10; Cardyd-AM 40/5; Cardyd-AM 40/10 | Telmisartan, Amlodipine Besylate | D47: Related substances / impurities | E47: =IF(A47="","",A47&"|"&D47) | F47: Y | G47: HPLC | H47: Medium | I47: 1 | P47: =IF(N47="","",IF(OR(M47="",O47=""),N47,(M47+4*N47+O47)/6)) | W47: Y
A48: F05 | B48: FP | C48: Cardyd-AM 80/5; Cardyd-AM 80/10; Cardyd-AM 40/5; Cardyd-AM 40/10 | Telmisartan, Amlodipine Besylate | D48: Dissolution | E48: =IF(A48="","",A48&"|"&D48) | F48: Y | G48: HPLC | H48: Medium | I48: 1 | P48: =IF(N48="","",IF(OR(M48="",O48=""),N48,(M48+4*N48+O48)/6)) | W48: Y
A49: F05 | B49: FP | C49: Cardyd-AM 80/5; Cardyd-AM 80/10; Cardyd-AM 40/5; Cardyd-AM 40/10 | Telmisartan, Amlodipine Besylate | D49: Content uniformity | E49: =IF(A49="","",A49&"|"&D49) | F49: Y | G49: HPLC | H49: Medium | I49: 1 | P49: =IF(N49="","",IF(OR(M49="",O49=""),N49,(M49+4*N49+O49)/6)) | W49: N
A50: F05 | B50: FP | C50: Cardyd-AM 80/5; Cardyd-AM 80/10; Cardyd-AM 40/5; Cardyd-AM 40/10 | Telmisartan, Amlodipine Besylate | D50: Identification (if separate from assay) | E50: =IF(A50="","",A50&"|"&D50) | F50: N | G50: HPLC | H50: Medium | I50: 1 | P50: =IF(N50="","",IF(OR(M50="",O50=""),N50,(M50+4*N50+O50)/6)) | W50: N
A51: F05 | B51: FP | C51: Cardyd-AM 80/5; Cardyd-AM 80/10; Cardyd-AM 40/5; Cardyd-AM 40/10 | Telmisartan, Amlodipine Besylate | D51: Appearance / description | E51: =IF(A51="","",A51&"|"&D51) | F51: Y | G51: Other / bench | H51: Low | I51: 1 | K51: =IFERROR(IF(INDEX('Test catalog'!$F$2:$F$200,MATCH($AB51,'Test catalog'!$A$2:$A$200,0))="","",INDEX('Test catalog'!$F$2:$F$200,MATCH($AB51,'Test catalog'!$A$2:$A$200,0))),"") | L51: =IFERROR(IF(INDEX('Test catalog'!$G$2:$G$200,MATCH($AB51,'Test catalog'!$A$2:$A$200,0))="","",INDEX('Test catalog'!$G$2:$G$200,MATCH($AB51,'Test catalog'!$A$2:$A$200,0))),"") | M51: =IFERROR(IF(INDEX('Test catalog'!$H$2:$H$200,MATCH($AB51,'Test catalog'!$A$2:$A$200,0))="","",INDEX('Test catalog'!$H$2:$H$200,MATCH($AB51,'Test catalog'!$A$2:$A$200,0))),"") | N51: =IFERROR(IF(INDEX('Test catalog'!$I$2:$I$200,MATCH($AB51,'Test catalog'!$A$2:$A$200,0))="","",INDEX('Test catalog'!$I$2:$I$200,MATCH($AB51,'Test catalog'!$A$2:$A$200,0))),"") | O51: =IFERROR(IF(INDEX('Test catalog'!$J$2:$J$200,MATCH($AB51,'Test catalog'!$A$2:$A$200,0))="","",INDEX('Test catalog'!$J$2:$J$200,MATCH($AB51,'Test catalog'!$A$2:$A$200,0))),"") | P51: =IF(N51="","",IF(OR(M51="",O51=""),N51,(M51+4*N51+O51)/6)) | Q51: =IFERROR(IF(INDEX('Test catalog'!$K$2:$K$200,MATCH($AB51,'Test catalog'!$A$2:$A$200,0))="","",INDEX('Test catalog'!$K$2:$K$200,MATCH($AB51,'Test catalog'!$A$2:$A$200,0))),"") | S51: =IFERROR(IF(INDEX('Test catalog'!$L$2:$L$200,MATCH($AB51,'Test catalog'!$A$2:$A$200,0))="","",INDEX('Test catalog'!$L$2:$L$200,MATCH($AB51,'Test catalog'!$A$2:$A$200,0))),"") | T51: =IFERROR(IF(INDEX('Test catalog'!$M$2:$M$200,MATCH($AB51,'Test catalog'!$A$2:$A$200,0))="","",INDEX('Test catalog'!$M$2:$M$200,MATCH($AB51,'Test catalog'!$A$2:$A$200,0))),"") | U51: =IFERROR(IF(INDEX('Test catalog'!$N$2:$N$200,MATCH($AB51,'Test catalog'!$A$2:$A$200,0))="","",INDEX('Test catalog'!$N$2:$N$200,MATCH($AB51,'Test catalog'!$A$2:$A$200,0))),"") | W51: Y | AA51: =IFERROR(IF(INDEX('Test catalog'!$O$2:$O$200,MATCH($AB51,'Test catalog'!$A$2:$A$200,0))="","",INDEX('Test catalog'!$O$2:$O$200,MATCH($AB51,'Test catalog'!$A$2:$A$200,0))),"") | AB51: APPEAR
A52: F05 | B52: FP | C52: Cardyd-AM 80/5; Cardyd-AM 80/10; Cardyd-AM 40/5; Cardyd-AM 40/10 | Telmisartan, Amlodipine Besylate | D52: Average weight / uniformity of mass | E52: =IF(A52="","",A52&"|"&D52) | F52: Y | G52: Other / bench | H52: Low | I52: 1 | K52: =IFERROR(IF(INDEX('Test catalog'!$F$2:$F$200,MATCH($AB52,'Test catalog'!$A$2:$A$200,0))="","",INDEX('Test catalog'!$F$2:$F$200,MATCH($AB52,'Test catalog'!$A$2:$A$200,0))),"") | L52: =IFERROR(IF(INDEX('Test catalog'!$G$2:$G$200,MATCH($AB52,'Test catalog'!$A$2:$A$200,0))="","",INDEX('Test catalog'!$G$2:$G$200,MATCH($AB52,'Test catalog'!$A$2:$A$200,0))),"") | M52: =IFERROR(IF(INDEX('Test catalog'!$H$2:$H$200,MATCH($AB52,'Test catalog'!$A$2:$A$200,0))="","",INDEX('Test catalog'!$H$2:$H$200,MATCH($AB52,'Test catalog'!$A$2:$A$200,0))),"") | N52: =IFERROR(IF(INDEX('Test catalog'!$I$2:$I$200,MATCH($AB52,'Test catalog'!$A$2:$A$200,0))="","",INDEX('Test catalog'!$I$2:$I$200,MATCH($AB52,'Test catalog'!$A$2:$A$200,0))),"") | O52: =IFERROR(IF(INDEX('Test catalog'!$J$2:$J$200,MATCH($AB52,'Test catalog'!$A$2:$A$200,0))="","",INDEX('Test catalog'!$J$2:$J$200,MATCH($AB52,'Test catalog'!$A$2:$A$200,0))),"") | P52: =IF(N52="","",IF(OR(M52="",O52=""),N52,(M52+4*N52+O52)/6)) | Q52: =IFERROR(IF(INDEX('Test catalog'!$K$2:$K$200,MATCH($AB52,'Test catalog'!$A$2:$A$200,0))="","",INDEX('Test catalog'!$K$2:$K$200,MATCH($AB52,'Test catalog'!$A$2:$A$200,0))),"") | S52: =IFERROR(IF(INDEX('Test catalog'!$L$2:$L$200,MATCH($AB52,'Test catalog'!$A$2:$A$200,0))="","",INDEX('Test catalog'!$L$2:$L$200,MATCH($AB52,'Test catalog'!$A$2:$A$200,0))),"") | T52: =IFERROR(IF(INDEX('Test catalog'!$M$2:$M$200,MATCH($AB52,'Test catalog'!$A$2:$A$200,0))="","",INDEX('Test catalog'!$M$2:$M$200,MATCH($AB52,'Test catalog'!$A$2:$A$200,0))),"") | U52: =IFERROR(IF(INDEX('Test catalog'!$N$2:$N$200,MATCH($AB52,'Test catalog'!$A$2:$A$200,0))="","",INDEX('Test catalog'!$N$2:$N$200,MATCH($AB52,'Test catalog'!$A$2:$A$200,0))),"") | W52: N | AA52: =IFERROR(IF(INDEX('Test catalog'!$O$2:$O$200,MATCH($AB52,'Test catalog'!$A$2:$A$200,0))="","",INDEX('Test catalog'!$O$2:$O$200,MATCH($AB52,'Test catalog'!$A$2:$A$200,0))),"") | AB52: AVG_WT
A53: F05 | B53: FP | C53: Cardyd-AM 80/5; Cardyd-AM 80/10; Cardyd-AM 40/5; Cardyd-AM 40/10 | Telmisartan, Amlodipine Besylate | D53: Hardness (with thickness / diameter) | E53: =IF(A53="","",A53&"|"&D53) | F53: Y | G53: Other / bench | H53: Low | I53: 1 | K53: =IFERROR(IF(INDEX('Test catalog'!$F$2:$F$200,MATCH($AB53,'Test catalog'!$A$2:$A$200,0))="","",INDEX('Test catalog'!$F$2:$F$200,MATCH($AB53,'Test catalog'!$A$2:$A$200,0))),"") | L53: =IFERROR(IF(INDEX('Test catalog'!$G$2:$G$200,MATCH($AB53,'Test catalog'!$A$2:$A$200,0))="","",INDEX('Test catalog'!$G$2:$G$200,MATCH($AB53,'Test catalog'!$A$2:$A$200,0))),"") | M53: =IFERROR(IF(INDEX('Test catalog'!$H$2:$H$200,MATCH($AB53,'Test catalog'!$A$2:$A$200,0))="","",INDEX('Test catalog'!$H$2:$H$200,MATCH($AB53,'Test catalog'!$A$2:$A$200,0))),"") | N53: =IFERROR(IF(INDEX('Test catalog'!$I$2:$I$200,MATCH($AB53,'Test catalog'!$A$2:$A$200,0))="","",INDEX('Test catalog'!$I$2:$I$200,MATCH($AB53,'Test catalog'!$A$2:$A$200,0))),"") | O53: =IFERROR(IF(INDEX('Test catalog'!$J$2:$J$200,MATCH($AB53,'Test catalog'!$A$2:$A$200,0))="","",INDEX('Test catalog'!$J$2:$J$200,MATCH($AB53,'Test catalog'!$A$2:$A$200,0))),"") | P53: =IF(N53="","",IF(OR(M53="",O53=""),N53,(M53+4*N53+O53)/6)) | Q53: =IFERROR(IF(INDEX('Test catalog'!$K$2:$K$200,MATCH($AB53,'Test catalog'!$A$2:$A$200,0))="","",INDEX('Test catalog'!$K$2:$K$200,MATCH($AB53,'Test catalog'!$A$2:$A$200,0))),"") | S53: =IFERROR(IF(INDEX('Test catalog'!$L$2:$L$200,MATCH($AB53,'Test catalog'!$A$2:$A$200,0))="","",INDEX('Test catalog'!$L$2:$L$200,MATCH($AB53,'Test catalog'!$A$2:$A$200,0))),"") | T53: =IFERROR(IF(INDEX('Test catalog'!$M$2:$M$200,MATCH($AB53,'Test catalog'!$A$2:$A$200,0))="","",INDEX('Test catalog'!$M$2:$M$200,MATCH($AB53,'Test catalog'!$A$2:$A$200,0))),"") | U53: =IFERROR(IF(INDEX('Test catalog'!$N$2:$N$200,MATCH($AB53,'Test catalog'!$A$2:$A$200,0))="","",INDEX('Test catalog'!$N$2:$N$200,MATCH($AB53,'Test catalog'!$A$2:$A$200,0))),"") | W53: Y | AA53: =IFERROR(IF(INDEX('Test catalog'!$O$2:$O$200,MATCH($AB53,'Test catalog'!$A$2:$A$200,0))="","",INDEX('Test catalog'!$O$2:$O$200,MATCH($AB53,'Test catalog'!$A$2:$A$200,0))),"") | AB53: HARD
A54: F05 | B54: FP | C54: Cardyd-AM 80/5; Cardyd-AM 80/10; Cardyd-AM 40/5; Cardyd-AM 40/10 | Telmisartan, Amlodipine Besylate | D54: Friability | E54: =IF(A54="","",A54&"|"&D54) | F54: Y | G54: Other / bench | H54: Low | I54: 1 | K54: =IFERROR(IF(INDEX('Test catalog'!$F$2:$F$200,MATCH($AB54,'Test catalog'!$A$2:$A$200,0))="","",INDEX('Test catalog'!$F$2:$F$200,MATCH($AB54,'Test catalog'!$A$2:$A$200,0))),"") | L54: =IFERROR(IF(INDEX('Test catalog'!$G$2:$G$200,MATCH($AB54,'Test catalog'!$A$2:$A$200,0))="","",INDEX('Test catalog'!$G$2:$G$200,MATCH($AB54,'Test catalog'!$A$2:$A$200,0))),"") | M54: =IFERROR(IF(INDEX('Test catalog'!$H$2:$H$200,MATCH($AB54,'Test catalog'!$A$2:$A$200,0))="","",INDEX('Test catalog'!$H$2:$H$200,MATCH($AB54,'Test catalog'!$A$2:$A$200,0))),"") | N54: =IFERROR(IF(INDEX('Test catalog'!$I$2:$I$200,MATCH($AB54,'Test catalog'!$A$2:$A$200,0))="","",INDEX('Test catalog'!$I$2:$I$200,MATCH($AB54,'Test catalog'!$A$2:$A$200,0))),"") | O54: =IFERROR(IF(INDEX('Test catalog'!$J$2:$J$200,MATCH($AB54,'Test catalog'!$A$2:$A$200,0))="","",INDEX('Test catalog'!$J$2:$J$200,MATCH($AB54,'Test catalog'!$A$2:$A$200,0))),"") | P54: =IF(N54="","",IF(OR(M54="",O54=""),N54,(M54+4*N54+O54)/6)) | Q54: =IFERROR(IF(INDEX('Test catalog'!$K$2:$K$200,MATCH($AB54,'Test catalog'!$A$2:$A$200,0))="","",INDEX('Test catalog'!$K$2:$K$200,MATCH($AB54,'Test catalog'!$A$2:$A$200,0))),"") | S54: =IFERROR(IF(INDEX('Test catalog'!$L$2:$L$200,MATCH($AB54,'Test catalog'!$A$2:$A$200,0))="","",INDEX('Test catalog'!$L$2:$L$200,MATCH($AB54,'Test catalog'!$A$2:$A$200,0))),"") | T54: =IFERROR(IF(INDEX('Test catalog'!$M$2:$M$200,MATCH($AB54,'Test catalog'!$A$2:$A$200,0))="","",INDEX('Test catalog'!$M$2:$M$200,MATCH($AB54,'Test catalog'!$A$2:$A$200,0))),"") | U54: =IFERROR(IF(INDEX('Test catalog'!$N$2:$N$200,MATCH($AB54,'Test catalog'!$A$2:$A$200,0))="","",INDEX('Test catalog'!$N$2:$N$200,MATCH($AB54,'Test catalog'!$A$2:$A$200,0))),"") | W54: N | AA54: =IFERROR(IF(INDEX('Test catalog'!$O$2:$O$200,MATCH($AB54,'Test catalog'!$A$2:$A$200,0))="","",INDEX('Test catalog'!$O$2:$O$200,MATCH($AB54,'Test catalog'!$A$2:$A$200,0))),"") | AB54: FRIAB
A55: F05 | B55: FP | C55: Cardyd-AM 80/5; Cardyd-AM 80/10; Cardyd-AM 40/5; Cardyd-AM 40/10 | Telmisartan, Amlodipine Besylate | D55: Disintegration | E55: =IF(A55="","",A55&"|"&D55) | F55: Y | G55: Other / bench | H55: Low | I55: 1 | K55: =IFERROR(IF(INDEX('Test catalog'!$F$2:$F$200,MATCH($AB55,'Test catalog'!$A$2:$A$200,0))="","",INDEX('Test catalog'!$F$2:$F$200,MATCH($AB55,'Test catalog'!$A$2:$A$200,0))),"") | L55: =IFERROR(IF(INDEX('Test catalog'!$G$2:$G$200,MATCH($AB55,'Test catalog'!$A$2:$A$200,0))="","",INDEX('Test catalog'!$G$2:$G$200,MATCH($AB55,'Test catalog'!$A$2:$A$200,0))),"") | M55: =IFERROR(IF(INDEX('Test catalog'!$H$2:$H$200,MATCH($AB55,'Test catalog'!$A$2:$A$200,0))="","",INDEX('Test catalog'!$H$2:$H$200,MATCH($AB55,'Test catalog'!$A$2:$A$200,0))),"") | N55: =IFERROR(IF(INDEX('Test catalog'!$I$2:$I$200,MATCH($AB55,'Test catalog'!$A$2:$A$200,0))="","",INDEX('Test catalog'!$I$2:$I$200,MATCH($AB55,'Test catalog'!$A$2:$A$200,0))),"") | O55: =IFERROR(IF(INDEX('Test catalog'!$J$2:$J$200,MATCH($AB55,'Test catalog'!$A$2:$A$200,0))="","",INDEX('Test catalog'!$J$2:$J$200,MATCH($AB55,'Test catalog'!$A$2:$A$200,0))),"") | P55: =IF(N55="","",IF(OR(M55="",O55=""),N55,(M55+4*N55+O55)/6)) | Q55: =IFERROR(IF(INDEX('Test catalog'!$K$2:$K$200,MATCH($AB55,'Test catalog'!$A$2:$A$200,0))="","",INDEX('Test catalog'!$K$2:$K$200,MATCH($AB55,'Test catalog'!$A$2:$A$200,0))),"") | S55: =IFERROR(IF(INDEX('Test catalog'!$L$2:$L$200,MATCH($AB55,'Test catalog'!$A$2:$A$200,0))="","",INDEX('Test catalog'!$L$2:$L$200,MATCH($AB55,'Test catalog'!$A$2:$A$200,0))),"") | T55: =IFERROR(IF(INDEX('Test catalog'!$M$2:$M$200,MATCH($AB55,'Test catalog'!$A$2:$A$200,0))="","",INDEX('Test catalog'!$M$2:$M$200,MATCH($AB55,'Test catalog'!$A$2:$A$200,0))),"") | U55: =IFERROR(IF(INDEX('Test catalog'!$N$2:$N$200,MATCH($AB55,'Test catalog'!$A$2:$A$200,0))="","",INDEX('Test catalog'!$N$2:$N$200,MATCH($AB55,'Test catalog'!$A$2:$A$200,0))),"") | W55: Y | AA55: =IFERROR(IF(INDEX('Test catalog'!$O$2:$O$200,MATCH($AB55,'Test catalog'!$A$2:$A$200,0))="","",INDEX('Test catalog'!$O$2:$O$200,MATCH($AB55,'Test catalog'!$A$2:$A$200,0))),"") | AB55: DISINT
A56: F05 | B56: FP | C56: Cardyd-AM 80/5; Cardyd-AM 80/10; Cardyd-AM 40/5; Cardyd-AM 40/10 | Telmisartan, Amlodipine Besylate | D56: Water content - KF (or LOD if that is what you run) | E56: =IF(A56="","",A56&"|"&D56) | F56: Y | G56: KF titrator | H56: Low | I56: 1 | K56: =IFERROR(IF(INDEX('Test catalog'!$F$2:$F$200,MATCH($AB56,'Test catalog'!$A$2:$A$200,0))="","",INDEX('Test catalog'!$F$2:$F$200,MATCH($AB56,'Test catalog'!$A$2:$A$200,0))),"") | L56: =IFERROR(IF(INDEX('Test catalog'!$G$2:$G$200,MATCH($AB56,'Test catalog'!$A$2:$A$200,0))="","",INDEX('Test catalog'!$G$2:$G$200,MATCH($AB56,'Test catalog'!$A$2:$A$200,0))),"") | M56: =IFERROR(IF(INDEX('Test catalog'!$H$2:$H$200,MATCH($AB56,'Test catalog'!$A$2:$A$200,0))="","",INDEX('Test catalog'!$H$2:$H$200,MATCH($AB56,'Test catalog'!$A$2:$A$200,0))),"") | N56: =IFERROR(IF(INDEX('Test catalog'!$I$2:$I$200,MATCH($AB56,'Test catalog'!$A$2:$A$200,0))="","",INDEX('Test catalog'!$I$2:$I$200,MATCH($AB56,'Test catalog'!$A$2:$A$200,0))),"") | O56: =IFERROR(IF(INDEX('Test catalog'!$J$2:$J$200,MATCH($AB56,'Test catalog'!$A$2:$A$200,0))="","",INDEX('Test catalog'!$J$2:$J$200,MATCH($AB56,'Test catalog'!$A$2:$A$200,0))),"") | P56: =IF(N56="","",IF(OR(M56="",O56=""),N56,(M56+4*N56+O56)/6)) | Q56: =IFERROR(IF(INDEX('Test catalog'!$K$2:$K$200,MATCH($AB56,'Test catalog'!$A$2:$A$200,0))="","",INDEX('Test catalog'!$K$2:$K$200,MATCH($AB56,'Test catalog'!$A$2:$A$200,0))),"") | S56: =IFERROR(IF(INDEX('Test catalog'!$L$2:$L$200,MATCH($AB56,'Test catalog'!$A$2:$A$200,0))="","",INDEX('Test catalog'!$L$2:$L$200,MATCH($AB56,'Test catalog'!$A$2:$A$200,0))),"") | T56: =IFERROR(IF(INDEX('Test catalog'!$M$2:$M$200,MATCH($AB56,'Test catalog'!$A$2:$A$200,0))="","",INDEX('Test catalog'!$M$2:$M$200,MATCH($AB56,'Test catalog'!$A$2:$A$200,0))),"") | U56: =IFERROR(IF(INDEX('Test catalog'!$N$2:$N$200,MATCH($AB56,'Test catalog'!$A$2:$A$200,0))="","",INDEX('Test catalog'!$N$2:$N$200,MATCH($AB56,'Test catalog'!$A$2:$A$200,0))),"") | W56: Y | AA56: =IFERROR(IF(INDEX('Test catalog'!$O$2:$O$200,MATCH($AB56,'Test catalog'!$A$2:$A$200,0))="","",INDEX('Test catalog'!$O$2:$O$200,MATCH($AB56,'Test catalog'!$A$2:$A$200,0))),"") | AB56: WATER
A57: F06 | B57: FP | C57: Cardyd-H 40/12.5; Cardyd-H 80/12.5; Cardyd-H 80/25 | Telmisartan, Hydrochlorothiazide | D57: Assay | E57: =IF(A57="","",A57&"|"&D57) | F57: Y | G57: HPLC | H57: Medium | I57: 1 | P57: =IF(N57="","",IF(OR(M57="",O57=""),N57,(M57+4*N57+O57)/6)) | W57: Y
A58: F06 | B58: FP | C58: Cardyd-H 40/12.5; Cardyd-H 80/12.5; Cardyd-H 80/25 | Telmisartan, Hydrochlorothiazide | D58: Related substances / impurities | E58: =IF(A58="","",A58&"|"&D58) | F58: Y | G58: HPLC | H58: Medium | I58: 1 | P58: =IF(N58="","",IF(OR(M58="",O58=""),N58,(M58+4*N58+O58)/6)) | W58: Y
A59: F06 | B59: FP | C59: Cardyd-H 40/12.5; Cardyd-H 80/12.5; Cardyd-H 80/25 | Telmisartan, Hydrochlorothiazide | D59: Dissolution | E59: =IF(A59="","",A59&"|"&D59) | F59: Y | G59: HPLC | H59: Medium | I59: 1 | P59: =IF(N59="","",IF(OR(M59="",O59=""),N59,(M59+4*N59+O59)/6)) | W59: Y
A60: F06 | B60: FP | C60: Cardyd-H 40/12.5; Cardyd-H 80/12.5; Cardyd-H 80/25 | Telmisartan, Hydrochlorothiazide | D60: Content uniformity | E60: =IF(A60="","",A60&"|"&D60) | F60: Y | G60: HPLC | H60: Medium | I60: 1 | P60: =IF(N60="","",IF(OR(M60="",O60=""),N60,(M60+4*N60+O60)/6)) | W60: N
A61: F06 | B61: FP | C61: Cardyd-H 40/12.5; Cardyd-H 80/12.5; Cardyd-H 80/25 | Telmisartan, Hydrochlorothiazide | D61: Identification (if separate from assay) | E61: =IF(A61="","",A61&"|"&D61) | F61: N | G61: HPLC | H61: Medium | I61: 1 | P61: =IF(N61="","",IF(OR(M61="",O61=""),N61,(M61+4*N61+O61)/6)) | W61: N
A62: F06 | B62: FP | C62: Cardyd-H 40/12.5; Cardyd-H 80/12.5; Cardyd-H 80/25 | Telmisartan, Hydrochlorothiazide | D62: Appearance / description | E62: =IF(A62="","",A62&"|"&D62) | F62: Y | G62: Other / bench | H62: Low | I62: 1 | K62: =IFERROR(IF(INDEX('Test catalog'!$F$2:$F$200,MATCH($AB62,'Test catalog'!$A$2:$A$200,0))="","",INDEX('Test catalog'!$F$2:$F$200,MATCH($AB62,'Test catalog'!$A$2:$A$200,0))),"") | L62: =IFERROR(IF(INDEX('Test catalog'!$G$2:$G$200,MATCH($AB62,'Test catalog'!$A$2:$A$200,0))="","",INDEX('Test catalog'!$G$2:$G$200,MATCH($AB62,'Test catalog'!$A$2:$A$200,0))),"") | M62: =IFERROR(IF(INDEX('Test catalog'!$H$2:$H$200,MATCH($AB62,'Test catalog'!$A$2:$A$200,0))="","",INDEX('Test catalog'!$H$2:$H$200,MATCH($AB62,'Test catalog'!$A$2:$A$200,0))),"") | N62: =IFERROR(IF(INDEX('Test catalog'!$I$2:$I$200,MATCH($AB62,'Test catalog'!$A$2:$A$200,0))="","",INDEX('Test catalog'!$I$2:$I$200,MATCH($AB62,'Test catalog'!$A$2:$A$200,0))),"") | O62: =IFERROR(IF(INDEX('Test catalog'!$J$2:$J$200,MATCH($AB62,'Test catalog'!$A$2:$A$200,0))="","",INDEX('Test catalog'!$J$2:$J$200,MATCH($AB62,'Test catalog'!$A$2:$A$200,0))),"") | P62: =IF(N62="","",IF(OR(M62="",O62=""),N62,(M62+4*N62+O62)/6)) | Q62: =IFERROR(IF(INDEX('Test catalog'!$K$2:$K$200,MATCH($AB62,'Test catalog'!$A$2:$A$200,0))="","",INDEX('Test catalog'!$K$2:$K$200,MATCH($AB62,'Test catalog'!$A$2:$A$200,0))),"") | S62: =IFERROR(IF(INDEX('Test catalog'!$L$2:$L$200,MATCH($AB62,'Test catalog'!$A$2:$A$200,0))="","",INDEX('Test catalog'!$L$2:$L$200,MATCH($AB62,'Test catalog'!$A$2:$A$200,0))),"") | T62: =IFERROR(IF(INDEX('Test catalog'!$M$2:$M$200,MATCH($AB62,'Test catalog'!$A$2:$A$200,0))="","",INDEX('Test catalog'!$M$2:$M$200,MATCH($AB62,'Test catalog'!$A$2:$A$200,0))),"") | U62: =IFERROR(IF(INDEX('Test catalog'!$N$2:$N$200,MATCH($AB62,'Test catalog'!$A$2:$A$200,0))="","",INDEX('Test catalog'!$N$2:$N$200,MATCH($AB62,'Test catalog'!$A$2:$A$200,0))),"") | W62: Y | AA62: =IFERROR(IF(INDEX('Test catalog'!$O$2:$O$200,MATCH($AB62,'Test catalog'!$A$2:$A$200,0))="","",INDEX('Test catalog'!$O$2:$O$200,MATCH($AB62,'Test catalog'!$A$2:$A$200,0))),"") | AB62: APPEAR
A63: F06 | B63: FP | C63: Cardyd-H 40/12.5; Cardyd-H 80/12.5; Cardyd-H 80/25 | Telmisartan, Hydrochlorothiazide | D63: Average weight / uniformity of mass | E63: =IF(A63="","",A63&"|"&D63) | F63: Y | G63: Other / bench | H63: Low | I63: 1 | K63: =IFERROR(IF(INDEX('Test catalog'!$F$2:$F$200,MATCH($AB63,'Test catalog'!$A$2:$A$200,0))="","",INDEX('Test catalog'!$F$2:$F$200,MATCH($AB63,'Test catalog'!$A$2:$A$200,0))),"") | L63: =IFERROR(IF(INDEX('Test catalog'!$G$2:$G$200,MATCH($AB63,'Test catalog'!$A$2:$A$200,0))="","",INDEX('Test catalog'!$G$2:$G$200,MATCH($AB63,'Test catalog'!$A$2:$A$200,0))),"") | M63: =IFERROR(IF(INDEX('Test catalog'!$H$2:$H$200,MATCH($AB63,'Test catalog'!$A$2:$A$200,0))="","",INDEX('Test catalog'!$H$2:$H$200,MATCH($AB63,'Test catalog'!$A$2:$A$200,0))),"") | N63: =IFERROR(IF(INDEX('Test catalog'!$I$2:$I$200,MATCH($AB63,'Test catalog'!$A$2:$A$200,0))="","",INDEX('Test catalog'!$I$2:$I$200,MATCH($AB63,'Test catalog'!$A$2:$A$200,0))),"") | O63: =IFERROR(IF(INDEX('Test catalog'!$J$2:$J$200,MATCH($AB63,'Test catalog'!$A$2:$A$200,0))="","",INDEX('Test catalog'!$J$2:$J$200,MATCH($AB63,'Test catalog'!$A$2:$A$200,0))),"") | P63: =IF(N63="","",IF(OR(M63="",O63=""),N63,(M63+4*N63+O63)/6)) | Q63: =IFERROR(IF(INDEX('Test catalog'!$K$2:$K$200,MATCH($AB63,'Test catalog'!$A$2:$A$200,0))="","",INDEX('Test catalog'!$K$2:$K$200,MATCH($AB63,'Test catalog'!$A$2:$A$200,0))),"") | S63: =IFERROR(IF(INDEX('Test catalog'!$L$2:$L$200,MATCH($AB63,'Test catalog'!$A$2:$A$200,0))="","",INDEX('Test catalog'!$L$2:$L$200,MATCH($AB63,'Test catalog'!$A$2:$A$200,0))),"") | T63: =IFERROR(IF(INDEX('Test catalog'!$M$2:$M$200,MATCH($AB63,'Test catalog'!$A$2:$A$200,0))="","",INDEX('Test catalog'!$M$2:$M$200,MATCH($AB63,'Test catalog'!$A$2:$A$200,0))),"") | U63: =IFERROR(IF(INDEX('Test catalog'!$N$2:$N$200,MATCH($AB63,'Test catalog'!$A$2:$A$200,0))="","",INDEX('Test catalog'!$N$2:$N$200,MATCH($AB63,'Test catalog'!$A$2:$A$200,0))),"") | W63: N | AA63: =IFERROR(IF(INDEX('Test catalog'!$O$2:$O$200,MATCH($AB63,'Test catalog'!$A$2:$A$200,0))="","",INDEX('Test catalog'!$O$2:$O$200,MATCH($AB63,'Test catalog'!$A$2:$A$200,0))),"") | AB63: AVG_WT
A64: F06 | B64: FP | C64: Cardyd-H 40/12.5; Cardyd-H 80/12.5; Cardyd-H 80/25 | Telmisartan, Hydrochlorothiazide | D64: Hardness (with thickness / diameter) | E64: =IF(A64="","",A64&"|"&D64) | F64: Y | G64: Other / bench | H64: Low | I64: 1 | K64: =IFERROR(IF(INDEX('Test catalog'!$F$2:$F$200,MATCH($AB64,'Test catalog'!$A$2:$A$200,0))="","",INDEX('Test catalog'!$F$2:$F$200,MATCH($AB64,'Test catalog'!$A$2:$A$200,0))),"") | L64: =IFERROR(IF(INDEX('Test catalog'!$G$2:$G$200,MATCH($AB64,'Test catalog'!$A$2:$A$200,0))="","",INDEX('Test catalog'!$G$2:$G$200,MATCH($AB64,'Test catalog'!$A$2:$A$200,0))),"") | M64: =IFERROR(IF(INDEX('Test catalog'!$H$2:$H$200,MATCH($AB64,'Test catalog'!$A$2:$A$200,0))="","",INDEX('Test catalog'!$H$2:$H$200,MATCH($AB64,'Test catalog'!$A$2:$A$200,0))),"") | N64: =IFERROR(IF(INDEX('Test catalog'!$I$2:$I$200,MATCH($AB64,'Test catalog'!$A$2:$A$200,0))="","",INDEX('Test catalog'!$I$2:$I$200,MATCH($AB64,'Test catalog'!$A$2:$A$200,0))),"") | O64: =IFERROR(IF(INDEX('Test catalog'!$J$2:$J$200,MATCH($AB64,'Test catalog'!$A$2:$A$200,0))="","",INDEX('Test catalog'!$J$2:$J$200,MATCH($AB64,'Test catalog'!$A$2:$A$200,0))),"") | P64: =IF(N64="","",IF(OR(M64="",O64=""),N64,(M64+4*N64+O64)/6)) | Q64: =IFERROR(IF(INDEX('Test catalog'!$K$2:$K$200,MATCH($AB64,'Test catalog'!$A$2:$A$200,0))="","",INDEX('Test catalog'!$K$2:$K$200,MATCH($AB64,'Test catalog'!$A$2:$A$200,0))),"") | S64: =IFERROR(IF(INDEX('Test catalog'!$L$2:$L$200,MATCH($AB64,'Test catalog'!$A$2:$A$200,0))="","",INDEX('Test catalog'!$L$2:$L$200,MATCH($AB64,'Test catalog'!$A$2:$A$200,0))),"") | T64: =IFERROR(IF(INDEX('Test catalog'!$M$2:$M$200,MATCH($AB64,'Test catalog'!$A$2:$A$200,0))="","",INDEX('Test catalog'!$M$2:$M$200,MATCH($AB64,'Test catalog'!$A$2:$A$200,0))),"") | U64: =IFERROR(IF(INDEX('Test catalog'!$N$2:$N$200,MATCH($AB64,'Test catalog'!$A$2:$A$200,0))="","",INDEX('Test catalog'!$N$2:$N$200,MATCH($AB64,'Test catalog'!$A$2:$A$200,0))),"") | W64: Y | AA64: =IFERROR(IF(INDEX('Test catalog'!$O$2:$O$200,MATCH($AB64,'Test catalog'!$A$2:$A$200,0))="","",INDEX('Test catalog'!$O$2:$O$200,MATCH($AB64,'Test catalog'!$A$2:$A$200,0))),"") | AB64: HARD
A65: F06 | B65: FP | C65: Cardyd-H 40/12.5; Cardyd-H 80/12.5; Cardyd-H 80/25 | Telmisartan, Hydrochlorothiazide | D65: Friability | E65: =IF(A65="","",A65&"|"&D65) | F65: Y | G65: Other / bench | H65: Low | I65: 1 | K65: =IFERROR(IF(INDEX('Test catalog'!$F$2:$F$200,MATCH($AB65,'Test catalog'!$A$2:$A$200,0))="","",INDEX('Test catalog'!$F$2:$F$200,MATCH($AB65,'Test catalog'!$A$2:$A$200,0))),"") | L65: =IFERROR(IF(INDEX('Test catalog'!$G$2:$G$200,MATCH($AB65,'Test catalog'!$A$2:$A$200,0))="","",INDEX('Test catalog'!$G$2:$G$200,MATCH($AB65,'Test catalog'!$A$2:$A$200,0))),"") | M65: =IFERROR(IF(INDEX('Test catalog'!$H$2:$H$200,MATCH($AB65,'Test catalog'!$A$2:$A$200,0))="","",INDEX('Test catalog'!$H$2:$H$200,MATCH($AB65,'Test catalog'!$A$2:$A$200,0))),"") | N65: =IFERROR(IF(INDEX('Test catalog'!$I$2:$I$200,MATCH($AB65,'Test catalog'!$A$2:$A$200,0))="","",INDEX('Test catalog'!$I$2:$I$200,MATCH($AB65,'Test catalog'!$A$2:$A$200,0))),"") | O65: =IFERROR(IF(INDEX('Test catalog'!$J$2:$J$200,MATCH($AB65,'Test catalog'!$A$2:$A$200,0))="","",INDEX('Test catalog'!$J$2:$J$200,MATCH($AB65,'Test catalog'!$A$2:$A$200,0))),"") | P65: =IF(N65="","",IF(OR(M65="",O65=""),N65,(M65+4*N65+O65)/6)) | Q65: =IFERROR(IF(INDEX('Test catalog'!$K$2:$K$200,MATCH($AB65,'Test catalog'!$A$2:$A$200,0))="","",INDEX('Test catalog'!$K$2:$K$200,MATCH($AB65,'Test catalog'!$A$2:$A$200,0))),"") | S65: =IFERROR(IF(INDEX('Test catalog'!$L$2:$L$200,MATCH($AB65,'Test catalog'!$A$2:$A$200,0))="","",INDEX('Test catalog'!$L$2:$L$200,MATCH($AB65,'Test catalog'!$A$2:$A$200,0))),"") | T65: =IFERROR(IF(INDEX('Test catalog'!$M$2:$M$200,MATCH($AB65,'Test catalog'!$A$2:$A$200,0))="","",INDEX('Test catalog'!$M$2:$M$200,MATCH($AB65,'Test catalog'!$A$2:$A$200,0))),"") | U65: =IFERROR(IF(INDEX('Test catalog'!$N$2:$N$200,MATCH($AB65,'Test catalog'!$A$2:$A$200,0))="","",INDEX('Test catalog'!$N$2:$N$200,MATCH($AB65,'Test catalog'!$A$2:$A$200,0))),"") | W65: N | AA65: =IFERROR(IF(INDEX('Test catalog'!$O$2:$O$200,MATCH($AB65,'Test catalog'!$A$2:$A$200,0))="","",INDEX('Test catalog'!$O$2:$O$200,MATCH($AB65,'Test catalog'!$A$2:$A$200,0))),"") | AB65: FRIAB
A66: F06 | B66: FP | C66: Cardyd-H 40/12.5; Cardyd-H 80/12.5; Cardyd-H 80/25 | Telmisartan, Hydrochlorothiazide | D66: Disintegration | E66: =IF(A66="","",A66&"|"&D66) | F66: Y | G66: Other / bench | H66: Low | I66: 1 | K66: =IFERROR(IF(INDEX('Test catalog'!$F$2:$F$200,MATCH($AB66,'Test catalog'!$A$2:$A$200,0))="","",INDEX('Test catalog'!$F$2:$F$200,MATCH($AB66,'Test catalog'!$A$2:$A$200,0))),"") | L66: =IFERROR(IF(INDEX('Test catalog'!$G$2:$G$200,MATCH($AB66,'Test catalog'!$A$2:$A$200,0))="","",INDEX('Test catalog'!$G$2:$G$200,MATCH($AB66,'Test catalog'!$A$2:$A$200,0))),"") | M66: =IFERROR(IF(INDEX('Test catalog'!$H$2:$H$200,MATCH($AB66,'Test catalog'!$A$2:$A$200,0))="","",INDEX('Test catalog'!$H$2:$H$200,MATCH($AB66,'Test catalog'!$A$2:$A$200,0))),"") | N66: =IFERROR(IF(INDEX('Test catalog'!$I$2:$I$200,MATCH($AB66,'Test catalog'!$A$2:$A$200,0))="","",INDEX('Test catalog'!$I$2:$I$200,MATCH($AB66,'Test catalog'!$A$2:$A$200,0))),"") | O66: =IFERROR(IF(INDEX('Test catalog'!$J$2:$J$200,MATCH($AB66,'Test catalog'!$A$2:$A$200,0))="","",INDEX('Test catalog'!$J$2:$J$200,MATCH($AB66,'Test catalog'!$A$2:$A$200,0))),"") | P66: =IF(N66="","",IF(OR(M66="",O66=""),N66,(M66+4*N66+O66)/6)) | Q66: =IFERROR(IF(INDEX('Test catalog'!$K$2:$K$200,MATCH($AB66,'Test catalog'!$A$2:$A$200,0))="","",INDEX('Test catalog'!$K$2:$K$200,MATCH($AB66,'Test catalog'!$A$2:$A$200,0))),"") | S66: =IFERROR(IF(INDEX('Test catalog'!$L$2:$L$200,MATCH($AB66,'Test catalog'!$A$2:$A$200,0))="","",INDEX('Test catalog'!$L$2:$L$200,MATCH($AB66,'Test catalog'!$A$2:$A$200,0))),"") | T66: =IFERROR(IF(INDEX('Test catalog'!$M$2:$M$200,MATCH($AB66,'Test catalog'!$A$2:$A$200,0))="","",INDEX('Test catalog'!$M$2:$M$200,MATCH($AB66,'Test catalog'!$A$2:$A$200,0))),"") | U66: =IFERROR(IF(INDEX('Test catalog'!$N$2:$N$200,MATCH($AB66,'Test catalog'!$A$2:$A$200,0))="","",INDEX('Test catalog'!$N$2:$N$200,MATCH($AB66,'Test catalog'!$A$2:$A$200,0))),"") | W66: Y | AA66: =IFERROR(IF(INDEX('Test catalog'!$O$2:$O$200,MATCH($AB66,'Test catalog'!$A$2:$A$200,0))="","",INDEX('Test catalog'!$O$2:$O$200,MATCH($AB66,'Test catalog'!$A$2:$A$200,0))),"") | AB66: DISINT
A67: F06 | B67: FP | C67: Cardyd-H 40/12.5; Cardyd-H 80/12.5; Cardyd-H 80/25 | Telmisartan, Hydrochlorothiazide | D67: Water content - KF (or LOD if that is what you run) | E67: =IF(A67="","",A67&"|"&D67) | F67: Y | G67: KF titrator | H67: Low | I67: 1 | K67: =IFERROR(IF(INDEX('Test catalog'!$F$2:$F$200,MATCH($AB67,'Test catalog'!$A$2:$A$200,0))="","",INDEX('Test catalog'!$F$2:$F$200,MATCH($AB67,'Test catalog'!$A$2:$A$200,0))),"") | L67: =IFERROR(IF(INDEX('Test catalog'!$G$2:$G$200,MATCH($AB67,'Test catalog'!$A$2:$A$200,0))="","",INDEX('Test catalog'!$G$2:$G$200,MATCH($AB67,'Test catalog'!$A$2:$A$200,0))),"") | M67: =IFERROR(IF(INDEX('Test catalog'!$H$2:$H$200,MATCH($AB67,'Test catalog'!$A$2:$A$200,0))="","",INDEX('Test catalog'!$H$2:$H$200,MATCH($AB67,'Test catalog'!$A$2:$A$200,0))),"") | N67: =IFERROR(IF(INDEX('Test catalog'!$I$2:$I$200,MATCH($AB67,'Test catalog'!$A$2:$A$200,0))="","",INDEX('Test catalog'!$I$2:$I$200,MATCH($AB67,'Test catalog'!$A$2:$A$200,0))),"") | O67: =IFERROR(IF(INDEX('Test catalog'!$J$2:$J$200,MATCH($AB67,'Test catalog'!$A$2:$A$200,0))="","",INDEX('Test catalog'!$J$2:$J$200,MATCH($AB67,'Test catalog'!$A$2:$A$200,0))),"") | P67: =IF(N67="","",IF(OR(M67="",O67=""),N67,(M67+4*N67+O67)/6)) | Q67: =IFERROR(IF(INDEX('Test catalog'!$K$2:$K$200,MATCH($AB67,'Test catalog'!$A$2:$A$200,0))="","",INDEX('Test catalog'!$K$2:$K$200,MATCH($AB67,'Test catalog'!$A$2:$A$200,0))),"") | S67: =IFERROR(IF(INDEX('Test catalog'!$L$2:$L$200,MATCH($AB67,'Test catalog'!$A$2:$A$200,0))="","",INDEX('Test catalog'!$L$2:$L$200,MATCH($AB67,'Test catalog'!$A$2:$A$200,0))),"") | T67: =IFERROR(IF(INDEX('Test catalog'!$M$2:$M$200,MATCH($AB67,'Test catalog'!$A$2:$A$200,0))="","",INDEX('Test catalog'!$M$2:$M$200,MATCH($AB67,'Test catalog'!$A$2:$A$200,0))),"") | U67: =IFERROR(IF(INDEX('Test catalog'!$N$2:$N$200,MATCH($AB67,'Test catalog'!$A$2:$A$200,0))="","",INDEX('Test catalog'!$N$2:$N$200,MATCH($AB67,'Test catalog'!$A$2:$A$200,0))),"") | W67: Y | AA67: =IFERROR(IF(INDEX('Test catalog'!$O$2:$O$200,MATCH($AB67,'Test catalog'!$A$2:$A$200,0))="","",INDEX('Test catalog'!$O$2:$O$200,MATCH($AB67,'Test catalog'!$A$2:$A$200,0))),"") | AB67: WATER
A68: F07 | B68: FP | C68: Dexlansoprazole 60; Dexlansoprazole 30 | Dexlansoprazole Pellets 20% | D68: Assay | E68: =IF(A68="","",A68&"|"&D68) | F68: Y | G68: HPLC | H68: Low | I68: 1 | P68: =IF(N68="","",IF(OR(M68="",O68=""),N68,(M68+4*N68+O68)/6)) | W68: Y
A69: F07 | B69: FP | C69: Dexlansoprazole 60; Dexlansoprazole 30 | Dexlansoprazole Pellets 20% | D69: Related substances / impurities | E69: =IF(A69="","",A69&"|"&D69) | F69: Y | G69: HPLC | H69: Low | I69: 1 | P69: =IF(N69="","",IF(OR(M69="",O69=""),N69,(M69+4*N69+O69)/6)) | W69: Y
A70: F07 | B70: FP | C70: Dexlansoprazole 60; Dexlansoprazole 30 | Dexlansoprazole Pellets 20% | D70: Dissolution | E70: =IF(A70="","",A70&"|"&D70) | F70: Y | G70: HPLC | H70: Low | I70: 1 | P70: =IF(N70="","",IF(OR(M70="",O70=""),N70,(M70+4*N70+O70)/6)) | W70: Y
A71: F07 | B71: FP | C71: Dexlansoprazole 60; Dexlansoprazole 30 | Dexlansoprazole Pellets 20% | D71: Content uniformity | E71: =IF(A71="","",A71&"|"&D71) | F71: Y | G71: HPLC | H71: Low | I71: 1 | P71: =IF(N71="","",IF(OR(M71="",O71=""),N71,(M71+4*N71+O71)/6)) | W71: N
A72: F07 | B72: FP | C72: Dexlansoprazole 60; Dexlansoprazole 30 | Dexlansoprazole Pellets 20% | D72: Identification (if separate from assay) | E72: =IF(A72="","",A72&"|"&D72) | F72: N | G72: HPLC | H72: Low | I72: 1 | P72: =IF(N72="","",IF(OR(M72="",O72=""),N72,(M72+4*N72+O72)/6)) | W72: N
A73: F07 | B73: FP | C73: Dexlansoprazole 60; Dexlansoprazole 30 | Dexlansoprazole Pellets 20% | D73: Appearance / description | E73: =IF(A73="","",A73&"|"&D73) | F73: Y | G73: Other / bench | H73: Low | I73: 1 | K73: =IFERROR(IF(INDEX('Test catalog'!$F$2:$F$200,MATCH($AB73,'Test catalog'!$A$2:$A$200,0))="","",INDEX('Test catalog'!$F$2:$F$200,MATCH($AB73,'Test catalog'!$A$2:$A$200,0))),"") | L73: =IFERROR(IF(INDEX('Test catalog'!$G$2:$G$200,MATCH($AB73,'Test catalog'!$A$2:$A$200,0))="","",INDEX('Test catalog'!$G$2:$G$200,MATCH($AB73,'Test catalog'!$A$2:$A$200,0))),"") | M73: =IFERROR(IF(INDEX('Test catalog'!$H$2:$H$200,MATCH($AB73,'Test catalog'!$A$2:$A$200,0))="","",INDEX('Test catalog'!$H$2:$H$200,MATCH($AB73,'Test catalog'!$A$2:$A$200,0))),"") | N73: =IFERROR(IF(INDEX('Test catalog'!$I$2:$I$200,MATCH($AB73,'Test catalog'!$A$2:$A$200,0))="","",INDEX('Test catalog'!$I$2:$I$200,MATCH($AB73,'Test catalog'!$A$2:$A$200,0))),"") | O73: =IFERROR(IF(INDEX('Test catalog'!$J$2:$J$200,MATCH($AB73,'Test catalog'!$A$2:$A$200,0))="","",INDEX('Test catalog'!$J$2:$J$200,MATCH($AB73,'Test catalog'!$A$2:$A$200,0))),"") | P73: =IF(N73="","",IF(OR(M73="",O73=""),N73,(M73+4*N73+O73)/6)) | Q73: =IFERROR(IF(INDEX('Test catalog'!$K$2:$K$200,MATCH($AB73,'Test catalog'!$A$2:$A$200,0))="","",INDEX('Test catalog'!$K$2:$K$200,MATCH($AB73,'Test catalog'!$A$2:$A$200,0))),"") | S73: =IFERROR(IF(INDEX('Test catalog'!$L$2:$L$200,MATCH($AB73,'Test catalog'!$A$2:$A$200,0))="","",INDEX('Test catalog'!$L$2:$L$200,MATCH($AB73,'Test catalog'!$A$2:$A$200,0))),"") | T73: =IFERROR(IF(INDEX('Test catalog'!$M$2:$M$200,MATCH($AB73,'Test catalog'!$A$2:$A$200,0))="","",INDEX('Test catalog'!$M$2:$M$200,MATCH($AB73,'Test catalog'!$A$2:$A$200,0))),"") | U73: =IFERROR(IF(INDEX('Test catalog'!$N$2:$N$200,MATCH($AB73,'Test catalog'!$A$2:$A$200,0))="","",INDEX('Test catalog'!$N$2:$N$200,MATCH($AB73,'Test catalog'!$A$2:$A$200,0))),"") | W73: Y | AA73: =IFERROR(IF(INDEX('Test catalog'!$O$2:$O$200,MATCH($AB73,'Test catalog'!$A$2:$A$200,0))="","",INDEX('Test catalog'!$O$2:$O$200,MATCH($AB73,'Test catalog'!$A$2:$A$200,0))),"") | AB73: APPEAR
A74: F07 | B74: FP | C74: Dexlansoprazole 60; Dexlansoprazole 30 | Dexlansoprazole Pellets 20% | D74: Average weight / uniformity of mass | E74: =IF(A74="","",A74&"|"&D74) | F74: Y | G74: Other / bench | H74: Low | I74: 1 | K74: =IFERROR(IF(INDEX('Test catalog'!$F$2:$F$200,MATCH($AB74,'Test catalog'!$A$2:$A$200,0))="","",INDEX('Test catalog'!$F$2:$F$200,MATCH($AB74,'Test catalog'!$A$2:$A$200,0))),"") | L74: =IFERROR(IF(INDEX('Test catalog'!$G$2:$G$200,MATCH($AB74,'Test catalog'!$A$2:$A$200,0))="","",INDEX('Test catalog'!$G$2:$G$200,MATCH($AB74,'Test catalog'!$A$2:$A$200,0))),"") | M74: =IFERROR(IF(INDEX('Test catalog'!$H$2:$H$200,MATCH($AB74,'Test catalog'!$A$2:$A$200,0))="","",INDEX('Test catalog'!$H$2:$H$200,MATCH($AB74,'Test catalog'!$A$2:$A$200,0))),"") | N74: =IFERROR(IF(INDEX('Test catalog'!$I$2:$I$200,MATCH($AB74,'Test catalog'!$A$2:$A$200,0))="","",INDEX('Test catalog'!$I$2:$I$200,MATCH($AB74,'Test catalog'!$A$2:$A$200,0))),"") | O74: =IFERROR(IF(INDEX('Test catalog'!$J$2:$J$200,MATCH($AB74,'Test catalog'!$A$2:$A$200,0))="","",INDEX('Test catalog'!$J$2:$J$200,MATCH($AB74,'Test catalog'!$A$2:$A$200,0))),"") | P74: =IF(N74="","",IF(OR(M74="",O74=""),N74,(M74+4*N74+O74)/6)) | Q74: =IFERROR(IF(INDEX('Test catalog'!$K$2:$K$200,MATCH($AB74,'Test catalog'!$A$2:$A$200,0))="","",INDEX('Test catalog'!$K$2:$K$200,MATCH($AB74,'Test catalog'!$A$2:$A$200,0))),"") | S74: =IFERROR(IF(INDEX('Test catalog'!$L$2:$L$200,MATCH($AB74,'Test catalog'!$A$2:$A$200,0))="","",INDEX('Test catalog'!$L$2:$L$200,MATCH($AB74,'Test catalog'!$A$2:$A$200,0))),"") | T74: =IFERROR(IF(INDEX('Test catalog'!$M$2:$M$200,MATCH($AB74,'Test catalog'!$A$2:$A$200,0))="","",INDEX('Test catalog'!$M$2:$M$200,MATCH($AB74,'Test catalog'!$A$2:$A$200,0))),"") | U74: =IFERROR(IF(INDEX('Test catalog'!$N$2:$N$200,MATCH($AB74,'Test catalog'!$A$2:$A$200,0))="","",INDEX('Test catalog'!$N$2:$N$200,MATCH($AB74,'Test catalog'!$A$2:$A$200,0))),"") | W74: N | AA74: =IFERROR(IF(INDEX('Test catalog'!$O$2:$O$200,MATCH($AB74,'Test catalog'!$A$2:$A$200,0))="","",INDEX('Test catalog'!$O$2:$O$200,MATCH($AB74,'Test catalog'!$A$2:$A$200,0))),"") | AB74: AVG_WT
A75: F07 | B75: FP | C75: Dexlansoprazole 60; Dexlansoprazole 30 | Dexlansoprazole Pellets 20% | D75: Disintegration | E75: =IF(A75="","",A75&"|"&D75) | F75: Y | G75: Other / bench | H75: Low | I75: 1 | K75: =IFERROR(IF(INDEX('Test catalog'!$F$2:$F$200,MATCH($AB75,'Test catalog'!$A$2:$A$200,0))="","",INDEX('Test catalog'!$F$2:$F$200,MATCH($AB75,'Test catalog'!$A$2:$A$200,0))),"") | L75: =IFERROR(IF(INDEX('Test catalog'!$G$2:$G$200,MATCH($AB75,'Test catalog'!$A$2:$A$200,0))="","",INDEX('Test catalog'!$G$2:$G$200,MATCH($AB75,'Test catalog'!$A$2:$A$200,0))),"") | M75: =IFERROR(IF(INDEX('Test catalog'!$H$2:$H$200,MATCH($AB75,'Test catalog'!$A$2:$A$200,0))="","",INDEX('Test catalog'!$H$2:$H$200,MATCH($AB75,'Test catalog'!$A$2:$A$200,0))),"") | N75: =IFERROR(IF(INDEX('Test catalog'!$I$2:$I$200,MATCH($AB75,'Test catalog'!$A$2:$A$200,0))="","",INDEX('Test catalog'!$I$2:$I$200,MATCH($AB75,'Test catalog'!$A$2:$A$200,0))),"") | O75: =IFERROR(IF(INDEX('Test catalog'!$J$2:$J$200,MATCH($AB75,'Test catalog'!$A$2:$A$200,0))="","",INDEX('Test catalog'!$J$2:$J$200,MATCH($AB75,'Test catalog'!$A$2:$A$200,0))),"") | P75: =IF(N75="","",IF(OR(M75="",O75=""),N75,(M75+4*N75+O75)/6)) | Q75: =IFERROR(IF(INDEX('Test catalog'!$K$2:$K$200,MATCH($AB75,'Test catalog'!$A$2:$A$200,0))="","",INDEX('Test catalog'!$K$2:$K$200,MATCH($AB75,'Test catalog'!$A$2:$A$200,0))),"") | S75: =IFERROR(IF(INDEX('Test catalog'!$L$2:$L$200,MATCH($AB75,'Test catalog'!$A$2:$A$200,0))="","",INDEX('Test catalog'!$L$2:$L$200,MATCH($AB75,'Test catalog'!$A$2:$A$200,0))),"") | T75: =IFERROR(IF(INDEX('Test catalog'!$M$2:$M$200,MATCH($AB75,'Test catalog'!$A$2:$A$200,0))="","",INDEX('Test catalog'!$M$2:$M$200,MATCH($AB75,'Test catalog'!$A$2:$A$200,0))),"") | U75: =IFERROR(IF(INDEX('Test catalog'!$N$2:$N$200,MATCH($AB75,'Test catalog'!$A$2:$A$200,0))="","",INDEX('Test catalog'!$N$2:$N$200,MATCH($AB75,'Test catalog'!$A$2:$A$200,0))),"") | W75: Y | AA75: =IFERROR(IF(INDEX('Test catalog'!$O$2:$O$200,MATCH($AB75,'Test catalog'!$A$2:$A$200,0))="","",INDEX('Test catalog'!$O$2:$O$200,MATCH($AB75,'Test catalog'!$A$2:$A$200,0))),"") | AB75: DISINT
A76: F07 | B76: FP | C76: Dexlansoprazole 60; Dexlansoprazole 30 | Dexlansoprazole Pellets 20% | D76: Water content - KF (or LOD if that is what you run) | E76: =IF(A76="","",A76&"|"&D76) | F76: Y | G76: KF titrator | H76: Low | I76: 1 | K76: =IFERROR(IF(INDEX('Test catalog'!$F$2:$F$200,MATCH($AB76,'Test catalog'!$A$2:$A$200,0))="","",INDEX('Test catalog'!$F$2:$F$200,MATCH($AB76,'Test catalog'!$A$2:$A$200,0))),"") | L76: =IFERROR(IF(INDEX('Test catalog'!$G$2:$G$200,MATCH($AB76,'Test catalog'!$A$2:$A$200,0))="","",INDEX('Test catalog'!$G$2:$G$200,MATCH($AB76,'Test catalog'!$A$2:$A$200,0))),"") | M76: =IFERROR(IF(INDEX('Test catalog'!$H$2:$H$200,MATCH($AB76,'Test catalog'!$A$2:$A$200,0))="","",INDEX('Test catalog'!$H$2:$H$200,MATCH($AB76,'Test catalog'!$A$2:$A$200,0))),"") | N76: =IFERROR(IF(INDEX('Test catalog'!$I$2:$I$200,MATCH($AB76,'Test catalog'!$A$2:$A$200,0))="","",INDEX('Test catalog'!$I$2:$I$200,MATCH($AB76,'Test catalog'!$A$2:$A$200,0))),"") | O76: =IFERROR(IF(INDEX('Test catalog'!$J$2:$J$200,MATCH($AB76,'Test catalog'!$A$2:$A$200,0))="","",INDEX('Test catalog'!$J$2:$J$200,MATCH($AB76,'Test catalog'!$A$2:$A$200,0))),"") | P76: =IF(N76="","",IF(OR(M76="",O76=""),N76,(M76+4*N76+O76)/6)) | Q76: =IFERROR(IF(INDEX('Test catalog'!$K$2:$K$200,MATCH($AB76,'Test catalog'!$A$2:$A$200,0))="","",INDEX('Test catalog'!$K$2:$K$200,MATCH($AB76,'Test catalog'!$A$2:$A$200,0))),"") | S76: =IFERROR(IF(INDEX('Test catalog'!$L$2:$L$200,MATCH($AB76,'Test catalog'!$A$2:$A$200,0))="","",INDEX('Test catalog'!$L$2:$L$200,MATCH($AB76,'Test catalog'!$A$2:$A$200,0))),"") | T76: =IFERROR(IF(INDEX('Test catalog'!$M$2:$M$200,MATCH($AB76,'Test catalog'!$A$2:$A$200,0))="","",INDEX('Test catalog'!$M$2:$M$200,MATCH($AB76,'Test catalog'!$A$2:$A$200,0))),"") | U76: =IFERROR(IF(INDEX('Test catalog'!$N$2:$N$200,MATCH($AB76,'Test catalog'!$A$2:$A$200,0))="","",INDEX('Test catalog'!$N$2:$N$200,MATCH($AB76,'Test catalog'!$A$2:$A$200,0))),"") | W76: Y | AA76: =IFERROR(IF(INDEX('Test catalog'!$O$2:$O$200,MATCH($AB76,'Test catalog'!$A$2:$A$200,0))="","",INDEX('Test catalog'!$O$2:$O$200,MATCH($AB76,'Test catalog'!$A$2:$A$200,0))),"") | AB76: WATER
A77: F08 | B77: FP | C77: Prucalopride 1; Prucalopride 2 | Prucalopride Succinate | D77: Assay | E77: =IF(A77="","",A77&"|"&D77) | F77: Y | G77: HPLC | H77: Low | I77: 1 | P77: =IF(N77="","",IF(OR(M77="",O77=""),N77,(M77+4*N77+O77)/6)) | W77: Y
A78: F08 | B78: FP | C78: Prucalopride 1; Prucalopride 2 | Prucalopride Succinate | D78: Related substances / impurities | E78: =IF(A78="","",A78&"|"&D78) | F78: Y | G78: HPLC | H78: Low | I78: 1 | P78: =IF(N78="","",IF(OR(M78="",O78=""),N78,(M78+4*N78+O78)/6)) | W78: Y
A79: F08 | B79: FP | C79: Prucalopride 1; Prucalopride 2 | Prucalopride Succinate | D79: Dissolution | E79: =IF(A79="","",A79&"|"&D79) | F79: Y | G79: HPLC | H79: Low | I79: 1 | P79: =IF(N79="","",IF(OR(M79="",O79=""),N79,(M79+4*N79+O79)/6)) | W79: Y
A80: F08 | B80: FP | C80: Prucalopride 1; Prucalopride 2 | Prucalopride Succinate | D80: Content uniformity | E80: =IF(A80="","",A80&"|"&D80) | F80: Y | G80: HPLC | H80: Low | I80: 1 | P80: =IF(N80="","",IF(OR(M80="",O80=""),N80,(M80+4*N80+O80)/6)) | W80: N
A81: F08 | B81: FP | C81: Prucalopride 1; Prucalopride 2 | Prucalopride Succinate | D81: Identification (if separate from assay) | E81: =IF(A81="","",A81&"|"&D81) | F81: N | G81: HPLC | H81: Low | I81: 1 | P81: =IF(N81="","",IF(OR(M81="",O81=""),N81,(M81+4*N81+O81)/6)) | W81: N
A82: F08 | B82: FP | C82: Prucalopride 1; Prucalopride 2 | Prucalopride Succinate | D82: Appearance / description | E82: =IF(A82="","",A82&"|"&D82) | F82: Y | G82: Other / bench | H82: Low | I82: 1 | K82: =IFERROR(IF(INDEX('Test catalog'!$F$2:$F$200,MATCH($AB82,'Test catalog'!$A$2:$A$200,0))="","",INDEX('Test catalog'!$F$2:$F$200,MATCH($AB82,'Test catalog'!$A$2:$A$200,0))),"") | L82: =IFERROR(IF(INDEX('Test catalog'!$G$2:$G$200,MATCH($AB82,'Test catalog'!$A$2:$A$200,0))="","",INDEX('Test catalog'!$G$2:$G$200,MATCH($AB82,'Test catalog'!$A$2:$A$200,0))),"") | M82: =IFERROR(IF(INDEX('Test catalog'!$H$2:$H$200,MATCH($AB82,'Test catalog'!$A$2:$A$200,0))="","",INDEX('Test catalog'!$H$2:$H$200,MATCH($AB82,'Test catalog'!$A$2:$A$200,0))),"") | N82: =IFERROR(IF(INDEX('Test catalog'!$I$2:$I$200,MATCH($AB82,'Test catalog'!$A$2:$A$200,0))="","",INDEX('Test catalog'!$I$2:$I$200,MATCH($AB82,'Test catalog'!$A$2:$A$200,0))),"") | O82: =IFERROR(IF(INDEX('Test catalog'!$J$2:$J$200,MATCH($AB82,'Test catalog'!$A$2:$A$200,0))="","",INDEX('Test catalog'!$J$2:$J$200,MATCH($AB82,'Test catalog'!$A$2:$A$200,0))),"") | P82: =IF(N82="","",IF(OR(M82="",O82=""),N82,(M82+4*N82+O82)/6)) | Q82: =IFERROR(IF(INDEX('Test catalog'!$K$2:$K$200,MATCH($AB82,'Test catalog'!$A$2:$A$200,0))="","",INDEX('Test catalog'!$K$2:$K$200,MATCH($AB82,'Test catalog'!$A$2:$A$200,0))),"") | S82: =IFERROR(IF(INDEX('Test catalog'!$L$2:$L$200,MATCH($AB82,'Test catalog'!$A$2:$A$200,0))="","",INDEX('Test catalog'!$L$2:$L$200,MATCH($AB82,'Test catalog'!$A$2:$A$200,0))),"") | T82: =IFERROR(IF(INDEX('Test catalog'!$M$2:$M$200,MATCH($AB82,'Test catalog'!$A$2:$A$200,0))="","",INDEX('Test catalog'!$M$2:$M$200,MATCH($AB82,'Test catalog'!$A$2:$A$200,0))),"") | U82: =IFERROR(IF(INDEX('Test catalog'!$N$2:$N$200,MATCH($AB82,'Test catalog'!$A$2:$A$200,0))="","",INDEX('Test catalog'!$N$2:$N$200,MATCH($AB82,'Test catalog'!$A$2:$A$200,0))),"") | W82: Y | AA82: =IFERROR(IF(INDEX('Test catalog'!$O$2:$O$200,MATCH($AB82,'Test catalog'!$A$2:$A$200,0))="","",INDEX('Test catalog'!$O$2:$O$200,MATCH($AB82,'Test catalog'!$A$2:$A$200,0))),"") | AB82: APPEAR
A83: F08 | B83: FP | C83: Prucalopride 1; Prucalopride 2 | Prucalopride Succinate | D83: Average weight / uniformity of mass | E83: =IF(A83="","",A83&"|"&D83) | F83: Y | G83: Other / bench | H83: Low | I83: 1 | K83: =IFERROR(IF(INDEX('Test catalog'!$F$2:$F$200,MATCH($AB83,'Test catalog'!$A$2:$A$200,0))="","",INDEX('Test catalog'!$F$2:$F$200,MATCH($AB83,'Test catalog'!$A$2:$A$200,0))),"") | L83: =IFERROR(IF(INDEX('Test catalog'!$G$2:$G$200,MATCH($AB83,'Test catalog'!$A$2:$A$200,0))="","",INDEX('Test catalog'!$G$2:$G$200,MATCH($AB83,'Test catalog'!$A$2:$A$200,0))),"") | M83: =IFERROR(IF(INDEX('Test catalog'!$H$2:$H$200,MATCH($AB83,'Test catalog'!$A$2:$A$200,0))="","",INDEX('Test catalog'!$H$2:$H$200,MATCH($AB83,'Test catalog'!$A$2:$A$200,0))),"") | N83: =IFERROR(IF(INDEX('Test catalog'!$I$2:$I$200,MATCH($AB83,'Test catalog'!$A$2:$A$200,0))="","",INDEX('Test catalog'!$I$2:$I$200,MATCH($AB83,'Test catalog'!$A$2:$A$200,0))),"") | O83: =IFERROR(IF(INDEX('Test catalog'!$J$2:$J$200,MATCH($AB83,'Test catalog'!$A$2:$A$200,0))="","",INDEX('Test catalog'!$J$2:$J$200,MATCH($AB83,'Test catalog'!$A$2:$A$200,0))),"") | P83: =IF(N83="","",IF(OR(M83="",O83=""),N83,(M83+4*N83+O83)/6)) | Q83: =IFERROR(IF(INDEX('Test catalog'!$K$2:$K$200,MATCH($AB83,'Test catalog'!$A$2:$A$200,0))="","",INDEX('Test catalog'!$K$2:$K$200,MATCH($AB83,'Test catalog'!$A$2:$A$200,0))),"") | S83: =IFERROR(IF(INDEX('Test catalog'!$L$2:$L$200,MATCH($AB83,'Test catalog'!$A$2:$A$200,0))="","",INDEX('Test catalog'!$L$2:$L$200,MATCH($AB83,'Test catalog'!$A$2:$A$200,0))),"") | T83: =IFERROR(IF(INDEX('Test catalog'!$M$2:$M$200,MATCH($AB83,'Test catalog'!$A$2:$A$200,0))="","",INDEX('Test catalog'!$M$2:$M$200,MATCH($AB83,'Test catalog'!$A$2:$A$200,0))),"") | U83: =IFERROR(IF(INDEX('Test catalog'!$N$2:$N$200,MATCH($AB83,'Test catalog'!$A$2:$A$200,0))="","",INDEX('Test catalog'!$N$2:$N$200,MATCH($AB83,'Test catalog'!$A$2:$A$200,0))),"") | W83: N | AA83: =IFERROR(IF(INDEX('Test catalog'!$O$2:$O$200,MATCH($AB83,'Test catalog'!$A$2:$A$200,0))="","",INDEX('Test catalog'!$O$2:$O$200,MATCH($AB83,'Test catalog'!$A$2:$A$200,0))),"") | AB83: AVG_WT
A84: F08 | B84: FP | C84: Prucalopride 1; Prucalopride 2 | Prucalopride Succinate | D84: Hardness (with thickness / diameter) | E84: =IF(A84="","",A84&"|"&D84) | F84: Y | G84: Other / bench | H84: Low | I84: 1 | K84: =IFERROR(IF(INDEX('Test catalog'!$F$2:$F$200,MATCH($AB84,'Test catalog'!$A$2:$A$200,0))="","",INDEX('Test catalog'!$F$2:$F$200,MATCH($AB84,'Test catalog'!$A$2:$A$200,0))),"") | L84: =IFERROR(IF(INDEX('Test catalog'!$G$2:$G$200,MATCH($AB84,'Test catalog'!$A$2:$A$200,0))="","",INDEX('Test catalog'!$G$2:$G$200,MATCH($AB84,'Test catalog'!$A$2:$A$200,0))),"") | M84: =IFERROR(IF(INDEX('Test catalog'!$H$2:$H$200,MATCH($AB84,'Test catalog'!$A$2:$A$200,0))="","",INDEX('Test catalog'!$H$2:$H$200,MATCH($AB84,'Test catalog'!$A$2:$A$200,0))),"") | N84: =IFERROR(IF(INDEX('Test catalog'!$I$2:$I$200,MATCH($AB84,'Test catalog'!$A$2:$A$200,0))="","",INDEX('Test catalog'!$I$2:$I$200,MATCH($AB84,'Test catalog'!$A$2:$A$200,0))),"") | O84: =IFERROR(IF(INDEX('Test catalog'!$J$2:$J$200,MATCH($AB84,'Test catalog'!$A$2:$A$200,0))="","",INDEX('Test catalog'!$J$2:$J$200,MATCH($AB84,'Test catalog'!$A$2:$A$200,0))),"") | P84: =IF(N84="","",IF(OR(M84="",O84=""),N84,(M84+4*N84+O84)/6)) | Q84: =IFERROR(IF(INDEX('Test catalog'!$K$2:$K$200,MATCH($AB84,'Test catalog'!$A$2:$A$200,0))="","",INDEX('Test catalog'!$K$2:$K$200,MATCH($AB84,'Test catalog'!$A$2:$A$200,0))),"") | S84: =IFERROR(IF(INDEX('Test catalog'!$L$2:$L$200,MATCH($AB84,'Test catalog'!$A$2:$A$200,0))="","",INDEX('Test catalog'!$L$2:$L$200,MATCH($AB84,'Test catalog'!$A$2:$A$200,0))),"") | T84: =IFERROR(IF(INDEX('Test catalog'!$M$2:$M$200,MATCH($AB84,'Test catalog'!$A$2:$A$200,0))="","",INDEX('Test catalog'!$M$2:$M$200,MATCH($AB84,'Test catalog'!$A$2:$A$200,0))),"") | U84: =IFERROR(IF(INDEX('Test catalog'!$N$2:$N$200,MATCH($AB84,'Test catalog'!$A$2:$A$200,0))="","",INDEX('Test catalog'!$N$2:$N$200,MATCH($AB84,'Test catalog'!$A$2:$A$200,0))),"") | W84: Y | AA84: =IFERROR(IF(INDEX('Test catalog'!$O$2:$O$200,MATCH($AB84,'Test catalog'!$A$2:$A$200,0))="","",INDEX('Test catalog'!$O$2:$O$200,MATCH($AB84,'Test catalog'!$A$2:$A$200,0))),"") | AB84: HARD
A85: F08 | B85: FP | C85: Prucalopride 1; Prucalopride 2 | Prucalopride Succinate | D85: Friability | E85: =IF(A85="","",A85&"|"&D85) | F85: Y | G85: Other / bench | H85: Low | I85: 1 | K85: =IFERROR(IF(INDEX('Test catalog'!$F$2:$F$200,MATCH($AB85,'Test catalog'!$A$2:$A$200,0))="","",INDEX('Test catalog'!$F$2:$F$200,MATCH($AB85,'Test catalog'!$A$2:$A$200,0))),"") | L85: =IFERROR(IF(INDEX('Test catalog'!$G$2:$G$200,MATCH($AB85,'Test catalog'!$A$2:$A$200,0))="","",INDEX('Test catalog'!$G$2:$G$200,MATCH($AB85,'Test catalog'!$A$2:$A$200,0))),"") | M85: =IFERROR(IF(INDEX('Test catalog'!$H$2:$H$200,MATCH($AB85,'Test catalog'!$A$2:$A$200,0))="","",INDEX('Test catalog'!$H$2:$H$200,MATCH($AB85,'Test catalog'!$A$2:$A$200,0))),"") | N85: =IFERROR(IF(INDEX('Test catalog'!$I$2:$I$200,MATCH($AB85,'Test catalog'!$A$2:$A$200,0))="","",INDEX('Test catalog'!$I$2:$I$200,MATCH($AB85,'Test catalog'!$A$2:$A$200,0))),"") | O85: =IFERROR(IF(INDEX('Test catalog'!$J$2:$J$200,MATCH($AB85,'Test catalog'!$A$2:$A$200,0))="","",INDEX('Test catalog'!$J$2:$J$200,MATCH($AB85,'Test catalog'!$A$2:$A$200,0))),"") | P85: =IF(N85="","",IF(OR(M85="",O85=""),N85,(M85+4*N85+O85)/6)) | Q85: =IFERROR(IF(INDEX('Test catalog'!$K$2:$K$200,MATCH($AB85,'Test catalog'!$A$2:$A$200,0))="","",INDEX('Test catalog'!$K$2:$K$200,MATCH($AB85,'Test catalog'!$A$2:$A$200,0))),"") | S85: =IFERROR(IF(INDEX('Test catalog'!$L$2:$L$200,MATCH($AB85,'Test catalog'!$A$2:$A$200,0))="","",INDEX('Test catalog'!$L$2:$L$200,MATCH($AB85,'Test catalog'!$A$2:$A$200,0))),"") | T85: =IFERROR(IF(INDEX('Test catalog'!$M$2:$M$200,MATCH($AB85,'Test catalog'!$A$2:$A$200,0))="","",INDEX('Test catalog'!$M$2:$M$200,MATCH($AB85,'Test catalog'!$A$2:$A$200,0))),"") | U85: =IFERROR(IF(INDEX('Test catalog'!$N$2:$N$200,MATCH($AB85,'Test catalog'!$A$2:$A$200,0))="","",INDEX('Test catalog'!$N$2:$N$200,MATCH($AB85,'Test catalog'!$A$2:$A$200,0))),"") | W85: N | AA85: =IFERROR(IF(INDEX('Test catalog'!$O$2:$O$200,MATCH($AB85,'Test catalog'!$A$2:$A$200,0))="","",INDEX('Test catalog'!$O$2:$O$200,MATCH($AB85,'Test catalog'!$A$2:$A$200,0))),"") | AB85: FRIAB
A86: F08 | B86: FP | C86: Prucalopride 1; Prucalopride 2 | Prucalopride Succinate | D86: Disintegration | E86: =IF(A86="","",A86&"|"&D86) | F86: Y | G86: Other / bench | H86: Low | I86: 1 | K86: =IFERROR(IF(INDEX('Test catalog'!$F$2:$F$200,MATCH($AB86,'Test catalog'!$A$2:$A$200,0))="","",INDEX('Test catalog'!$F$2:$F$200,MATCH($AB86,'Test catalog'!$A$2:$A$200,0))),"") | L86: =IFERROR(IF(INDEX('Test catalog'!$G$2:$G$200,MATCH($AB86,'Test catalog'!$A$2:$A$200,0))="","",INDEX('Test catalog'!$G$2:$G$200,MATCH($AB86,'Test catalog'!$A$2:$A$200,0))),"") | M86: =IFERROR(IF(INDEX('Test catalog'!$H$2:$H$200,MATCH($AB86,'Test catalog'!$A$2:$A$200,0))="","",INDEX('Test catalog'!$H$2:$H$200,MATCH($AB86,'Test catalog'!$A$2:$A$200,0))),"") | N86: =IFERROR(IF(INDEX('Test catalog'!$I$2:$I$200,MATCH($AB86,'Test catalog'!$A$2:$A$200,0))="","",INDEX('Test catalog'!$I$2:$I$200,MATCH($AB86,'Test catalog'!$A$2:$A$200,0))),"") | O86: =IFERROR(IF(INDEX('Test catalog'!$J$2:$J$200,MATCH($AB86,'Test catalog'!$A$2:$A$200,0))="","",INDEX('Test catalog'!$J$2:$J$200,MATCH($AB86,'Test catalog'!$A$2:$A$200,0))),"") | P86: =IF(N86="","",IF(OR(M86="",O86=""),N86,(M86+4*N86+O86)/6)) | Q86: =IFERROR(IF(INDEX('Test catalog'!$K$2:$K$200,MATCH($AB86,'Test catalog'!$A$2:$A$200,0))="","",INDEX('Test catalog'!$K$2:$K$200,MATCH($AB86,'Test catalog'!$A$2:$A$200,0))),"") | S86: =IFERROR(IF(INDEX('Test catalog'!$L$2:$L$200,MATCH($AB86,'Test catalog'!$A$2:$A$200,0))="","",INDEX('Test catalog'!$L$2:$L$200,MATCH($AB86,'Test catalog'!$A$2:$A$200,0))),"") | T86: =IFERROR(IF(INDEX('Test catalog'!$M$2:$M$200,MATCH($AB86,'Test catalog'!$A$2:$A$200,0))="","",INDEX('Test catalog'!$M$2:$M$200,MATCH($AB86,'Test catalog'!$A$2:$A$200,0))),"") | U86: =IFERROR(IF(INDEX('Test catalog'!$N$2:$N$200,MATCH($AB86,'Test catalog'!$A$2:$A$200,0))="","",INDEX('Test catalog'!$N$2:$N$200,MATCH($AB86,'Test catalog'!$A$2:$A$200,0))),"") | W86: Y | AA86: =IFERROR(IF(INDEX('Test catalog'!$O$2:$O$200,MATCH($AB86,'Test catalog'!$A$2:$A$200,0))="","",INDEX('Test catalog'!$O$2:$O$200,MATCH($AB86,'Test catalog'!$A$2:$A$200,0))),"") | AB86: DISINT
A87: F08 | B87: FP | C87: Prucalopride 1; Prucalopride 2 | Prucalopride Succinate | D87: Water content - KF (or LOD if that is what you run) | E87: =IF(A87="","",A87&"|"&D87) | F87: Y | G87: KF titrator | H87: Low | I87: 1 | K87: =IFERROR(IF(INDEX('Test catalog'!$F$2:$F$200,MATCH($AB87,'Test catalog'!$A$2:$A$200,0))="","",INDEX('Test catalog'!$F$2:$F$200,MATCH($AB87,'Test catalog'!$A$2:$A$200,0))),"") | L87: =IFERROR(IF(INDEX('Test catalog'!$G$2:$G$200,MATCH($AB87,'Test catalog'!$A$2:$A$200,0))="","",INDEX('Test catalog'!$G$2:$G$200,MATCH($AB87,'Test catalog'!$A$2:$A$200,0))),"") | M87: =IFERROR(IF(INDEX('Test catalog'!$H$2:$H$200,MATCH($AB87,'Test catalog'!$A$2:$A$200,0))="","",INDEX('Test catalog'!$H$2:$H$200,MATCH($AB87,'Test catalog'!$A$2:$A$200,0))),"") | N87: =IFERROR(IF(INDEX('Test catalog'!$I$2:$I$200,MATCH($AB87,'Test catalog'!$A$2:$A$200,0))="","",INDEX('Test catalog'!$I$2:$I$200,MATCH($AB87,'Test catalog'!$A$2:$A$200,0))),"") | O87: =IFERROR(IF(INDEX('Test catalog'!$J$2:$J$200,MATCH($AB87,'Test catalog'!$A$2:$A$200,0))="","",INDEX('Test catalog'!$J$2:$J$200,MATCH($AB87,'Test catalog'!$A$2:$A$200,0))),"") | P87: =IF(N87="","",IF(OR(M87="",O87=""),N87,(M87+4*N87+O87)/6)) | Q87: =IFERROR(IF(INDEX('Test catalog'!$K$2:$K$200,MATCH($AB87,'Test catalog'!$A$2:$A$200,0))="","",INDEX('Test catalog'!$K$2:$K$200,MATCH($AB87,'Test catalog'!$A$2:$A$200,0))),"") | S87: =IFERROR(IF(INDEX('Test catalog'!$L$2:$L$200,MATCH($AB87,'Test catalog'!$A$2:$A$200,0))="","",INDEX('Test catalog'!$L$2:$L$200,MATCH($AB87,'Test catalog'!$A$2:$A$200,0))),"") | T87: =IFERROR(IF(INDEX('Test catalog'!$M$2:$M$200,MATCH($AB87,'Test catalog'!$A$2:$A$200,0))="","",INDEX('Test catalog'!$M$2:$M$200,MATCH($AB87,'Test catalog'!$A$2:$A$200,0))),"") | U87: =IFERROR(IF(INDEX('Test catalog'!$N$2:$N$200,MATCH($AB87,'Test catalog'!$A$2:$A$200,0))="","",INDEX('Test catalog'!$N$2:$N$200,MATCH($AB87,'Test catalog'!$A$2:$A$200,0))),"") | W87: Y | AA87: =IFERROR(IF(INDEX('Test catalog'!$O$2:$O$200,MATCH($AB87,'Test catalog'!$A$2:$A$200,0))="","",INDEX('Test catalog'!$O$2:$O$200,MATCH($AB87,'Test catalog'!$A$2:$A$200,0))),"") | AB87: WATER
A88: F09 | B88: FP | C88: Ranulo 500 | Ranolazine | D88: Assay | E88: =IF(A88="","",A88&"|"&D88) | F88: Y | G88: HPLC | H88: Low | I88: 1 | P88: =IF(N88="","",IF(OR(M88="",O88=""),N88,(M88+4*N88+O88)/6)) | W88: Y
A89: F09 | B89: FP | C89: Ranulo 500 | Ranolazine | D89: Related substances / impurities | E89: =IF(A89="","",A89&"|"&D89) | F89: Y | G89: HPLC | H89: Low | I89: 1 | P89: =IF(N89="","",IF(OR(M89="",O89=""),N89,(M89+4*N89+O89)/6)) | W89: Y
A90: F09 | B90: FP | C90: Ranulo 500 | Ranolazine | D90: Dissolution | E90: =IF(A90="","",A90&"|"&D90) | F90: Y | G90: HPLC | H90: Low | I90: 1 | P90: =IF(N90="","",IF(OR(M90="",O90=""),N90,(M90+4*N90+O90)/6)) | W90: Y
A91: F09 | B91: FP | C91: Ranulo 500 | Ranolazine | D91: Content uniformity | E91: =IF(A91="","",A91&"|"&D91) | F91: Y | G91: HPLC | H91: Low | I91: 1 | P91: =IF(N91="","",IF(OR(M91="",O91=""),N91,(M91+4*N91+O91)/6)) | W91: N
A92: F09 | B92: FP | C92: Ranulo 500 | Ranolazine | D92: Identification (if separate from assay) | E92: =IF(A92="","",A92&"|"&D92) | F92: N | G92: HPLC | H92: Low | I92: 1 | P92: =IF(N92="","",IF(OR(M92="",O92=""),N92,(M92+4*N92+O92)/6)) | W92: N
A93: F09 | B93: FP | C93: Ranulo 500 | Ranolazine | D93: Appearance / description | E93: =IF(A93="","",A93&"|"&D93) | F93: Y | G93: Other / bench | H93: Low | I93: 1 | K93: =IFERROR(IF(INDEX('Test catalog'!$F$2:$F$200,MATCH($AB93,'Test catalog'!$A$2:$A$200,0))="","",INDEX('Test catalog'!$F$2:$F$200,MATCH($AB93,'Test catalog'!$A$2:$A$200,0))),"") | L93: =IFERROR(IF(INDEX('Test catalog'!$G$2:$G$200,MATCH($AB93,'Test catalog'!$A$2:$A$200,0))="","",INDEX('Test catalog'!$G$2:$G$200,MATCH($AB93,'Test catalog'!$A$2:$A$200,0))),"") | M93: =IFERROR(IF(INDEX('Test catalog'!$H$2:$H$200,MATCH($AB93,'Test catalog'!$A$2:$A$200,0))="","",INDEX('Test catalog'!$H$2:$H$200,MATCH($AB93,'Test catalog'!$A$2:$A$200,0))),"") | N93: =IFERROR(IF(INDEX('Test catalog'!$I$2:$I$200,MATCH($AB93,'Test catalog'!$A$2:$A$200,0))="","",INDEX('Test catalog'!$I$2:$I$200,MATCH($AB93,'Test catalog'!$A$2:$A$200,0))),"") | O93: =IFERROR(IF(INDEX('Test catalog'!$J$2:$J$200,MATCH($AB93,'Test catalog'!$A$2:$A$200,0))="","",INDEX('Test catalog'!$J$2:$J$200,MATCH($AB93,'Test catalog'!$A$2:$A$200,0))),"") | P93: =IF(N93="","",IF(OR(M93="",O93=""),N93,(M93+4*N93+O93)/6)) | Q93: =IFERROR(IF(INDEX('Test catalog'!$K$2:$K$200,MATCH($AB93,'Test catalog'!$A$2:$A$200,0))="","",INDEX('Test catalog'!$K$2:$K$200,MATCH($AB93,'Test catalog'!$A$2:$A$200,0))),"") | S93: =IFERROR(IF(INDEX('Test catalog'!$L$2:$L$200,MATCH($AB93,'Test catalog'!$A$2:$A$200,0))="","",INDEX('Test catalog'!$L$2:$L$200,MATCH($AB93,'Test catalog'!$A$2:$A$200,0))),"") | T93: =IFERROR(IF(INDEX('Test catalog'!$M$2:$M$200,MATCH($AB93,'Test catalog'!$A$2:$A$200,0))="","",INDEX('Test catalog'!$M$2:$M$200,MATCH($AB93,'Test catalog'!$A$2:$A$200,0))),"") | U93: =IFERROR(IF(INDEX('Test catalog'!$N$2:$N$200,MATCH($AB93,'Test catalog'!$A$2:$A$200,0))="","",INDEX('Test catalog'!$N$2:$N$200,MATCH($AB93,'Test catalog'!$A$2:$A$200,0))),"") | W93: Y | AA93: =IFERROR(IF(INDEX('Test catalog'!$O$2:$O$200,MATCH($AB93,'Test catalog'!$A$2:$A$200,0))="","",INDEX('Test catalog'!$O$2:$O$200,MATCH($AB93,'Test catalog'!$A$2:$A$200,0))),"") | AB93: APPEAR
A94: F09 | B94: FP | C94: Ranulo 500 | Ranolazine | D94: Average weight / uniformity of mass | E94: =IF(A94="","",A94&"|"&D94) | F94: Y | G94: Other / bench | H94: Low | I94: 1 | K94: =IFERROR(IF(INDEX('Test catalog'!$F$2:$F$200,MATCH($AB94,'Test catalog'!$A$2:$A$200,0))="","",INDEX('Test catalog'!$F$2:$F$200,MATCH($AB94,'Test catalog'!$A$2:$A$200,0))),"") | L94: =IFERROR(IF(INDEX('Test catalog'!$G$2:$G$200,MATCH($AB94,'Test catalog'!$A$2:$A$200,0))="","",INDEX('Test catalog'!$G$2:$G$200,MATCH($AB94,'Test catalog'!$A$2:$A$200,0))),"") | M94: =IFERROR(IF(INDEX('Test catalog'!$H$2:$H$200,MATCH($AB94,'Test catalog'!$A$2:$A$200,0))="","",INDEX('Test catalog'!$H$2:$H$200,MATCH($AB94,'Test catalog'!$A$2:$A$200,0))),"") | N94: =IFERROR(IF(INDEX('Test catalog'!$I$2:$I$200,MATCH($AB94,'Test catalog'!$A$2:$A$200,0))="","",INDEX('Test catalog'!$I$2:$I$200,MATCH($AB94,'Test catalog'!$A$2:$A$200,0))),"") | O94: =IFERROR(IF(INDEX('Test catalog'!$J$2:$J$200,MATCH($AB94,'Test catalog'!$A$2:$A$200,0))="","",INDEX('Test catalog'!$J$2:$J$200,MATCH($AB94,'Test catalog'!$A$2:$A$200,0))),"") | P94: =IF(N94="","",IF(OR(M94="",O94=""),N94,(M94+4*N94+O94)/6)) | Q94: =IFERROR(IF(INDEX('Test catalog'!$K$2:$K$200,MATCH($AB94,'Test catalog'!$A$2:$A$200,0))="","",INDEX('Test catalog'!$K$2:$K$200,MATCH($AB94,'Test catalog'!$A$2:$A$200,0))),"") | S94: =IFERROR(IF(INDEX('Test catalog'!$L$2:$L$200,MATCH($AB94,'Test catalog'!$A$2:$A$200,0))="","",INDEX('Test catalog'!$L$2:$L$200,MATCH($AB94,'Test catalog'!$A$2:$A$200,0))),"") | T94: =IFERROR(IF(INDEX('Test catalog'!$M$2:$M$200,MATCH($AB94,'Test catalog'!$A$2:$A$200,0))="","",INDEX('Test catalog'!$M$2:$M$200,MATCH($AB94,'Test catalog'!$A$2:$A$200,0))),"") | U94: =IFERROR(IF(INDEX('Test catalog'!$N$2:$N$200,MATCH($AB94,'Test catalog'!$A$2:$A$200,0))="","",INDEX('Test catalog'!$N$2:$N$200,MATCH($AB94,'Test catalog'!$A$2:$A$200,0))),"") | W94: N | AA94: =IFERROR(IF(INDEX('Test catalog'!$O$2:$O$200,MATCH($AB94,'Test catalog'!$A$2:$A$200,0))="","",INDEX('Test catalog'!$O$2:$O$200,MATCH($AB94,'Test catalog'!$A$2:$A$200,0))),"") | AB94: AVG_WT
A95: F09 | B95: FP | C95: Ranulo 500 | Ranolazine | D95: Hardness (with thickness / diameter) | E95: =IF(A95="","",A95&"|"&D95) | F95: Y | G95: Other / bench | H95: Low | I95: 1 | K95: =IFERROR(IF(INDEX('Test catalog'!$F$2:$F$200,MATCH($AB95,'Test catalog'!$A$2:$A$200,0))="","",INDEX('Test catalog'!$F$2:$F$200,MATCH($AB95,'Test catalog'!$A$2:$A$200,0))),"") | L95: =IFERROR(IF(INDEX('Test catalog'!$G$2:$G$200,MATCH($AB95,'Test catalog'!$A$2:$A$200,0))="","",INDEX('Test catalog'!$G$2:$G$200,MATCH($AB95,'Test catalog'!$A$2:$A$200,0))),"") | M95: =IFERROR(IF(INDEX('Test catalog'!$H$2:$H$200,MATCH($AB95,'Test catalog'!$A$2:$A$200,0))="","",INDEX('Test catalog'!$H$2:$H$200,MATCH($AB95,'Test catalog'!$A$2:$A$200,0))),"") | N95: =IFERROR(IF(INDEX('Test catalog'!$I$2:$I$200,MATCH($AB95,'Test catalog'!$A$2:$A$200,0))="","",INDEX('Test catalog'!$I$2:$I$200,MATCH($AB95,'Test catalog'!$A$2:$A$200,0))),"") | O95: =IFERROR(IF(INDEX('Test catalog'!$J$2:$J$200,MATCH($AB95,'Test catalog'!$A$2:$A$200,0))="","",INDEX('Test catalog'!$J$2:$J$200,MATCH($AB95,'Test catalog'!$A$2:$A$200,0))),"") | P95: =IF(N95="","",IF(OR(M95="",O95=""),N95,(M95+4*N95+O95)/6)) | Q95: =IFERROR(IF(INDEX('Test catalog'!$K$2:$K$200,MATCH($AB95,'Test catalog'!$A$2:$A$200,0))="","",INDEX('Test catalog'!$K$2:$K$200,MATCH($AB95,'Test catalog'!$A$2:$A$200,0))),"") | S95: =IFERROR(IF(INDEX('Test catalog'!$L$2:$L$200,MATCH($AB95,'Test catalog'!$A$2:$A$200,0))="","",INDEX('Test catalog'!$L$2:$L$200,MATCH($AB95,'Test catalog'!$A$2:$A$200,0))),"") | T95: =IFERROR(IF(INDEX('Test catalog'!$M$2:$M$200,MATCH($AB95,'Test catalog'!$A$2:$A$200,0))="","",INDEX('Test catalog'!$M$2:$M$200,MATCH($AB95,'Test catalog'!$A$2:$A$200,0))),"") | U95: =IFERROR(IF(INDEX('Test catalog'!$N$2:$N$200,MATCH($AB95,'Test catalog'!$A$2:$A$200,0))="","",INDEX('Test catalog'!$N$2:$N$200,MATCH($AB95,'Test catalog'!$A$2:$A$200,0))),"") | W95: Y | AA95: =IFERROR(IF(INDEX('Test catalog'!$O$2:$O$200,MATCH($AB95,'Test catalog'!$A$2:$A$200,0))="","",INDEX('Test catalog'!$O$2:$O$200,MATCH($AB95,'Test catalog'!$A$2:$A$200,0))),"") | AB95: HARD
A96: F09 | B96: FP | C96: Ranulo 500 | Ranolazine | D96: Friability | E96: =IF(A96="","",A96&"|"&D96) | F96: Y | G96: Other / bench | H96: Low | I96: 1 | K96: =IFERROR(IF(INDEX('Test catalog'!$F$2:$F$200,MATCH($AB96,'Test catalog'!$A$2:$A$200,0))="","",INDEX('Test catalog'!$F$2:$F$200,MATCH($AB96,'Test catalog'!$A$2:$A$200,0))),"") | L96: =IFERROR(IF(INDEX('Test catalog'!$G$2:$G$200,MATCH($AB96,'Test catalog'!$A$2:$A$200,0))="","",INDEX('Test catalog'!$G$2:$G$200,MATCH($AB96,'Test catalog'!$A$2:$A$200,0))),"") | M96: =IFERROR(IF(INDEX('Test catalog'!$H$2:$H$200,MATCH($AB96,'Test catalog'!$A$2:$A$200,0))="","",INDEX('Test catalog'!$H$2:$H$200,MATCH($AB96,'Test catalog'!$A$2:$A$200,0))),"") | N96: =IFERROR(IF(INDEX('Test catalog'!$I$2:$I$200,MATCH($AB96,'Test catalog'!$A$2:$A$200,0))="","",INDEX('Test catalog'!$I$2:$I$200,MATCH($AB96,'Test catalog'!$A$2:$A$200,0))),"") | O96: =IFERROR(IF(INDEX('Test catalog'!$J$2:$J$200,MATCH($AB96,'Test catalog'!$A$2:$A$200,0))="","",INDEX('Test catalog'!$J$2:$J$200,MATCH($AB96,'Test catalog'!$A$2:$A$200,0))),"") | P96: =IF(N96="","",IF(OR(M96="",O96=""),N96,(M96+4*N96+O96)/6)) | Q96: =IFERROR(IF(INDEX('Test catalog'!$K$2:$K$200,MATCH($AB96,'Test catalog'!$A$2:$A$200,0))="","",INDEX('Test catalog'!$K$2:$K$200,MATCH($AB96,'Test catalog'!$A$2:$A$200,0))),"") | S96: =IFERROR(IF(INDEX('Test catalog'!$L$2:$L$200,MATCH($AB96,'Test catalog'!$A$2:$A$200,0))="","",INDEX('Test catalog'!$L$2:$L$200,MATCH($AB96,'Test catalog'!$A$2:$A$200,0))),"") | T96: =IFERROR(IF(INDEX('Test catalog'!$M$2:$M$200,MATCH($AB96,'Test catalog'!$A$2:$A$200,0))="","",INDEX('Test catalog'!$M$2:$M$200,MATCH($AB96,'Test catalog'!$A$2:$A$200,0))),"") | U96: =IFERROR(IF(INDEX('Test catalog'!$N$2:$N$200,MATCH($AB96,'Test catalog'!$A$2:$A$200,0))="","",INDEX('Test catalog'!$N$2:$N$200,MATCH($AB96,'Test catalog'!$A$2:$A$200,0))),"") | W96: N | AA96: =IFERROR(IF(INDEX('Test catalog'!$O$2:$O$200,MATCH($AB96,'Test catalog'!$A$2:$A$200,0))="","",INDEX('Test catalog'!$O$2:$O$200,MATCH($AB96,'Test catalog'!$A$2:$A$200,0))),"") | AB96: FRIAB
A97: F09 | B97: FP | C97: Ranulo 500 | Ranolazine | D97: Disintegration | E97: =IF(A97="","",A97&"|"&D97) | F97: Y | G97: Other / bench | H97: Low | I97: 1 | K97: =IFERROR(IF(INDEX('Test catalog'!$F$2:$F$200,MATCH($AB97,'Test catalog'!$A$2:$A$200,0))="","",INDEX('Test catalog'!$F$2:$F$200,MATCH($AB97,'Test catalog'!$A$2:$A$200,0))),"") | L97: =IFERROR(IF(INDEX('Test catalog'!$G$2:$G$200,MATCH($AB97,'Test catalog'!$A$2:$A$200,0))="","",INDEX('Test catalog'!$G$2:$G$200,MATCH($AB97,'Test catalog'!$A$2:$A$200,0))),"") | M97: =IFERROR(IF(INDEX('Test catalog'!$H$2:$H$200,MATCH($AB97,'Test catalog'!$A$2:$A$200,0))="","",INDEX('Test catalog'!$H$2:$H$200,MATCH($AB97,'Test catalog'!$A$2:$A$200,0))),"") | N97: =IFERROR(IF(INDEX('Test catalog'!$I$2:$I$200,MATCH($AB97,'Test catalog'!$A$2:$A$200,0))="","",INDEX('Test catalog'!$I$2:$I$200,MATCH($AB97,'Test catalog'!$A$2:$A$200,0))),"") | O97: =IFERROR(IF(INDEX('Test catalog'!$J$2:$J$200,MATCH($AB97,'Test catalog'!$A$2:$A$200,0))="","",INDEX('Test catalog'!$J$2:$J$200,MATCH($AB97,'Test catalog'!$A$2:$A$200,0))),"") | P97: =IF(N97="","",IF(OR(M97="",O97=""),N97,(M97+4*N97+O97)/6)) | Q97: =IFERROR(IF(INDEX('Test catalog'!$K$2:$K$200,MATCH($AB97,'Test catalog'!$A$2:$A$200,0))="","",INDEX('Test catalog'!$K$2:$K$200,MATCH($AB97,'Test catalog'!$A$2:$A$200,0))),"") | S97: =IFERROR(IF(INDEX('Test catalog'!$L$2:$L$200,MATCH($AB97,'Test catalog'!$A$2:$A$200,0))="","",INDEX('Test catalog'!$L$2:$L$200,MATCH($AB97,'Test catalog'!$A$2:$A$200,0))),"") | T97: =IFERROR(IF(INDEX('Test catalog'!$M$2:$M$200,MATCH($AB97,'Test catalog'!$A$2:$A$200,0))="","",INDEX('Test catalog'!$M$2:$M$200,MATCH($AB97,'Test catalog'!$A$2:$A$200,0))),"") | U97: =IFERROR(IF(INDEX('Test catalog'!$N$2:$N$200,MATCH($AB97,'Test catalog'!$A$2:$A$200,0))="","",INDEX('Test catalog'!$N$2:$N$200,MATCH($AB97,'Test catalog'!$A$2:$A$200,0))),"") | W97: Y | AA97: =IFERROR(IF(INDEX('Test catalog'!$O$2:$O$200,MATCH($AB97,'Test catalog'!$A$2:$A$200,0))="","",INDEX('Test catalog'!$O$2:$O$200,MATCH($AB97,'Test catalog'!$A$2:$A$200,0))),"") | AB97: DISINT
A98: F09 | B98: FP | C98: Ranulo 500 | Ranolazine | D98: Water content - KF (or LOD if that is what you run) | E98: =IF(A98="","",A98&"|"&D98) | F98: Y | G98: KF titrator | H98: Low | I98: 1 | K98: =IFERROR(IF(INDEX('Test catalog'!$F$2:$F$200,MATCH($AB98,'Test catalog'!$A$2:$A$200,0))="","",INDEX('Test catalog'!$F$2:$F$200,MATCH($AB98,'Test catalog'!$A$2:$A$200,0))),"") | L98: =IFERROR(IF(INDEX('Test catalog'!$G$2:$G$200,MATCH($AB98,'Test catalog'!$A$2:$A$200,0))="","",INDEX('Test catalog'!$G$2:$G$200,MATCH($AB98,'Test catalog'!$A$2:$A$200,0))),"") | M98: =IFERROR(IF(INDEX('Test catalog'!$H$2:$H$200,MATCH($AB98,'Test catalog'!$A$2:$A$200,0))="","",INDEX('Test catalog'!$H$2:$H$200,MATCH($AB98,'Test catalog'!$A$2:$A$200,0))),"") | N98: =IFERROR(IF(INDEX('Test catalog'!$I$2:$I$200,MATCH($AB98,'Test catalog'!$A$2:$A$200,0))="","",INDEX('Test catalog'!$I$2:$I$200,MATCH($AB98,'Test catalog'!$A$2:$A$200,0))),"") | O98: =IFERROR(IF(INDEX('Test catalog'!$J$2:$J$200,MATCH($AB98,'Test catalog'!$A$2:$A$200,0))="","",INDEX('Test catalog'!$J$2:$J$200,MATCH($AB98,'Test catalog'!$A$2:$A$200,0))),"") | P98: =IF(N98="","",IF(OR(M98="",O98=""),N98,(M98+4*N98+O98)/6)) | Q98: =IFERROR(IF(INDEX('Test catalog'!$K$2:$K$200,MATCH($AB98,'Test catalog'!$A$2:$A$200,0))="","",INDEX('Test catalog'!$K$2:$K$200,MATCH($AB98,'Test catalog'!$A$2:$A$200,0))),"") | S98: =IFERROR(IF(INDEX('Test catalog'!$L$2:$L$200,MATCH($AB98,'Test catalog'!$A$2:$A$200,0))="","",INDEX('Test catalog'!$L$2:$L$200,MATCH($AB98,'Test catalog'!$A$2:$A$200,0))),"") | T98: =IFERROR(IF(INDEX('Test catalog'!$M$2:$M$200,MATCH($AB98,'Test catalog'!$A$2:$A$200,0))="","",INDEX('Test catalog'!$M$2:$M$200,MATCH($AB98,'Test catalog'!$A$2:$A$200,0))),"") | U98: =IFERROR(IF(INDEX('Test catalog'!$N$2:$N$200,MATCH($AB98,'Test catalog'!$A$2:$A$200,0))="","",INDEX('Test catalog'!$N$2:$N$200,MATCH($AB98,'Test catalog'!$A$2:$A$200,0))),"") | W98: Y | AA98: =IFERROR(IF(INDEX('Test catalog'!$O$2:$O$200,MATCH($AB98,'Test catalog'!$A$2:$A$200,0))="","",INDEX('Test catalog'!$O$2:$O$200,MATCH($AB98,'Test catalog'!$A$2:$A$200,0))),"") | AB98: WATER
A99: F10 | B99: FP | C99: Bempedoic Acid 180 | Bempedoic Acid | D99: Assay | E99: =IF(A99="","",A99&"|"&D99) | F99: Y | G99: HPLC | H99: Low | I99: 1 | P99: =IF(N99="","",IF(OR(M99="",O99=""),N99,(M99+4*N99+O99)/6)) | W99: Y
A100: F10 | B100: FP | C100: Bempedoic Acid 180 | Bempedoic Acid | D100: Related substances / impurities | E100: =IF(A100="","",A100&"|"&D100) | F100: Y | G100: HPLC | H100: Low | I100: 1 | P100: =IF(N100="","",IF(OR(M100="",O100=""),N100,(M100+4*N100+O100)/6)) | W100: Y
...

Sheet Campaign groups
A1: Active ingredient | B1: # families | C1: Families | D1: Same column + mobile phase? (Y/N/partly) | E1: Group code | F1: Notes
A2: Cyanocobalamin (Vitamin B12) | B2: 5 | C2: F34, F35, F48, F57, F58
A3: Empagliflozin | B3: 4 | C3: F23, F25, F27, F28
A4: Metformin Hydrochloride | B4: 4 | C4: F18, F26, F27, F28
A5: Telmisartan | B5: 3 | C5: F04, F05, F06
A6: Acetaminophen | B6: 2 | C6: F20, F21
A7: Ascorbic Acid Coated 97% | B7: 2 | C7: F38, F46
A8: Bempedoic Acid | B8: 2 | C8: F10, F11
A9: Biotin (Vitamin B7) | B9: 2 | C9: F55, F64
A10: Calcium Carbonate Heavy | B10: 2 | C10: F45, F50
A11: Ezetimibe | B11: 2 | C11: F01, F11
A12: L-Carnitine (Base) | B12: 2 | C12: F32, F33
A13: Linagliptin | B13: 2 | C13: F16, F25
A14: Magnesium Oxide Heavy | B14: 2 | C14: F39, F40

Sheet Extra tests
A1: Key (Family ID / Material) | B1: Type | C1: Description | D1: Test | E1: Lookup key (auto) | F1: Applicable (Y/N) | G1: Instrument | H1: Complexity | I1: No. of separate methods | J1: Campaign group code | K1: Setup analyst h / sequence | L1: Setup instrument h / sequence | M1: Prep analyst h/sample – MIN | N1: Prep – MOST LIKELY | O1: Prep – MAX | P1: Prep PERT (auto) | Q1: Instrument run h / sample | R1: Dissolution bath h / sample | S1: Data processing + doc h / sample | T1: Review h / sample | U1: Samples per sequence | V1: Retest / OOS % | W1: Applies to stability (Y/N) | X1: Respondent(s) / source | Y1: Confidence | Z1: Notes / difficulty | AA1: Outsourced (Y/N)
B2: FP | E2: =IF(A2="","",A2&"|"&D2) | P2: =IF(N2="","",IF(OR(M2="",O2=""),N2,(M2+4*N2+O2)/6))
B3: FP | E3: =IF(A3="","",A3&"|"&D3) | P3: =IF(N3="","",IF(OR(M3="",O3=""),N3,(M3+4*N3+O3)/6))
B4: FP | E4: =IF(A4="","",A4&"|"&D4) | P4: =IF(N4="","",IF(OR(M4="",O4=""),N4,(M4+4*N4+O4)/6))
B5: FP | E5: =IF(A5="","",A5&"|"&D5) | P5: =IF(N5="","",IF(OR(M5="",O5=""),N5,(M5+4*N5+O5)/6))
B6: FP | E6: =IF(A6="","",A6&"|"&D6) | P6: =IF(N6="","",IF(OR(M6="",O6=""),N6,(M6+4*N6+O6)/6))
B7: FP | E7: =IF(A7="","",A7&"|"&D7) | P7: =IF(N7="","",IF(OR(M7="",O7=""),N7,(M7+4*N7+O7)/6))
B8: FP | E8: =IF(A8="","",A8&"|"&D8) | P8: =IF(N8="","",IF(OR(M8="",O8=""),N8,(M8+4*N8+O8)/6))
B9: FP | E9: =IF(A9="","",A9&"|"&D9) | P9: =IF(N9="","",IF(OR(M9="",O9=""),N9,(M9+4*N9+O9)/6))
B10: FP | E10: =IF(A10="","",A10&"|"&D10) | P10: =IF(N10="","",IF(OR(M10="",O10=""),N10,(M10+4*N10+O10)/6))
B11: FP | E11: =IF(A11="","",A11&"|"&D11) | P11: =IF(N11="","",IF(OR(M11="",O11=""),N11,(M11+4*N11+O11)/6))
B12: FP | E12: =IF(A12="","",A12&"|"&D12) | P12: =IF(N12="","",IF(OR(M12="",O12=""),N12,(M12+4*N12+O12)/6))
B13: FP | E13: =IF(A13="","",A13&"|"&D13) | P13: =IF(N13="","",IF(OR(M13="",O13=""),N13,(M13+4*N13+O13)/6))
... B41: FP | E41: =IF(A41="","",A41&"|"&D41) | P41: =IF(N41="","",IF(OR(M41="",O41=""),N41,(M41+4*N41+O41)/6))
