Workbook

Sheet Overview
A1: Micro Lab Analyst Questionnaire
A2: Deliverable 2 - analyst edition. Part of the QC Laboratory Capacity, Staffing Gap and CAPEX Assessment.
A4: Area | B4: QC Microbiology Laboratory - raw materials, finished products, water and environmental monitoring
A5: Who fills it | B5: Each microbiologist (2-3 people). Each person fills a separate copy.
A6: Time needed | B6: About 2 hours: questions 20 min, test catalog 30 min, the rest on the tables.
A8: Sheet: Guide | B8: Rules, and what each column means.
A9: Sheet: Questions | B9: Respondent profile, samples & programmes, media and equipment, workload.
A10: Sheet: Test catalog | B10: Time each micro test once (TAMC / TYMC, each specified organism, water, EM plates ...).
A11: Sheet: Test times | B11: One row per raw material / product family x micro test: confirm Applicable and the % of lots tested.
A12: Sheet: Monitoring | B12: Water, environmental, personnel, gas and swab programmes: points and samples per week.
A13: Sheet: Support work | B13: Media, growth promotion, cultures, autoclave, identification, investigations ...: units per year and hours.
A14: Sheet: Extra tests | B14: Tests missing from Test times (other organisms, in-house tests, stability-only tests ...).
A16: How to fill | B16: Read the 'Guide' sheet first: rules, which sheets take new rows, and what every column means.
A17: Data basis | B17: 180 raw materials on the master list: 30 have a micro test in their USP-NF monograph, 19 more are of natural origin (extracts, premixes, gelatin) and pre-set to Y; the rest have one enumeration row set to N.
... A21: Data basis | B21: No recorded micro test times exist yet, so all times are new estimates.
A23: Respondent
A24: Date
A25: Reviewed by (unit head)

Sheet Guide
A1: How to fill
A2: Colours | B2: Yellow = you type. Grey = pre-filled or automatic; type over a grey value only if it is wrong. Dark-grey row = Applicable = N or Outsourced = Y (outsourced rows still take the in-house Prep time).
A3: Outsourced tests | B3: Outsourced = Y. Enter only in-house time (sampling, sending, checking the report) as Prep; leave instrument times blank.
A4: Columns | B4: Do not insert, delete or reorder columns - answers are collected by column position.
A5: Adding rows | B5: Use the empty rows at the bottom of a sheet. If you need more: select the last empty row, Ctrl+C, right-click the row number below it, 'Insert Copied Cells' - colours, dropdowns and formulas come with it.
A6: Units | B6: Times in HOURS (0.25 = 15 min) per sample unless the header says per session. Incubation in DAYS.
A7: Minimum effort | B7: Only 'Prep + inoculation – MOST LIKELY' and 'Reading + counting' are required; MIN and MAX are optional. Blank = not known.
A8: Incubation is not analyst time | B8: Analyst columns = hands-on time only (preparing, inoculating, reading, counting). Incubation goes in 'Incubation days': it fills incubators, not people. 'Reading + counting' covers all reads of one sample (e.g. day 3 and day 5).
A9: Session | B9: A session = one set-up at the cabinet (media out, controls, cleaning before and after). Its setup time is counted once for all samples of that session.
A10: Fill order | B10: 1) Test catalog - each micro test is timed once and copied to every row that uses it. 2) Test times - confirm Applicable and the % of lots / batches tested. 3) Monitoring and Support work. 4) Questions.
A11: Catalog time | B11: One catalog row = the time of ONE test on ONE sample (e.g. one TAMC + TYMC test). Every Test times row with that Catalog code gets it, so each row is counted once.
A12: One test needs its own time | B12: e.g. TAMC + TYMC of botanical extracts 60 min while the rest of ENUM stays 30: on Test catalog copy the ENUM row into a new row (Insert Copied Cells), give it a new Code (e.g. ENUM_BOT) and its own times; on Test times filter Test = Microbial enumeration, pick the extract rows and change Catalog code to ENUM_BOT. Those rows then follow the new row.
A13: One material or family differs | B13: Type over that row's grey cells on Test times (e.g. a product that needs extra dilution or neutralisation). That cell then stops following the catalog.
... A132: X · Notes / difficulty | B132: Anything unusual, e.g. 'solution shared with Assay'.

Sheet Questions
A1: # | B1: Question | C1: Answer
A2: A. Respondent
A3: A1 | B3: Name / ID, role, years of QC experience.
A4: A2 | B4: Which work are you qualified for (plate count, membrane filtration, specified organisms, preservative efficacy, water and EM sampling, media preparation, autoclave, identification, endotoxins, sterility)?
A5: A3 | B5: Contract hours per week and annual leave weeks.
A6: A4 | B6: In a normal week, what % of your time is: testing / reviewing others' data / documentation & LIMS / meetings & training / cleaning & housekeeping / investigations? (should add to 100%)
A7: A5 | B7: Average overtime hours per month over the last 6 months, and the main reason.
A8: A6 | B8: Is any test or task done by only one qualified person? Is there a weekend / holiday rota for water or EM sampling, and how many people does it need?
A9: B. Samples and programmes
A10: B1 | B10: Raw materials: is every lot tested for micro, or a reduced frequency (e.g. first 3 lots, then 1 in 5), or CoA only? Which materials? (column F on 'Test times')
A11: B2 | B11: Finished products: every batch or reduced? At which stability time points are micro tests done?
A12: B3 | B12: Water: how many purified-water points, how often is each sampled, and who takes the samples? (enter on 'Monitoring')
A13: B4 | B13: Environmental and personnel monitoring: which rooms, which plate types, how often, and are weekends included? (enter on 'Monitoring')
A14: B5 | B14: Are sterility, endotoxin or other aseptic tests done at all (for products, water or suppliers)? If yes: samples per year and equipment.
A15: C. Media and equipment
A16: C1 | B16: Media: prepared in-house or bought ready-made? Batches per week; growth promotion on every lot?
A17: C2 | B17: Incubators: how many, at which temperatures, how many plates each? Are they ever full? In which months?
A18: C3 | B18: Autoclave(s): how many, cycles per day, shared with waste decontamination? Breakdowns in the last year?
A19: C4 | B19: Biosafety cabinets / laminar-flow hoods: how many? Do you wait for a free cabinet? How often and how long?
A20: C5 | B20: Identification of isolates: done in-house (Gram stain, biochemical kits, instrument) or sent out? How many per year?
A21: C6 | B21: How many days per month is each key item (incubator, autoclave, BSC, air sampler) down?
A22: D. Workload and service level
A23: D1 | B23: Turnaround from sample receipt to micro result (days) for raw materials and products. Does the micro result set the release date? Batches released late because of micro last year?
A24: D2 | B24: How many samples are typically waiting or in incubation at month end? Which months are busiest?
A25: D3 | B25: Non-routine work - number per year and hours each: (a) method suitability for new materials / products; (b) OOS and EM excursion investigations; (c) disinfectant efficacy studies; (d) incubator mapping, autoclave and BSC qualification; (e) audits. (enter on 'Support work')
A26: D4 | B26: Which new products or materials in the next 2-3 years need micro testing (liquids, probiotics, botanicals, preserved products)?
A27: E. Closing
A28: E1 | B28: If you had one more microbiologist, or one more incubator / autoclave / cabinet, what would change first?
A29: E2 | B29: What is the biggest risk to on-time micro results today?

Sheet Test catalog
A1: Code | B1: Test | C1: Equipment | D1: Compendial conditions (reference) | E1: Rows using it (auto) | F1: Setup analyst h / session | G1: Prep + inoculation h/sample – MIN | H1: Prep + inoculation – MOST LIKELY | I1: Prep + inoculation – MAX | J1: Reading + counting h / sample (all reads) | K1: Incubation days | L1: Plates / tubes per sample | M1: BSC / LAF h / sample | N1: Data + doc h / sample | O1: Review h / sample | P1: Samples per session | Q1: Outsourced (Y/N) | R1: Notes
A2: ENUM | B2: Microbial enumeration - TAMC + TYMC (<61> / <2021>) | C2: BSC + incubators | D2: TAMC 30-35 °C, 3-5 d; TYMC 20-25 °C, 5-7 d | E2: =COUNTIFS('Test times'!$Y:$Y,$A2,'Test times'!$E:$E,"Y")+COUNTIF(Monitoring!$D:$D,$A2)
A3: ECOLI | B3: Absence of Escherichia coli (<62> / <2022>) | C3: BSC + incubators | D3: Enrichment 30-35 °C 18-24 h; MacConkey broth 42-44 °C 24-48 h; MacConkey agar 30-35 °C 18-72 h | E3: =COUNTIFS('Test times'!$Y:$Y,$A3,'Test times'!$E:$E,"Y")+COUNTIF(Monitoring!$D:$D,$A3)
A4: SALM | B4: Absence of Salmonella (<62> / <2022>) | C4: BSC + incubators | D4: Enrichment 30-35 °C 18-24 h; RVS broth 30-35 °C 18-24 h; XLD agar 30-35 °C 18-48 h | E4: =COUNTIFS('Test times'!$Y:$Y,$A4,'Test times'!$E:$E,"Y")+COUNTIF(Monitoring!$D:$D,$A4)
A5: PSAE | B5: Absence of Pseudomonas aeruginosa (<62>) | C5: BSC + incubators | D5: Enrichment 30-35 °C 18-24 h; cetrimide agar 30-35 °C 18-72 h | E5: =COUNTIFS('Test times'!$Y:$Y,$A5,'Test times'!$E:$E,"Y")+COUNTIF(Monitoring!$D:$D,$A5)
A6: SAUR | B6: Absence of Staphylococcus aureus (<62>) | C6: BSC + incubators | D6: Enrichment 30-35 °C 18-24 h; mannitol salt agar 30-35 °C 18-72 h | E6: =COUNTIFS('Test times'!$Y:$Y,$A6,'Test times'!$E:$E,"Y")+COUNTIF(Monitoring!$D:$D,$A6)
A7: BTGN | B7: Bile-tolerant Gram-negative bacteria (<62> / <2021>) | C7: BSC + incubators | D7: Pre-incubation 20-25 °C ~2 h; EE broth 30-35 °C 24-48 h; VRBG agar 30-35 °C 18-24 h | E7: =COUNTIFS('Test times'!$Y:$Y,$A7,'Test times'!$E:$E,"Y")+COUNTIF(Monitoring!$D:$D,$A7)
A8: CALB | B8: Absence of Candida albicans (<62>) | C8: BSC + incubators | D8: Sabouraud broth 30-35 °C 3-5 d; Sabouraud agar 30-35 °C 24-48 h | E8: =COUNTIFS('Test times'!$Y:$Y,$A8,'Test times'!$E:$E,"Y")+COUNTIF(Monitoring!$D:$D,$A8)
A9: PET | B9: Antimicrobial effectiveness / preservative efficacy (<51>) | C9: BSC + incubators | D9: 5 test organisms; 20-25 °C; reads at 14 and 28 d | E9: =COUNTIFS('Test times'!$Y:$Y,$A9,'Test times'!$E:$E,"Y")+COUNTIF(Monitoring!$D:$D,$A9)
A10: BET | B10: Bacterial endotoxins (<85>) | C10: Endotoxin reader / heating block | D10: Gel-clot 37 °C 60 min, or kinetic method | E10: =COUNTIFS('Test times'!$Y:$Y,$A10,'Test times'!$E:$E,"Y")+COUNTIF(Monitoring!$D:$D,$A10)
A11: STER | B11: Sterility (<71>) | C11: Isolator / cleanroom + incubators | D11: 14 d incubation (FTM 30-35 °C, SCDM 20-25 °C) | E11: =COUNTIFS('Test times'!$Y:$Y,$A11,'Test times'!$E:$E,"Y")+COUNTIF(Monitoring!$D:$D,$A11)
A12: WATER | B12: Water - total count by membrane filtration (<1231>) | C12: Filtration manifold + incubators | D12: R2A 20-25 or 30-35 °C 5-7 d, or PCA 30-35 °C 3-5 d | E12: =COUNTIFS('Test times'!$Y:$Y,$A12,'Test times'!$E:$E,"Y")+COUNTIF(Monitoring!$D:$D,$A12)
A13: WAT_SPEC | B13: Water - specified organisms / coliforms (if in your specification) | C13: Filtration manifold + incubators | D13: Per your specification | E13: =COUNTIFS('Test times'!$Y:$Y,$A13,'Test times'!$E:$E,"Y")+COUNTIF(Monitoring!$D:$D,$A13)
... A19: SWAB | B19: Cleaning validation - microbial swab / rinse | C19: Incubators | D19: Per your procedure | E19: =COUNTIFS('Test times'!$Y:$Y,$A19,'Test times'!$E:$E,"Y")+COUNTIF(Monitoring!$D:$D,$A19)

Sheet Test times
A1: Item (material / family) | B1: Type | C1: Description | D1: Test | E1: Applicable (Y/N) | F1: Lots / batches tested for micro (%) | G1: Setup analyst h / session | H1: Prep + inoculation h/sample – MIN | I1: Prep + inoculation – MOST LIKELY | J1: Prep + inoculation – MAX | K1: Prep PERT (auto) | L1: Reading + counting h / sample (all reads) | M1: Incubation days | N1: Plates / tubes per sample | O1: BSC / LAF h / sample | P1: Data + doc h / sample | Q1: Review h / sample | R1: Samples per session | S1: Retest / OOS % | T1: Applies to stability (Y/N) | U1: Outsourced (Y/N) | V1: Respondent(s) / source | W1: Confidence | X1: Notes / difficulty | Y1: Catalog code | Z1: Basis (USP-NF)
A2: Acetaminophen | B2: RM | C2: Active | D2: Microbial enumeration - TAMC + TYMC (<61> / <2021>) | E2: N | G2: =IFERROR(IF(INDEX('Test catalog'!$F$2:$F$200,MATCH($Y2,'Test catalog'!$A$2:$A$200,0))="","",INDEX('Test catalog'!$F$2:$F$200,MATCH($Y2,'Test catalog'!$A$2:$A$200,0))),"") | H2: =IFERROR(IF(INDEX('Test catalog'!$G$2:$G$200,MATCH($Y2,'Test catalog'!$A$2:$A$200,0))="","",INDEX('Test catalog'!$G$2:$G$200,MATCH($Y2,'Test catalog'!$A$2:$A$200,0))),"") | I2: =IFERROR(IF(INDEX('Test catalog'!$H$2:$H$200,MATCH($Y2,'Test catalog'!$A$2:$A$200,0))="","",INDEX('Test catalog'!$H$2:$H$200,MATCH($Y2,'Test catalog'!$A$2:$A$200,0))),"") | J2: =IFERROR(IF(INDEX('Test catalog'!$I$2:$I$200,MATCH($Y2,'Test catalog'!$A$2:$A$200,0))="","",INDEX('Test catalog'!$I$2:$I$200,MATCH($Y2,'Test catalog'!$A$2:$A$200,0))),"") | K2: =IF(I2="","",IF(OR(H2="",J2=""),I2,(H2+4*I2+J2)/6)) | L2: =IFERROR(IF(INDEX('Test catalog'!$J$2:$J$200,MATCH($Y2,'Test catalog'!$A$2:$A$200,0))="","",INDEX('Test catalog'!$J$2:$J$200,MATCH($Y2,'Test catalog'!$A$2:$A$200,0))),"") | M2: =IFERROR(IF(INDEX('Test catalog'!$K$2:$K$200,MATCH($Y2,'Test catalog'!$A$2:$A$200,0))="","",INDEX('Test catalog'!$K$2:$K$200,MATCH($Y2,'Test catalog'!$A$2:$A$200,0))),"") | N2: =IFERROR(IF(INDEX('Test catalog'!$L$2:$L$200,MATCH($Y2,'Test catalog'!$A$2:$A$200,0))="","",INDEX('Test catalog'!$L$2:$L$200,MATCH($Y2,'Test catalog'!$A$2:$A$200,0))),"") | O2: =IFERROR(IF(INDEX('Test catalog'!$M$2:$M$200,MATCH($Y2,'Test catalog'!$A$2:$A$200,0))="","",INDEX('Test catalog'!$M$2:$M$200,MATCH($Y2,'Test catalog'!$A$2:$A$200,0))),"") | P2: =IFERROR(IF(INDEX('Test catalog'!$N$2:$N$200,MATCH($Y2,'Test catalog'!$A$2:$A$200,0))="","",INDEX('Test catalog'!$N$2:$N$200,MATCH($Y2,'Test catalog'!$A$2:$A$200,0))),"") | Q2: =IFERROR(IF(INDEX('Test catalog'!$O$2:$O$200,MATCH($Y2,'Test catalog'!$A$2:$A$200,0))="","",INDEX('Test catalog'!$O$2:$O$200,MATCH($Y2,'Test catalog'!$A$2:$A$200,0))),"") | R2: =IFERROR(IF(INDEX('Test catalog'!$P$2:$P$200,MATCH($Y2,'Test catalog'!$A$2:$A$200,0))="","",INDEX('Test catalog'!$P$2:$P$200,MATCH($Y2,'Test catalog'!$A$2:$A$200,0))),"") | U2: =IFERROR(IF(INDEX('Test catalog'!$Q$2:$Q$200,MATCH($Y2,'Test catalog'!$A$2:$A$200,0))="","",INDEX('Test catalog'!$Q$2:$Q$200,MATCH($Y2,'Test catalog'!$A$2:$A$200,0))),"") | Y2: ENUM | Z2: No micro test in USP-NF - set Y if your specification has one
A3: Amlodipine Besylate | B3: RM | C3: Active | D3: Microbial enumeration - TAMC + TYMC (<61> / <2021>) | E3: N | G3: =IFERROR(IF(INDEX('Test catalog'!$F$2:$F$200,MATCH($Y3,'Test catalog'!$A$2:$A$200,0))="","",INDEX('Test catalog'!$F$2:$F$200,MATCH($Y3,'Test catalog'!$A$2:$A$200,0))),"") | H3: =IFERROR(IF(INDEX('Test catalog'!$G$2:$G$200,MATCH($Y3,'Test catalog'!$A$2:$A$200,0))="","",INDEX('Test catalog'!$G$2:$G$200,MATCH($Y3,'Test catalog'!$A$2:$A$200,0))),"") | I3: =IFERROR(IF(INDEX('Test catalog'!$H$2:$H$200,MATCH($Y3,'Test catalog'!$A$2:$A$200,0))="","",INDEX('Test catalog'!$H$2:$H$200,MATCH($Y3,'Test catalog'!$A$2:$A$200,0))),"") | J3: =IFERROR(IF(INDEX('Test catalog'!$I$2:$I$200,MATCH($Y3,'Test catalog'!$A$2:$A$200,0))="","",INDEX('Test catalog'!$I$2:$I$200,MATCH($Y3,'Test catalog'!$A$2:$A$200,0))),"") | K3: =IF(I3="","",IF(OR(H3="",J3=""),I3,(H3+4*I3+J3)/6)) | L3: =IFERROR(IF(INDEX('Test catalog'!$J$2:$J$200,MATCH($Y3,'Test catalog'!$A$2:$A$200,0))="","",INDEX('Test catalog'!$J$2:$J$200,MATCH($Y3,'Test catalog'!$A$2:$A$200,0))),"") | M3: =IFERROR(IF(INDEX('Test catalog'!$K$2:$K$200,MATCH($Y3,'Test catalog'!$A$2:$A$200,0))="","",INDEX('Test catalog'!$K$2:$K$200,MATCH($Y3,'Test catalog'!$A$2:$A$200,0))),"") | N3: =IFERROR(IF(INDEX('Test catalog'!$L$2:$L$200,MATCH($Y3,'Test catalog'!$A$2:$A$200,0))="","",INDEX('Test catalog'!$L$2:$L$200,MATCH($Y3,'Test catalog'!$A$2:$A$200,0))),"") | O3: =IFERROR(IF(INDEX('Test catalog'!$M$2:$M$200,MATCH($Y3,'Test catalog'!$A$2:$A$200,0))="","",INDEX('Test catalog'!$M$2:$M$200,MATCH($Y3,'Test catalog'!$A$2:$A$200,0))),"") | P3: =IFERROR(IF(INDEX('Test catalog'!$N$2:$N$200,MATCH($Y3,'Test catalog'!$A$2:$A$200,0))="","",INDEX('Test catalog'!$N$2:$N$200,MATCH($Y3,'Test catalog'!$A$2:$A$200,0))),"") | Q3: =IFERROR(IF(INDEX('Test catalog'!$O$2:$O$200,MATCH($Y3,'Test catalog'!$A$2:$A$200,0))="","",INDEX('Test catalog'!$O$2:$O$200,MATCH($Y3,'Test catalog'!$A$2:$A$200,0))),"") | R3: =IFERROR(IF(INDEX('Test catalog'!$P$2:$P$200,MATCH($Y3,'Test catalog'!$A$2:$A$200,0))="","",INDEX('Test catalog'!$P$2:$P$200,MATCH($Y3,'Test catalog'!$A$2:$A$200,0))),"") | U3: =IFERROR(IF(INDEX('Test catalog'!$Q$2:$Q$200,MATCH($Y3,'Test catalog'!$A$2:$A$200,0))="","",INDEX('Test catalog'!$Q$2:$Q$200,MATCH($Y3,'Test catalog'!$A$2:$A$200,0))),"") | Y3: ENUM | Z3: No micro test in USP-NF - set Y if your specification has one
A4: Apium Graveolens Seed Dry Extract 6:1 | B4: RM | C4: Active | D4: Microbial enumeration - TAMC + TYMC (<61> / <2021>) | E4: Y | G4: =IFERROR(IF(INDEX('Test catalog'!$F$2:$F$200,MATCH($Y4,'Test catalog'!$A$2:$A$200,0))="","",INDEX('Test catalog'!$F$2:$F$200,MATCH($Y4,'Test catalog'!$A$2:$A$200,0))),"") | H4: =IFERROR(IF(INDEX('Test catalog'!$G$2:$G$200,MATCH($Y4,'Test catalog'!$A$2:$A$200,0))="","",INDEX('Test catalog'!$G$2:$G$200,MATCH($Y4,'Test catalog'!$A$2:$A$200,0))),"") | I4: =IFERROR(IF(INDEX('Test catalog'!$H$2:$H$200,MATCH($Y4,'Test catalog'!$A$2:$A$200,0))="","",INDEX('Test catalog'!$H$2:$H$200,MATCH($Y4,'Test catalog'!$A$2:$A$200,0))),"") | J4: =IFERROR(IF(INDEX('Test catalog'!$I$2:$I$200,MATCH($Y4,'Test catalog'!$A$2:$A$200,0))="","",INDEX('Test catalog'!$I$2:$I$200,MATCH($Y4,'Test catalog'!$A$2:$A$200,0))),"") | K4: =IF(I4="","",IF(OR(H4="",J4=""),I4,(H4+4*I4+J4)/6)) | L4: =IFERROR(IF(INDEX('Test catalog'!$J$2:$J$200,MATCH($Y4,'Test catalog'!$A$2:$A$200,0))="","",INDEX('Test catalog'!$J$2:$J$200,MATCH($Y4,'Test catalog'!$A$2:$A$200,0))),"") | M4: =IFERROR(IF(INDEX('Test catalog'!$K$2:$K$200,MATCH($Y4,'Test catalog'!$A$2:$A$200,0))="","",INDEX('Test catalog'!$K$2:$K$200,MATCH($Y4,'Test catalog'!$A$2:$A$200,0))),"") | N4: =IFERROR(IF(INDEX('Test catalog'!$L$2:$L$200,MATCH($Y4,'Test catalog'!$A$2:$A$200,0))="","",INDEX('Test catalog'!$L$2:$L$200,MATCH($Y4,'Test catalog'!$A$2:$A$200,0))),"") | O4: =IFERROR(IF(INDEX('Test catalog'!$M$2:$M$200,MATCH($Y4,'Test catalog'!$A$2:$A$200,0))="","",INDEX('Test catalog'!$M$2:$M$200,MATCH($Y4,'Test catalog'!$A$2:$A$200,0))),"") | P4: =IFERROR(IF(INDEX('Test catalog'!$N$2:$N$200,MATCH($Y4,'Test catalog'!$A$2:$A$200,0))="","",INDEX('Test catalog'!$N$2:$N$200,MATCH($Y4,'Test catalog'!$A$2:$A$200,0))),"") | Q4: =IFERROR(IF(INDEX('Test catalog'!$O$2:$O$200,MATCH($Y4,'Test catalog'!$A$2:$A$200,0))="","",INDEX('Test catalog'!$O$2:$O$200,MATCH($Y4,'Test catalog'!$A$2:$A$200,0))),"") | R4: =IFERROR(IF(INDEX('Test catalog'!$P$2:$P$200,MATCH($Y4,'Test catalog'!$A$2:$A$200,0))="","",INDEX('Test catalog'!$P$2:$P$200,MATCH($Y4,'Test catalog'!$A$2:$A$200,0))),"") | U4: =IFERROR(IF(INDEX('Test catalog'!$Q$2:$Q$200,MATCH($Y4,'Test catalog'!$A$2:$A$200,0))="","",INDEX('Test catalog'!$Q$2:$Q$200,MATCH($Y4,'Test catalog'!$A$2:$A$200,0))),"") | Y4: ENUM | Z4: Natural origin, no USP-NF micro test - confirm (USP <2023>)
A5: Apium Graveolens Seed Dry Extract 6:1 | B5: RM | C5: Active | D5: Absence of Escherichia coli (<62> / <2022>) | E5: Y | G5: =IFERROR(IF(INDEX('Test catalog'!$F$2:$F$200,MATCH($Y5,'Test catalog'!$A$2:$A$200,0))="","",INDEX('Test catalog'!$F$2:$F$200,MATCH($Y5,'Test catalog'!$A$2:$A$200,0))),"") | H5: =IFERROR(IF(INDEX('Test catalog'!$G$2:$G$200,MATCH($Y5,'Test catalog'!$A$2:$A$200,0))="","",INDEX('Test catalog'!$G$2:$G$200,MATCH($Y5,'Test catalog'!$A$2:$A$200,0))),"") | I5: =IFERROR(IF(INDEX('Test catalog'!$H$2:$H$200,MATCH($Y5,'Test catalog'!$A$2:$A$200,0))="","",INDEX('Test catalog'!$H$2:$H$200,MATCH($Y5,'Test catalog'!$A$2:$A$200,0))),"") | J5: =IFERROR(IF(INDEX('Test catalog'!$I$2:$I$200,MATCH($Y5,'Test catalog'!$A$2:$A$200,0))="","",INDEX('Test catalog'!$I$2:$I$200,MATCH($Y5,'Test catalog'!$A$2:$A$200,0))),"") | K5: =IF(I5="","",IF(OR(H5="",J5=""),I5,(H5+4*I5+J5)/6)) | L5: =IFERROR(IF(INDEX('Test catalog'!$J$2:$J$200,MATCH($Y5,'Test catalog'!$A$2:$A$200,0))="","",INDEX('Test catalog'!$J$2:$J$200,MATCH($Y5,'Test catalog'!$A$2:$A$200,0))),"") | M5: =IFERROR(IF(INDEX('Test catalog'!$K$2:$K$200,MATCH($Y5,'Test catalog'!$A$2:$A$200,0))="","",INDEX('Test catalog'!$K$2:$K$200,MATCH($Y5,'Test catalog'!$A$2:$A$200,0))),"") | N5: =IFERROR(IF(INDEX('Test catalog'!$L$2:$L$200,MATCH($Y5,'Test catalog'!$A$2:$A$200,0))="","",INDEX('Test catalog'!$L$2:$L$200,MATCH($Y5,'Test catalog'!$A$2:$A$200,0))),"") | O5: =IFERROR(IF(INDEX('Test catalog'!$M$2:$M$200,MATCH($Y5,'Test catalog'!$A$2:$A$200,0))="","",INDEX('Test catalog'!$M$2:$M$200,MATCH($Y5,'Test catalog'!$A$2:$A$200,0))),"") | P5: =IFERROR(IF(INDEX('Test catalog'!$N$2:$N$200,MATCH($Y5,'Test catalog'!$A$2:$A$200,0))="","",INDEX('Test catalog'!$N$2:$N$200,MATCH($Y5,'Test catalog'!$A$2:$A$200,0))),"") | Q5: =IFERROR(IF(INDEX('Test catalog'!$O$2:$O$200,MATCH($Y5,'Test catalog'!$A$2:$A$200,0))="","",INDEX('Test catalog'!$O$2:$O$200,MATCH($Y5,'Test catalog'!$A$2:$A$200,0))),"") | R5: =IFERROR(IF(INDEX('Test catalog'!$P$2:$P$200,MATCH($Y5,'Test catalog'!$A$2:$A$200,0))="","",INDEX('Test catalog'!$P$2:$P$200,MATCH($Y5,'Test catalog'!$A$2:$A$200,0))),"") | U5: =IFERROR(IF(INDEX('Test catalog'!$Q$2:$Q$200,MATCH($Y5,'Test catalog'!$A$2:$A$200,0))="","",INDEX('Test catalog'!$Q$2:$Q$200,MATCH($Y5,'Test catalog'!$A$2:$A$200,0))),"") | Y5: ECOLI | Z5: Natural origin, no USP-NF micro test - confirm (USP <2023>)
A6: Apium Graveolens Seed Dry Extract 6:1 | B6: RM | C6: Active | D6: Absence of Salmonella (<62> / <2022>) | E6: Y | G6: =IFERROR(IF(INDEX('Test catalog'!$F$2:$F$200,MATCH($Y6,'Test catalog'!$A$2:$A$200,0))="","",INDEX('Test catalog'!$F$2:$F$200,MATCH($Y6,'Test catalog'!$A$2:$A$200,0))),"") | H6: =IFERROR(IF(INDEX('Test catalog'!$G$2:$G$200,MATCH($Y6,'Test catalog'!$A$2:$A$200,0))="","",INDEX('Test catalog'!$G$2:$G$200,MATCH($Y6,'Test catalog'!$A$2:$A$200,0))),"") | I6: =IFERROR(IF(INDEX('Test catalog'!$H$2:$H$200,MATCH($Y6,'Test catalog'!$A$2:$A$200,0))="","",INDEX('Test catalog'!$H$2:$H$200,MATCH($Y6,'Test catalog'!$A$2:$A$200,0))),"") | J6: =IFERROR(IF(INDEX('Test catalog'!$I$2:$I$200,MATCH($Y6,'Test catalog'!$A$2:$A$200,0))="","",INDEX('Test catalog'!$I$2:$I$200,MATCH($Y6,'Test catalog'!$A$2:$A$200,0))),"") | K6: =IF(I6="","",IF(OR(H6="",J6=""),I6,(H6+4*I6+J6)/6)) | L6: =IFERROR(IF(INDEX('Test catalog'!$J$2:$J$200,MATCH($Y6,'Test catalog'!$A$2:$A$200,0))="","",INDEX('Test catalog'!$J$2:$J$200,MATCH($Y6,'Test catalog'!$A$2:$A$200,0))),"") | M6: =IFERROR(IF(INDEX('Test catalog'!$K$2:$K$200,MATCH($Y6,'Test catalog'!$A$2:$A$200,0))="","",INDEX('Test catalog'!$K$2:$K$200,MATCH($Y6,'Test catalog'!$A$2:$A$200,0))),"") | N6: =IFERROR(IF(INDEX('Test catalog'!$L$2:$L$200,MATCH($Y6,'Test catalog'!$A$2:$A$200,0))="","",INDEX('Test catalog'!$L$2:$L$200,MATCH($Y6,'Test catalog'!$A$2:$A$200,0))),"") | O6: =IFERROR(IF(INDEX('Test catalog'!$M$2:$M$200,MATCH($Y6,'Test catalog'!$A$2:$A$200,0))="","",INDEX('Test catalog'!$M$2:$M$200,MATCH($Y6,'Test catalog'!$A$2:$A$200,0))),"") | P6: =IFERROR(IF(INDEX('Test catalog'!$N$2:$N$200,MATCH($Y6,'Test catalog'!$A$2:$A$200,0))="","",INDEX('Test catalog'!$N$2:$N$200,MATCH($Y6,'Test catalog'!$A$2:$A$200,0))),"") | Q6: =IFERROR(IF(INDEX('Test catalog'!$O$2:$O$200,MATCH($Y6,'Test catalog'!$A$2:$A$200,0))="","",INDEX('Test catalog'!$O$2:$O$200,MATCH($Y6,'Test catalog'!$A$2:$A$200,0))),"") | R6: =IFERROR(IF(INDEX('Test catalog'!$P$2:$P$200,MATCH($Y6,'Test catalog'!$A$2:$A$200,0))="","",INDEX('Test catalog'!$P$2:$P$200,MATCH($Y6,'Test catalog'!$A$2:$A$200,0))),"") | U6: =IFERROR(IF(INDEX('Test catalog'!$Q$2:$Q$200,MATCH($Y6,'Test catalog'!$A$2:$A$200,0))="","",INDEX('Test catalog'!$Q$2:$Q$200,MATCH($Y6,'Test catalog'!$A$2:$A$200,0))),"") | Y6: SALM | Z6: Natural origin, no USP-NF micro test - confirm (USP <2023>)
A7: Apixaban | B7: RM | C7: Active | D7: Microbial enumeration - TAMC + TYMC (<61> / <2021>) | E7: N | G7: =IFERROR(IF(INDEX('Test catalog'!$F$2:$F$200,MATCH($Y7,'Test catalog'!$A$2:$A$200,0))="","",INDEX('Test catalog'!$F$2:$F$200,MATCH($Y7,'Test catalog'!$A$2:$A$200,0))),"") | H7: =IFERROR(IF(INDEX('Test catalog'!$G$2:$G$200,MATCH($Y7,'Test catalog'!$A$2:$A$200,0))="","",INDEX('Test catalog'!$G$2:$G$200,MATCH($Y7,'Test catalog'!$A$2:$A$200,0))),"") | I7: =IFERROR(IF(INDEX('Test catalog'!$H$2:$H$200,MATCH($Y7,'Test catalog'!$A$2:$A$200,0))="","",INDEX('Test catalog'!$H$2:$H$200,MATCH($Y7,'Test catalog'!$A$2:$A$200,0))),"") | J7: =IFERROR(IF(INDEX('Test catalog'!$I$2:$I$200,MATCH($Y7,'Test catalog'!$A$2:$A$200,0))="","",INDEX('Test catalog'!$I$2:$I$200,MATCH($Y7,'Test catalog'!$A$2:$A$200,0))),"") | K7: =IF(I7="","",IF(OR(H7="",J7=""),I7,(H7+4*I7+J7)/6)) | L7: =IFERROR(IF(INDEX('Test catalog'!$J$2:$J$200,MATCH($Y7,'Test catalog'!$A$2:$A$200,0))="","",INDEX('Test catalog'!$J$2:$J$200,MATCH($Y7,'Test catalog'!$A$2:$A$200,0))),"") | M7: =IFERROR(IF(INDEX('Test catalog'!$K$2:$K$200,MATCH($Y7,'Test catalog'!$A$2:$A$200,0))="","",INDEX('Test catalog'!$K$2:$K$200,MATCH($Y7,'Test catalog'!$A$2:$A$200,0))),"") | N7: =IFERROR(IF(INDEX('Test catalog'!$L$2:$L$200,MATCH($Y7,'Test catalog'!$A$2:$A$200,0))="","",INDEX('Test catalog'!$L$2:$L$200,MATCH($Y7,'Test catalog'!$A$2:$A$200,0))),"") | O7: =IFERROR(IF(INDEX('Test catalog'!$M$2:$M$200,MATCH($Y7,'Test catalog'!$A$2:$A$200,0))="","",INDEX('Test catalog'!$M$2:$M$200,MATCH($Y7,'Test catalog'!$A$2:$A$200,0))),"") | P7: =IFERROR(IF(INDEX('Test catalog'!$N$2:$N$200,MATCH($Y7,'Test catalog'!$A$2:$A$200,0))="","",INDEX('Test catalog'!$N$2:$N$200,MATCH($Y7,'Test catalog'!$A$2:$A$200,0))),"") | Q7: =IFERROR(IF(INDEX('Test catalog'!$O$2:$O$200,MATCH($Y7,'Test catalog'!$A$2:$A$200,0))="","",INDEX('Test catalog'!$O$2:$O$200,MATCH($Y7,'Test catalog'!$A$2:$A$200,0))),"") | R7: =IFERROR(IF(INDEX('Test catalog'!$P$2:$P$200,MATCH($Y7,'Test catalog'!$A$2:$A$200,0))="","",INDEX('Test catalog'!$P$2:$P$200,MATCH($Y7,'Test catalog'!$A$2:$A$200,0))),"") | U7: =IFERROR(IF(INDEX('Test catalog'!$Q$2:$Q$200,MATCH($Y7,'Test catalog'!$A$2:$A$200,0))="","",INDEX('Test catalog'!$Q$2:$Q$200,MATCH($Y7,'Test catalog'!$A$2:$A$200,0))),"") | Y7: ENUM | Z7: No micro test in USP-NF - set Y if your specification has one
A8: Artichoke Dry Extract 25:1 | B8: RM | C8: Active | D8: Microbial enumeration - TAMC + TYMC (<61> / <2021>) | E8: Y | G8: =IFERROR(IF(INDEX('Test catalog'!$F$2:$F$200,MATCH($Y8,'Test catalog'!$A$2:$A$200,0))="","",INDEX('Test catalog'!$F$2:$F$200,MATCH($Y8,'Test catalog'!$A$2:$A$200,0))),"") | H8: =IFERROR(IF(INDEX('Test catalog'!$G$2:$G$200,MATCH($Y8,'Test catalog'!$A$2:$A$200,0))="","",INDEX('Test catalog'!$G$2:$G$200,MATCH($Y8,'Test catalog'!$A$2:$A$200,0))),"") | I8: =IFERROR(IF(INDEX('Test catalog'!$H$2:$H$200,MATCH($Y8,'Test catalog'!$A$2:$A$200,0))="","",INDEX('Test catalog'!$H$2:$H$200,MATCH($Y8,'Test catalog'!$A$2:$A$200,0))),"") | J8: =IFERROR(IF(INDEX('Test catalog'!$I$2:$I$200,MATCH($Y8,'Test catalog'!$A$2:$A$200,0))="","",INDEX('Test catalog'!$I$2:$I$200,MATCH($Y8,'Test catalog'!$A$2:$A$200,0))),"") | K8: =IF(I8="","",IF(OR(H8="",J8=""),I8,(H8+4*I8+J8)/6)) | L8: =IFERROR(IF(INDEX('Test catalog'!$J$2:$J$200,MATCH($Y8,'Test catalog'!$A$2:$A$200,0))="","",INDEX('Test catalog'!$J$2:$J$200,MATCH($Y8,'Test catalog'!$A$2:$A$200,0))),"") | M8: =IFERROR(IF(INDEX('Test catalog'!$K$2:$K$200,MATCH($Y8,'Test catalog'!$A$2:$A$200,0))="","",INDEX('Test catalog'!$K$2:$K$200,MATCH($Y8,'Test catalog'!$A$2:$A$200,0))),"") | N8: =IFERROR(IF(INDEX('Test catalog'!$L$2:$L$200,MATCH($Y8,'Test catalog'!$A$2:$A$200,0))="","",INDEX('Test catalog'!$L$2:$L$200,MATCH($Y8,'Test catalog'!$A$2:$A$200,0))),"") | O8: =IFERROR(IF(INDEX('Test catalog'!$M$2:$M$200,MATCH($Y8,'Test catalog'!$A$2:$A$200,0))="","",INDEX('Test catalog'!$M$2:$M$200,MATCH($Y8,'Test catalog'!$A$2:$A$200,0))),"") | P8: =IFERROR(IF(INDEX('Test catalog'!$N$2:$N$200,MATCH($Y8,'Test catalog'!$A$2:$A$200,0))="","",INDEX('Test catalog'!$N$2:$N$200,MATCH($Y8,'Test catalog'!$A$2:$A$200,0))),"") | Q8: =IFERROR(IF(INDEX('Test catalog'!$O$2:$O$200,MATCH($Y8,'Test catalog'!$A$2:$A$200,0))="","",INDEX('Test catalog'!$O$2:$O$200,MATCH($Y8,'Test catalog'!$A$2:$A$200,0))),"") | R8: =IFERROR(IF(INDEX('Test catalog'!$P$2:$P$200,MATCH($Y8,'Test catalog'!$A$2:$A$200,0))="","",INDEX('Test catalog'!$P$2:$P$200,MATCH($Y8,'Test catalog'!$A$2:$A$200,0))),"") | U8: =IFERROR(IF(INDEX('Test catalog'!$Q$2:$Q$200,MATCH($Y8,'Test catalog'!$A$2:$A$200,0))="","",INDEX('Test catalog'!$Q$2:$Q$200,MATCH($Y8,'Test catalog'!$A$2:$A$200,0))),"") | Y8: ENUM | Z8: Natural origin, no USP-NF micro test - confirm (USP <2023>)
A9: Artichoke Dry Extract 25:1 | B9: RM | C9: Active | D9: Absence of Escherichia coli (<62> / <2022>) | E9: Y | G9: =IFERROR(IF(INDEX('Test catalog'!$F$2:$F$200,MATCH($Y9,'Test catalog'!$A$2:$A$200,0))="","",INDEX('Test catalog'!$F$2:$F$200,MATCH($Y9,'Test catalog'!$A$2:$A$200,0))),"") | H9: =IFERROR(IF(INDEX('Test catalog'!$G$2:$G$200,MATCH($Y9,'Test catalog'!$A$2:$A$200,0))="","",INDEX('Test catalog'!$G$2:$G$200,MATCH($Y9,'Test catalog'!$A$2:$A$200,0))),"") | I9: =IFERROR(IF(INDEX('Test catalog'!$H$2:$H$200,MATCH($Y9,'Test catalog'!$A$2:$A$200,0))="","",INDEX('Test catalog'!$H$2:$H$200,MATCH($Y9,'Test catalog'!$A$2:$A$200,0))),"") | J9: =IFERROR(IF(INDEX('Test catalog'!$I$2:$I$200,MATCH($Y9,'Test catalog'!$A$2:$A$200,0))="","",INDEX('Test catalog'!$I$2:$I$200,MATCH($Y9,'Test catalog'!$A$2:$A$200,0))),"") | K9: =IF(I9="","",IF(OR(H9="",J9=""),I9,(H9+4*I9+J9)/6)) | L9: =IFERROR(IF(INDEX('Test catalog'!$J$2:$J$200,MATCH($Y9,'Test catalog'!$A$2:$A$200,0))="","",INDEX('Test catalog'!$J$2:$J$200,MATCH($Y9,'Test catalog'!$A$2:$A$200,0))),"") | M9: =IFERROR(IF(INDEX('Test catalog'!$K$2:$K$200,MATCH($Y9,'Test catalog'!$A$2:$A$200,0))="","",INDEX('Test catalog'!$K$2:$K$200,MATCH($Y9,'Test catalog'!$A$2:$A$200,0))),"") | N9: =IFERROR(IF(INDEX('Test catalog'!$L$2:$L$200,MATCH($Y9,'Test catalog'!$A$2:$A$200,0))="","",INDEX('Test catalog'!$L$2:$L$200,MATCH($Y9,'Test catalog'!$A$2:$A$200,0))),"") | O9: =IFERROR(IF(INDEX('Test catalog'!$M$2:$M$200,MATCH($Y9,'Test catalog'!$A$2:$A$200,0))="","",INDEX('Test catalog'!$M$2:$M$200,MATCH($Y9,'Test catalog'!$A$2:$A$200,0))),"") | P9: =IFERROR(IF(INDEX('Test catalog'!$N$2:$N$200,MATCH($Y9,'Test catalog'!$A$2:$A$200,0))="","",INDEX('Test catalog'!$N$2:$N$200,MATCH($Y9,'Test catalog'!$A$2:$A$200,0))),"") | Q9: =IFERROR(IF(INDEX('Test catalog'!$O$2:$O$200,MATCH($Y9,'Test catalog'!$A$2:$A$200,0))="","",INDEX('Test catalog'!$O$2:$O$200,MATCH($Y9,'Test catalog'!$A$2:$A$200,0))),"") | R9: =IFERROR(IF(INDEX('Test catalog'!$P$2:$P$200,MATCH($Y9,'Test catalog'!$A$2:$A$200,0))="","",INDEX('Test catalog'!$P$2:$P$200,MATCH($Y9,'Test catalog'!$A$2:$A$200,0))),"") | U9: =IFERROR(IF(INDEX('Test catalog'!$Q$2:$Q$200,MATCH($Y9,'Test catalog'!$A$2:$A$200,0))="","",INDEX('Test catalog'!$Q$2:$Q$200,MATCH($Y9,'Test catalog'!$A$2:$A$200,0))),"") | Y9: ECOLI | Z9: Natural origin, no USP-NF micro test - confirm (USP <2023>)
A10: Artichoke Dry Extract 25:1 | B10: RM | C10: Active | D10: Absence of Salmonella (<62> / <2022>) | E10: Y | G10: =IFERROR(IF(INDEX('Test catalog'!$F$2:$F$200,MATCH($Y10,'Test catalog'!$A$2:$A$200,0))="","",INDEX('Test catalog'!$F$2:$F$200,MATCH($Y10,'Test catalog'!$A$2:$A$200,0))),"") | H10: =IFERROR(IF(INDEX('Test catalog'!$G$2:$G$200,MATCH($Y10,'Test catalog'!$A$2:$A$200,0))="","",INDEX('Test catalog'!$G$2:$G$200,MATCH($Y10,'Test catalog'!$A$2:$A$200,0))),"") | I10: =IFERROR(IF(INDEX('Test catalog'!$H$2:$H$200,MATCH($Y10,'Test catalog'!$A$2:$A$200,0))="","",INDEX('Test catalog'!$H$2:$H$200,MATCH($Y10,'Test catalog'!$A$2:$A$200,0))),"") | J10: =IFERROR(IF(INDEX('Test catalog'!$I$2:$I$200,MATCH($Y10,'Test catalog'!$A$2:$A$200,0))="","",INDEX('Test catalog'!$I$2:$I$200,MATCH($Y10,'Test catalog'!$A$2:$A$200,0))),"") | K10: =IF(I10="","",IF(OR(H10="",J10=""),I10,(H10+4*I10+J10)/6)) | L10: =IFERROR(IF(INDEX('Test catalog'!$J$2:$J$200,MATCH($Y10,'Test catalog'!$A$2:$A$200,0))="","",INDEX('Test catalog'!$J$2:$J$200,MATCH($Y10,'Test catalog'!$A$2:$A$200,0))),"") | M10: =IFERROR(IF(INDEX('Test catalog'!$K$2:$K$200,MATCH($Y10,'Test catalog'!$A$2:$A$200,0))="","",INDEX('Test catalog'!$K$2:$K$200,MATCH($Y10,'Test catalog'!$A$2:$A$200,0))),"") | N10: =IFERROR(IF(INDEX('Test catalog'!$L$2:$L$200,MATCH($Y10,'Test catalog'!$A$2:$A$200,0))="","",INDEX('Test catalog'!$L$2:$L$200,MATCH($Y10,'Test catalog'!$A$2:$A$200,0))),"") | O10: =IFERROR(IF(INDEX('Test catalog'!$M$2:$M$200,MATCH($Y10,'Test catalog'!$A$2:$A$200,0))="","",INDEX('Test catalog'!$M$2:$M$200,MATCH($Y10,'Test catalog'!$A$2:$A$200,0))),"") | P10: =IFERROR(IF(INDEX('Test catalog'!$N$2:$N$200,MATCH($Y10,'Test catalog'!$A$2:$A$200,0))="","",INDEX('Test catalog'!$N$2:$N$200,MATCH($Y10,'Test catalog'!$A$2:$A$200,0))),"") | Q10: =IFERROR(IF(INDEX('Test catalog'!$O$2:$O$200,MATCH($Y10,'Test catalog'!$A$2:$A$200,0))="","",INDEX('Test catalog'!$O$2:$O$200,MATCH($Y10,'Test catalog'!$A$2:$A$200,0))),"") | R10: =IFERROR(IF(INDEX('Test catalog'!$P$2:$P$200,MATCH($Y10,'Test catalog'!$A$2:$A$200,0))="","",INDEX('Test catalog'!$P$2:$P$200,MATCH($Y10,'Test catalog'!$A$2:$A$200,0))),"") | U10: =IFERROR(IF(INDEX('Test catalog'!$Q$2:$Q$200,MATCH($Y10,'Test catalog'!$A$2:$A$200,0))="","",INDEX('Test catalog'!$Q$2:$Q$200,MATCH($Y10,'Test catalog'!$A$2:$A$200,0))),"") | Y10: SALM | Z10: Natural origin, no USP-NF micro test - confirm (USP <2023>)
A11: Ascorbic Acid (Vitamin C) | B11: RM | C11: Active | D11: Microbial enumeration - TAMC + TYMC (<61> / <2021>) | E11: N | G11: =IFERROR(IF(INDEX('Test catalog'!$F$2:$F$200,MATCH($Y11,'Test catalog'!$A$2:$A$200,0))="","",INDEX('Test catalog'!$F$2:$F$200,MATCH($Y11,'Test catalog'!$A$2:$A$200,0))),"") | H11: =IFERROR(IF(INDEX('Test catalog'!$G$2:$G$200,MATCH($Y11,'Test catalog'!$A$2:$A$200,0))="","",INDEX('Test catalog'!$G$2:$G$200,MATCH($Y11,'Test catalog'!$A$2:$A$200,0))),"") | I11: =IFERROR(IF(INDEX('Test catalog'!$H$2:$H$200,MATCH($Y11,'Test catalog'!$A$2:$A$200,0))="","",INDEX('Test catalog'!$H$2:$H$200,MATCH($Y11,'Test catalog'!$A$2:$A$200,0))),"") | J11: =IFERROR(IF(INDEX('Test catalog'!$I$2:$I$200,MATCH($Y11,'Test catalog'!$A$2:$A$200,0))="","",INDEX('Test catalog'!$I$2:$I$200,MATCH($Y11,'Test catalog'!$A$2:$A$200,0))),"") | K11: =IF(I11="","",IF(OR(H11="",J11=""),I11,(H11+4*I11+J11)/6)) | L11: =IFERROR(IF(INDEX('Test catalog'!$J$2:$J$200,MATCH($Y11,'Test catalog'!$A$2:$A$200,0))="","",INDEX('Test catalog'!$J$2:$J$200,MATCH($Y11,'Test catalog'!$A$2:$A$200,0))),"") | M11: =IFERROR(IF(INDEX('Test catalog'!$K$2:$K$200,MATCH($Y11,'Test catalog'!$A$2:$A$200,0))="","",INDEX('Test catalog'!$K$2:$K$200,MATCH($Y11,'Test catalog'!$A$2:$A$200,0))),"") | N11: =IFERROR(IF(INDEX('Test catalog'!$L$2:$L$200,MATCH($Y11,'Test catalog'!$A$2:$A$200,0))="","",INDEX('Test catalog'!$L$2:$L$200,MATCH($Y11,'Test catalog'!$A$2:$A$200,0))),"") | O11: =IFERROR(IF(INDEX('Test catalog'!$M$2:$M$200,MATCH($Y11,'Test catalog'!$A$2:$A$200,0))="","",INDEX('Test catalog'!$M$2:$M$200,MATCH($Y11,'Test catalog'!$A$2:$A$200,0))),"") | P11: =IFERROR(IF(INDEX('Test catalog'!$N$2:$N$200,MATCH($Y11,'Test catalog'!$A$2:$A$200,0))="","",INDEX('Test catalog'!$N$2:$N$200,MATCH($Y11,'Test catalog'!$A$2:$A$200,0))),"") | Q11: =IFERROR(IF(INDEX('Test catalog'!$O$2:$O$200,MATCH($Y11,'Test catalog'!$A$2:$A$200,0))="","",INDEX('Test catalog'!$O$2:$O$200,MATCH($Y11,'Test catalog'!$A$2:$A$200,0))),"") | R11: =IFERROR(IF(INDEX('Test catalog'!$P$2:$P$200,MATCH($Y11,'Test catalog'!$A$2:$A$200,0))="","",INDEX('Test catalog'!$P$2:$P$200,MATCH($Y11,'Test catalog'!$A$2:$A$200,0))),"") | U11: =IFERROR(IF(INDEX('Test catalog'!$Q$2:$Q$200,MATCH($Y11,'Test catalog'!$A$2:$A$200,0))="","",INDEX('Test catalog'!$Q$2:$Q$200,MATCH($Y11,'Test catalog'!$A$2:$A$200,0))),"") | Y11: ENUM | Z11: No micro test in USP-NF - set Y if your specification has one
A12: Ascorbic Acid Coated 97% | B12: RM | C12: Active | D12: Microbial enumeration - TAMC + TYMC (<61> / <2021>) | E12: N | G12: =IFERROR(IF(INDEX('Test catalog'!$F$2:$F$200,MATCH($Y12,'Test catalog'!$A$2:$A$200,0))="","",INDEX('Test catalog'!$F$2:$F$200,MATCH($Y12,'Test catalog'!$A$2:$A$200,0))),"") | H12: =IFERROR(IF(INDEX('Test catalog'!$G$2:$G$200,MATCH($Y12,'Test catalog'!$A$2:$A$200,0))="","",INDEX('Test catalog'!$G$2:$G$200,MATCH($Y12,'Test catalog'!$A$2:$A$200,0))),"") | I12: =IFERROR(IF(INDEX('Test catalog'!$H$2:$H$200,MATCH($Y12,'Test catalog'!$A$2:$A$200,0))="","",INDEX('Test catalog'!$H$2:$H$200,MATCH($Y12,'Test catalog'!$A$2:$A$200,0))),"") | J12: =IFERROR(IF(INDEX('Test catalog'!$I$2:$I$200,MATCH($Y12,'Test catalog'!$A$2:$A$200,0))="","",INDEX('Test catalog'!$I$2:$I$200,MATCH($Y12,'Test catalog'!$A$2:$A$200,0))),"") | K12: =IF(I12="","",IF(OR(H12="",J12=""),I12,(H12+4*I12+J12)/6)) | L12: =IFERROR(IF(INDEX('Test catalog'!$J$2:$J$200,MATCH($Y12,'Test catalog'!$A$2:$A$200,0))="","",INDEX('Test catalog'!$J$2:$J$200,MATCH($Y12,'Test catalog'!$A$2:$A$200,0))),"") | M12: =IFERROR(IF(INDEX('Test catalog'!$K$2:$K$200,MATCH($Y12,'Test catalog'!$A$2:$A$200,0))="","",INDEX('Test catalog'!$K$2:$K$200,MATCH($Y12,'Test catalog'!$A$2:$A$200,0))),"") | N12: =IFERROR(IF(INDEX('Test catalog'!$L$2:$L$200,MATCH($Y12,'Test catalog'!$A$2:$A$200,0))="","",INDEX('Test catalog'!$L$2:$L$200,MATCH($Y12,'Test catalog'!$A$2:$A$200,0))),"") | O12: =IFERROR(IF(INDEX('Test catalog'!$M$2:$M$200,MATCH($Y12,'Test catalog'!$A$2:$A$200,0))="","",INDEX('Test catalog'!$M$2:$M$200,MATCH($Y12,'Test catalog'!$A$2:$A$200,0))),"") | P12: =IFERROR(IF(INDEX('Test catalog'!$N$2:$N$200,MATCH($Y12,'Test catalog'!$A$2:$A$200,0))="","",INDEX('Test catalog'!$N$2:$N$200,MATCH($Y12,'Test catalog'!$A$2:$A$200,0))),"") | Q12: =IFERROR(IF(INDEX('Test catalog'!$O$2:$O$200,MATCH($Y12,'Test catalog'!$A$2:$A$200,0))="","",INDEX('Test catalog'!$O$2:$O$200,MATCH($Y12,'Test catalog'!$A$2:$A$200,0))),"") | R12: =IFERROR(IF(INDEX('Test catalog'!$P$2:$P$200,MATCH($Y12,'Test catalog'!$A$2:$A$200,0))="","",INDEX('Test catalog'!$P$2:$P$200,MATCH($Y12,'Test catalog'!$A$2:$A$200,0))),"") | U12: =IFERROR(IF(INDEX('Test catalog'!$Q$2:$Q$200,MATCH($Y12,'Test catalog'!$A$2:$A$200,0))="","",INDEX('Test catalog'!$Q$2:$Q$200,MATCH($Y12,'Test catalog'!$A$2:$A$200,0))),"") | Y12: ENUM | Z12: No micro test in USP-NF - set Y if your specification has one
A13: Azelastine Hydrochloride | B13: RM | C13: Active | D13: Microbial enumeration - TAMC + TYMC (<61> / <2021>) | E13: N | G13: =IFERROR(IF(INDEX('Test catalog'!$F$2:$F$200,MATCH($Y13,'Test catalog'!$A$2:$A$200,0))="","",INDEX('Test catalog'!$F$2:$F$200,MATCH($Y13,'Test catalog'!$A$2:$A$200,0))),"") | H13: =IFERROR(IF(INDEX('Test catalog'!$G$2:$G$200,MATCH($Y13,'Test catalog'!$A$2:$A$200,0))="","",INDEX('Test catalog'!$G$2:$G$200,MATCH($Y13,'Test catalog'!$A$2:$A$200,0))),"") | I13: =IFERROR(IF(INDEX('Test catalog'!$H$2:$H$200,MATCH($Y13,'Test catalog'!$A$2:$A$200,0))="","",INDEX('Test catalog'!$H$2:$H$200,MATCH($Y13,'Test catalog'!$A$2:$A$200,0))),"") | J13: =IFERROR(IF(INDEX('Test catalog'!$I$2:$I$200,MATCH($Y13,'Test catalog'!$A$2:$A$200,0))="","",INDEX('Test catalog'!$I$2:$I$200,MATCH($Y13,'Test catalog'!$A$2:$A$200,0))),"") | K13: =IF(I13="","",IF(OR(H13="",J13=""),I13,(H13+4*I13+J13)/6)) | L13: =IFERROR(IF(INDEX('Test catalog'!$J$2:$J$200,MATCH($Y13,'Test catalog'!$A$2:$A$200,0))="","",INDEX('Test catalog'!$J$2:$J$200,MATCH($Y13,'Test catalog'!$A$2:$A$200,0))),"") | M13: =IFERROR(IF(INDEX('Test catalog'!$K$2:$K$200,MATCH($Y13,'Test catalog'!$A$2:$A$200,0))="","",INDEX('Test catalog'!$K$2:$K$200,MATCH($Y13,'Test catalog'!$A$2:$A$200,0))),"") | N13: =IFERROR(IF(INDEX('Test catalog'!$L$2:$L$200,MATCH($Y13,'Test catalog'!$A$2:$A$200,0))="","",INDEX('Test catalog'!$L$2:$L$200,MATCH($Y13,'Test catalog'!$A$2:$A$200,0))),"") | O13: =IFERROR(IF(INDEX('Test catalog'!$M$2:$M$200,MATCH($Y13,'Test catalog'!$A$2:$A$200,0))="","",INDEX('Test catalog'!$M$2:$M$200,MATCH($Y13,'Test catalog'!$A$2:$A$200,0))),"") | P13: =IFERROR(IF(INDEX('Test catalog'!$N$2:$N$200,MATCH($Y13,'Test catalog'!$A$2:$A$200,0))="","",INDEX('Test catalog'!$N$2:$N$200,MATCH($Y13,'Test catalog'!$A$2:$A$200,0))),"") | Q13: =IFERROR(IF(INDEX('Test catalog'!$O$2:$O$200,MATCH($Y13,'Test catalog'!$A$2:$A$200,0))="","",INDEX('Test catalog'!$O$2:$O$200,MATCH($Y13,'Test catalog'!$A$2:$A$200,0))),"") | R13: =IFERROR(IF(INDEX('Test catalog'!$P$2:$P$200,MATCH($Y13,'Test catalog'!$A$2:$A$200,0))="","",INDEX('Test catalog'!$P$2:$P$200,MATCH($Y13,'Test catalog'!$A$2:$A$200,0))),"") | U13: =IFERROR(IF(INDEX('Test catalog'!$Q$2:$Q$200,MATCH($Y13,'Test catalog'!$A$2:$A$200,0))="","",INDEX('Test catalog'!$Q$2:$Q$200,MATCH($Y13,'Test catalog'!$A$2:$A$200,0))),"") | Y13: ENUM | Z13: No micro test in USP-NF - set Y if your specification has one
... A195: Mannitol | B195: RM | C195: Filler / Diluent | D195: Absence of Escherichia coli (<62> / <2022>) | E195: Y | G195: =IFERROR(IF(INDEX('Test catalog'!$F$2:$F$200,MATCH($Y195,'Test catalog'!$A$2:$A$200,0))="","",INDEX('Test catalog'!$F$2:$F$200,MATCH($Y195,'Test catalog'!$A$2:$A$200,0))),"") | H195: =IFERROR(IF(INDEX('Test catalog'!$G$2:$G$200,MATCH($Y195,'Test catalog'!$A$2:$A$200,0))="","",INDEX('Test catalog'!$G$2:$G$200,MATCH($Y195,'Test catalog'!$A$2:$A$200,0))),"") | I195: =IFERROR(IF(INDEX('Test catalog'!$H$2:$H$200,MATCH($Y195,'Test catalog'!$A$2:$A$200,0))="","",INDEX('Test catalog'!$H$2:$H$200,MATCH($Y195,'Test catalog'!$A$2:$A$200,0))),"") | J195: =IFERROR(IF(INDEX('Test catalog'!$I$2:$I$200,MATCH($Y195,'Test catalog'!$A$2:$A$200,0))="","",INDEX('Test catalog'!$I$2:$I$200,MATCH($Y195,'Test catalog'!$A$2:$A$200,0))),"") | K195: =IF(I195="","",IF(OR(H195="",J195=""),I195,(H195+4*I195+J195)/6)) | L195: =IFERROR(IF(INDEX('Test catalog'!$J$2:$J$200,MATCH($Y195,'Test catalog'!$A$2:$A$200,0))="","",INDEX('Test catalog'!$J$2:$J$200,MATCH($Y195,'Test catalog'!$A$2:$A$200,0))),"") | M195: =IFERROR(IF(INDEX('Test catalog'!$K$2:$K$200,MATCH($Y195,'Test catalog'!$A$2:$A$200,0))="","",INDEX('Test catalog'!$K$2:$K$200,MATCH($Y195,'Test catalog'!$A$2:$A$200,0))),"") | N195: =IFERROR(IF(INDEX('Test catalog'!$L$2:$L$200,MATCH($Y195,'Test catalog'!$A$2:$A$200,0))="","",INDEX('Test catalog'!$L$2:$L$200,MATCH($Y195,'Test catalog'!$A$2:$A$200,0))),"") | O195: =IFERROR(IF(INDEX('Test catalog'!$M$2:$M$200,MATCH($Y195,'Test catalog'!$A$2:$A$200,0))="","",INDEX('Test catalog'!$M$2:$M$200,MATCH($Y195,'Test catalog'!$A$2:$A$200,0))),"") | P195: =IFERROR(IF(INDEX('Test catalog'!$N$2:$N$200,MATCH($Y195,'Test catalog'!$A$2:$A$200,0))="","",INDEX('Test catalog'!$N$2:$N$200,MATCH($Y195,'Test catalog'!$A$2:$A$200,0))),"") | Q195: =IFERROR(IF(INDEX('Test catalog'!$O$2:$O$200,MATCH($Y195,'Test catalog'!$A$2:$A$200,0))="","",INDEX('Test catalog'!$O$2:$O$200,MATCH($Y195,'Test catalog'!$A$2:$A$200,0))),"") | R195: =IFERROR(IF(INDEX('Test catalog'!$P$2:$P$200,MATCH($Y195,'Test catalog'!$A$2:$A$200,0))="","",INDEX('Test catalog'!$P$2:$P$200,MATCH($Y195,'Test catalog'!$A$2:$A$200,0))),"") | U195: =IFERROR(IF(INDEX('Test catalog'!$Q$2:$Q$200,MATCH($Y195,'Test catalog'!$A$2:$A$200,0))="","",INDEX('Test catalog'!$Q$2:$Q$200,MATCH($Y195,'Test catalog'!$A$2:$A$200,0))),"") | Y195: ECOLI | Z195: USP-NF monograph <61>, <62>
A196: Mannitol | B196: RM | C196: Filler / Diluent | D196: Bacterial endotoxins (<85>) | E196: N | G196: =IFERROR(IF(INDEX('Test catalog'!$F$2:$F$200,MATCH($Y196,'Test catalog'!$A$2:$A$200,0))="","",INDEX('Test catalog'!$F$2:$F$200,MATCH($Y196,'Test catalog'!$A$2:$A$200,0))),"") | H196: =IFERROR(IF(INDEX('Test catalog'!$G$2:$G$200,MATCH($Y196,'Test catalog'!$A$2:$A$200,0))="","",INDEX('Test catalog'!$G$2:$G$200,MATCH($Y196,'Test catalog'!$A$2:$A$200,0))),"") | I196: =IFERROR(IF(INDEX('Test catalog'!$H$2:$H$200,MATCH($Y196,'Test catalog'!$A$2:$A$200,0))="","",INDEX('Test catalog'!$H$2:$H$200,MATCH($Y196,'Test catalog'!$A$2:$A$200,0))),"") | J196: =IFERROR(IF(INDEX('Test catalog'!$I$2:$I$200,MATCH($Y196,'Test catalog'!$A$2:$A$200,0))="","",INDEX('Test catalog'!$I$2:$I$200,MATCH($Y196,'Test catalog'!$A$2:$A$200,0))),"") | K196: =IF(I196="","",IF(OR(H196="",J196=""),I196,(H196+4*I196+J196)/6)) | L196: =IFERROR(IF(INDEX('Test catalog'!$J$2:$J$200,MATCH($Y196,'Test catalog'!$A$2:$A$200,0))="","",INDEX('Test catalog'!$J$2:$J$200,MATCH($Y196,'Test catalog'!$A$2:$A$200,0))),"") | M196: =IFERROR(IF(INDEX('Test catalog'!$K$2:$K$200,MATCH($Y196,'Test catalog'!$A$2:$A$200,0))="","",INDEX('Test catalog'!$K$2:$K$200,MATCH($Y196,'Test catalog'!$A$2:$A$200,0))),"") | N196: =IFERROR(IF(INDEX('Test catalog'!$L$2:$L$200,MATCH($Y196,'Test catalog'!$A$2:$A$200,0))="","",INDEX('Test catalog'!$L$2:$L$200,MATCH($Y196,'Test catalog'!$A$2:$A$200,0))),"") | O196: =IFERROR(IF(INDEX('Test catalog'!$M$2:$M$200,MATCH($Y196,'Test catalog'!$A$2:$A$200,0))="","",INDEX('Test catalog'!$M$2:$M$200,MATCH($Y196,'Test catalog'!$A$2:$A$200,0))),"") | P196: =IFERROR(IF(INDEX('Test catalog'!$N$2:$N$200,MATCH($Y196,'Test catalog'!$A$2:$A$200,0))="","",INDEX('Test catalog'!$N$2:$N$200,MATCH($Y196,'Test catalog'!$A$2:$A$200,0))),"") | Q196: =IFERROR(IF(INDEX('Test catalog'!$O$2:$O$200,MATCH($Y196,'Test catalog'!$A$2:$A$200,0))="","",INDEX('Test catalog'!$O$2:$O$200,MATCH($Y196,'Test catalog'!$A$2:$A$200,0))),"") | R196: =IFERROR(IF(INDEX('Test catalog'!$P$2:$P$200,MATCH($Y196,'Test catalog'!$A$2:$A$200,0))="","",INDEX('Test catalog'!$P$2:$P$200,MATCH($Y196,'Test catalog'!$A$2:$A$200,0))),"") | U196: =IFERROR(IF(INDEX('Test catalog'!$Q$2:$Q$200,MATCH($Y196,'Test catalog'!$A$2:$A$200,0))="","",INDEX('Test catalog'!$Q$2:$Q$200,MATCH($Y196,'Test catalog'!$A$2:$A$200,0))),"") | X196: Only for some grades/labels (sterile / parenteral) | Y196: BET | Z196: USP-NF monograph <85>
A197: Microcrystalline Cellulose PH 101 | B197: RM | C197: Filler / Diluent | D197: Microbial enumeration - TAMC + TYMC (<61> / <2021>) | E197: Y | G197: =IFERROR(IF(INDEX('Test catalog'!$F$2:$F$200,MATCH($Y197,'Test catalog'!$A$2:$A$200,0))="","",INDEX('Test catalog'!$F$2:$F$200,MATCH($Y197,'Test catalog'!$A$2:$A$200,0))),"") | H197: =IFERROR(IF(INDEX('Test catalog'!$G$2:$G$200,MATCH($Y197,'Test catalog'!$A$2:$A$200,0))="","",INDEX('Test catalog'!$G$2:$G$200,MATCH($Y197,'Test catalog'!$A$2:$A$200,0))),"") | I197: =IFERROR(IF(INDEX('Test catalog'!$H$2:$H$200,MATCH($Y197,'Test catalog'!$A$2:$A$200,0))="","",INDEX('Test catalog'!$H$2:$H$200,MATCH($Y197,'Test catalog'!$A$2:$A$200,0))),"") | J197: =IFERROR(IF(INDEX('Test catalog'!$I$2:$I$200,MATCH($Y197,'Test catalog'!$A$2:$A$200,0))="","",INDEX('Test catalog'!$I$2:$I$200,MATCH($Y197,'Test catalog'!$A$2:$A$200,0))),"") | K197: =IF(I197="","",IF(OR(H197="",J197=""),I197,(H197+4*I197+J197)/6)) | L197: =IFERROR(IF(INDEX('Test catalog'!$J$2:$J$200,MATCH($Y197,'Test catalog'!$A$2:$A$200,0))="","",INDEX('Test catalog'!$J$2:$J$200,MATCH($Y197,'Test catalog'!$A$2:$A$200,0))),"") | M197: =IFERROR(IF(INDEX('Test catalog'!$K$2:$K$200,MATCH($Y197,'Test catalog'!$A$2:$A$200,0))="","",INDEX('Test catalog'!$K$2:$K$200,MATCH($Y197,'Test catalog'!$A$2:$A$200,0))),"") | N197: =IFERROR(IF(INDEX('Test catalog'!$L$2:$L$200,MATCH($Y197,'Test catalog'!$A$2:$A$200,0))="","",INDEX('Test catalog'!$L$2:$L$200,MATCH($Y197,'Test catalog'!$A$2:$A$200,0))),"") | O197: =IFERROR(IF(INDEX('Test catalog'!$M$2:$M$200,MATCH($Y197,'Test catalog'!$A$2:$A$200,0))="","",INDEX('Test catalog'!$M$2:$M$200,MATCH($Y197,'Test catalog'!$A$2:$A$200,0))),"") | P197: =IFERROR(IF(INDEX('Test catalog'!$N$2:$N$200,MATCH($Y197,'Test catalog'!$A$2:$A$200,0))="","",INDEX('Test catalog'!$N$2:$N$200,MATCH($Y197,'Test catalog'!$A$2:$A$200,0))),"") | Q197: =IFERROR(IF(INDEX('Test catalog'!$O$2:$O$200,MATCH($Y197,'Test catalog'!$A$2:$A$200,0))="","",INDEX('Test catalog'!$O$2:$O$200,MATCH($Y197,'Test catalog'!$A$2:$A$200,0))),"") | R197: =IFERROR(IF(INDEX('Test catalog'!$P$2:$P$200,MATCH($Y197,'Test catalog'!$A$2:$A$200,0))="","",INDEX('Test catalog'!$P$2:$P$200,MATCH($Y197,'Test catalog'!$A$2:$A$200,0))),"") | U197: =IFERROR(IF(INDEX('Test catalog'!$Q$2:$Q$200,MATCH($Y197,'Test catalog'!$A$2:$A$200,0))="","",INDEX('Test catalog'!$Q$2:$Q$200,MATCH($Y197,'Test catalog'!$A$2:$A$200,0))),"") | Y197: ENUM | Z197: USP-NF monograph <61>, <62>
A198: Microcrystalline Cellulose PH 101 | B198: RM | C198: Filler / Diluent | D198: Absence of Escherichia coli (<62> / <2022>) | E198: Y | G198: =IFERROR(IF(INDEX('Test catalog'!$F$2:$F$200,MATCH($Y198,'Test catalog'!$A$2:$A$200,0))="","",INDEX('Test catalog'!$F$2:$F$200,MATCH($Y198,'Test catalog'!$A$2:$A$200,0))),"") | H198: =IFERROR(IF(INDEX('Test catalog'!$G$2:$G$200,MATCH($Y198,'Test catalog'!$A$2:$A$200,0))="","",INDEX('Test catalog'!$G$2:$G$200,MATCH($Y198,'Test catalog'!$A$2:$A$200,0))),"") | I198: =IFERROR(IF(INDEX('Test catalog'!$H$2:$H$200,MATCH($Y198,'Test catalog'!$A$2:$A$200,0))="","",INDEX('Test catalog'!$H$2:$H$200,MATCH($Y198,'Test catalog'!$A$2:$A$200,0))),"") | J198: =IFERROR(IF(INDEX('Test catalog'!$I$2:$I$200,MATCH($Y198,'Test catalog'!$A$2:$A$200,0))="","",INDEX('Test catalog'!$I$2:$I$200,MATCH($Y198,'Test catalog'!$A$2:$A$200,0))),"") | K198: =IF(I198="","",IF(OR(H198="",J198=""),I198,(H198+4*I198+J198)/6)) | L198: =IFERROR(IF(INDEX('Test catalog'!$J$2:$J$200,MATCH($Y198,'Test catalog'!$A$2:$A$200,0))="","",INDEX('Test catalog'!$J$2:$J$200,MATCH($Y198,'Test catalog'!$A$2:$A$200,0))),"") | M198: =IFERROR(IF(INDEX('Test catalog'!$K$2:$K$200,MATCH($Y198,'Test catalog'!$A$2:$A$200,0))="","",INDEX('Test catalog'!$K$2:$K$200,MATCH($Y198,'Test catalog'!$A$2:$A$200,0))),"") | N198: =IFERROR(IF(INDEX('Test catalog'!$L$2:$L$200,MATCH($Y198,'Test catalog'!$A$2:$A$200,0))="","",INDEX('Test catalog'!$L$2:$L$200,MATCH($Y198,'Test catalog'!$A$2:$A$200,0))),"") | O198: =IFERROR(IF(INDEX('Test catalog'!$M$2:$M$200,MATCH($Y198,'Test catalog'!$A$2:$A$200,0))="","",INDEX('Test catalog'!$M$2:$M$200,MATCH($Y198,'Test catalog'!$A$2:$A$200,0))),"") | P198: =IFERROR(IF(INDEX('Test catalog'!$N$2:$N$200,MATCH($Y198,'Test catalog'!$A$2:$A$200,0))="","",INDEX('Test catalog'!$N$2:$N$200,MATCH($Y198,'Test catalog'!$A$2:$A$200,0))),"") | Q198: =IFERROR(IF(INDEX('Test catalog'!$O$2:$O$200,MATCH($Y198,'Test catalog'!$A$2:$A$200,0))="","",INDEX('Test catalog'!$O$2:$O$200,MATCH($Y198,'Test catalog'!$A$2:$A$200,0))),"") | R198: =IFERROR(IF(INDEX('Test catalog'!$P$2:$P$200,MATCH($Y198,'Test catalog'!$A$2:$A$200,0))="","",INDEX('Test catalog'!$P$2:$P$200,MATCH($Y198,'Test catalog'!$A$2:$A$200,0))),"") | U198: =IFERROR(IF(INDEX('Test catalog'!$Q$2:$Q$200,MATCH($Y198,'Test catalog'!$A$2:$A$200,0))="","",INDEX('Test catalog'!$Q$2:$Q$200,MATCH($Y198,'Test catalog'!$A$2:$A$200,0))),"") | Y198: ECOLI | Z198: USP-NF monograph <61>, <62>
A199: Microcrystalline Cellulose PH 101 | B199: RM | C199: Filler / Diluent | D199: Absence of Salmonella (<62> / <2022>) | E199: Y | G199: =IFERROR(IF(INDEX('Test catalog'!$F$2:$F$200,MATCH($Y199,'Test catalog'!$A$2:$A$200,0))="","",INDEX('Test catalog'!$F$2:$F$200,MATCH($Y199,'Test catalog'!$A$2:$A$200,0))),"") | H199: =IFERROR(IF(INDEX('Test catalog'!$G$2:$G$200,MATCH($Y199,'Test catalog'!$A$2:$A$200,0))="","",INDEX('Test catalog'!$G$2:$G$200,MATCH($Y199,'Test catalog'!$A$2:$A$200,0))),"") | I199: =IFERROR(IF(INDEX('Test catalog'!$H$2:$H$200,MATCH($Y199,'Test catalog'!$A$2:$A$200,0))="","",INDEX('Test catalog'!$H$2:$H$200,MATCH($Y199,'Test catalog'!$A$2:$A$200,0))),"") | J199: =IFERROR(IF(INDEX('Test catalog'!$I$2:$I$200,MATCH($Y199,'Test catalog'!$A$2:$A$200,0))="","",INDEX('Test catalog'!$I$2:$I$200,MATCH($Y199,'Test catalog'!$A$2:$A$200,0))),"") | K199: =IF(I199="","",IF(OR(H199="",J199=""),I199,(H199+4*I199+J199)/6)) | L199: =IFERROR(IF(INDEX('Test catalog'!$J$2:$J$200,MATCH($Y199,'Test catalog'!$A$2:$A$200,0))="","",INDEX('Test catalog'!$J$2:$J$200,MATCH($Y199,'Test catalog'!$A$2:$A$200,0))),"") | M199: =IFERROR(IF(INDEX('Test catalog'!$K$2:$K$200,MATCH($Y199,'Test catalog'!$A$2:$A$200,0))="","",INDEX('Test catalog'!$K$2:$K$200,MATCH($Y199,'Test catalog'!$A$2:$A$200,0))),"") | N199: =IFERROR(IF(INDEX('Test catalog'!$L$2:$L$200,MATCH($Y199,'Test catalog'!$A$2:$A$200,0))="","",INDEX('Test catalog'!$L$2:$L$200,MATCH($Y199,'Test catalog'!$A$2:$A$200,0))),"") | O199: =IFERROR(IF(INDEX('Test catalog'!$M$2:$M$200,MATCH($Y199,'Test catalog'!$A$2:$A$200,0))="","",INDEX('Test catalog'!$M$2:$M$200,MATCH($Y199,'Test catalog'!$A$2:$A$200,0))),"") | P199: =IFERROR(IF(INDEX('Test catalog'!$N$2:$N$200,MATCH($Y199,'Test catalog'!$A$2:$A$200,0))="","",INDEX('Test catalog'!$N$2:$N$200,MATCH($Y199,'Test catalog'!$A$2:$A$200,0))),"") | Q199: =IFERROR(IF(INDEX('Test catalog'!$O$2:$O$200,MATCH($Y199,'Test catalog'!$A$2:$A$200,0))="","",INDEX('Test catalog'!$O$2:$O$200,MATCH($Y199,'Test catalog'!$A$2:$A$200,0))),"") | R199: =IFERROR(IF(INDEX('Test catalog'!$P$2:$P$200,MATCH($Y199,'Test catalog'!$A$2:$A$200,0))="","",INDEX('Test catalog'!$P$2:$P$200,MATCH($Y199,'Test catalog'!$A$2:$A$200,0))),"") | U199: =IFERROR(IF(INDEX('Test catalog'!$Q$2:$Q$200,MATCH($Y199,'Test catalog'!$A$2:$A$200,0))="","",INDEX('Test catalog'!$Q$2:$Q$200,MATCH($Y199,'Test catalog'!$A$2:$A$200,0))),"") | Y199: SALM | Z199: USP-NF monograph <61>, <62>
A200: Microcrystalline Cellulose PH 101 | B200: RM | C200: Filler / Diluent | D200: Absence of Pseudomonas aeruginosa (<62>) | E200: Y | G200: =IFERROR(IF(INDEX('Test catalog'!$F$2:$F$200,MATCH($Y200,'Test catalog'!$A$2:$A$200,0))="","",INDEX('Test catalog'!$F$2:$F$200,MATCH($Y200,'Test catalog'!$A$2:$A$200,0))),"") | H200: =IFERROR(IF(INDEX('Test catalog'!$G$2:$G$200,MATCH($Y200,'Test catalog'!$A$2:$A$200,0))="","",INDEX('Test catalog'!$G$2:$G$200,MATCH($Y200,'Test catalog'!$A$2:$A$200,0))),"") | I200: =IFERROR(IF(INDEX('Test catalog'!$H$2:$H$200,MATCH($Y200,'Test catalog'!$A$2:$A$200,0))="","",INDEX('Test catalog'!$H$2:$H$200,MATCH($Y200,'Test catalog'!$A$2:$A$200,0))),"") | J200: =IFERROR(IF(INDEX('Test catalog'!$I$2:$I$200,MATCH($Y200,'Test catalog'!$A$2:$A$200,0))="","",INDEX('Test catalog'!$I$2:$I$200,MATCH($Y200,'Test catalog'!$A$2:$A$200,0))),"") | K200: =IF(I200="","",IF(OR(H200="",J200=""),I200,(H200+4*I200+J200)/6)) | L200: =IFERROR(IF(INDEX('Test catalog'!$J$2:$J$200,MATCH($Y200,'Test catalog'!$A$2:$A$200,0))="","",INDEX('Test catalog'!$J$2:$J$200,MATCH($Y200,'Test catalog'!$A$2:$A$200,0))),"") | M200: =IFERROR(IF(INDEX('Test catalog'!$K$2:$K$200,MATCH($Y200,'Test catalog'!$A$2:$A$200,0))="","",INDEX('Test catalog'!$K$2:$K$200,MATCH($Y200,'Test catalog'!$A$2:$A$200,0))),"") | N200: =IFERROR(IF(INDEX('Test catalog'!$L$2:$L$200,MATCH($Y200,'Test catalog'!$A$2:$A$200,0))="","",INDEX('Test catalog'!$L$2:$L$200,MATCH($Y200,'Test catalog'!$A$2:$A$200,0))),"") | O200: =IFERROR(IF(INDEX('Test catalog'!$M$2:$M$200,MATCH($Y200,'Test catalog'!$A$2:$A$200,0))="","",INDEX('Test catalog'!$M$2:$M$200,MATCH($Y200,'Test catalog'!$A$2:$A$200,0))),"") | P200: =IFERROR(IF(INDEX('Test catalog'!$N$2:$N$200,MATCH($Y200,'Test catalog'!$A$2:$A$200,0))="","",INDEX('Test catalog'!$N$2:$N$200,MATCH($Y200,'Test catalog'!$A$2:$A$200,0))),"") | Q200: =IFERROR(IF(INDEX('Test catalog'!$O$2:$O$200,MATCH($Y200,'Test catalog'!$A$2:$A$200,0))="","",INDEX('Test catalog'!$O$2:$O$200,MATCH($Y200,'Test catalog'!$A$2:$A$200,0))),"") | R200: =IFERROR(IF(INDEX('Test catalog'!$P$2:$P$200,MATCH($Y200,'Test catalog'!$A$2:$A$200,0))="","",INDEX('Test catalog'!$P$2:$P$200,MATCH($Y200,'Test catalog'!$A$2:$A$200,0))),"") | U200: =IFERROR(IF(INDEX('Test catalog'!$Q$2:$Q$200,MATCH($Y200,'Test catalog'!$A$2:$A$200,0))="","",INDEX('Test catalog'!$Q$2:$Q$200,MATCH($Y200,'Test catalog'!$A$2:$A$200,0))),"") | Y200: PSAE | Z200: USP-NF monograph <61>, <62>
A201: Microcrystalline Cellulose PH 101 | B201: RM | C201: Filler / Diluent | D201: Absence of Staphylococcus aureus (<62>) | E201: Y | G201: =IFERROR(IF(INDEX('Test catalog'!$F$2:$F$200,MATCH($Y201,'Test catalog'!$A$2:$A$200,0))="","",INDEX('Test catalog'!$F$2:$F$200,MATCH($Y201,'Test catalog'!$A$2:$A$200,0))),"") | H201: =IFERROR(IF(INDEX('Test catalog'!$G$2:$G$200,MATCH($Y201,'Test catalog'!$A$2:$A$200,0))="","",INDEX('Test catalog'!$G$2:$G$200,MATCH($Y201,'Test catalog'!$A$2:$A$200,0))),"") | I201: =IFERROR(IF(INDEX('Test catalog'!$H$2:$H$200,MATCH($Y201,'Test catalog'!$A$2:$A$200,0))="","",INDEX('Test catalog'!$H$2:$H$200,MATCH($Y201,'Test catalog'!$A$2:$A$200,0))),"") | J201: =IFERROR(IF(INDEX('Test catalog'!$I$2:$I$200,MATCH($Y201,'Test catalog'!$A$2:$A$200,0))="","",INDEX('Test catalog'!$I$2:$I$200,MATCH($Y201,'Test catalog'!$A$2:$A$200,0))),"") | K201: =IF(I201="","",IF(OR(H201="",J201=""),I201,(H201+4*I201+J201)/6)) | L201: =IFERROR(IF(INDEX('Test catalog'!$J$2:$J$200,MATCH($Y201,'Test catalog'!$A$2:$A$200,0))="","",INDEX('Test catalog'!$J$2:$J$200,MATCH($Y201,'Test catalog'!$A$2:$A$200,0))),"") | M201: =IFERROR(IF(INDEX('Test catalog'!$K$2:$K$200,MATCH($Y201,'Test catalog'!$A$2:$A$200,0))="","",INDEX('Test catalog'!$K$2:$K$200,MATCH($Y201,'Test catalog'!$A$2:$A$200,0))),"") | N201: =IFERROR(IF(INDEX('Test catalog'!$L$2:$L$200,MATCH($Y201,'Test catalog'!$A$2:$A$200,0))="","",INDEX('Test catalog'!$L$2:$L$200,MATCH($Y201,'Test catalog'!$A$2:$A$200,0))),"") | O201: =IFERROR(IF(INDEX('Test catalog'!$M$2:$M$200,MATCH($Y201,'Test catalog'!$A$2:$A$200,0))="","",INDEX('Test catalog'!$M$2:$M$200,MATCH($Y201,'Test catalog'!$A$2:$A$200,0))),"") | P201: =IFERROR(IF(INDEX('Test catalog'!$N$2:$N$200,MATCH($Y201,'Test catalog'!$A$2:$A$200,0))="","",INDEX('Test catalog'!$N$2:$N$200,MATCH($Y201,'Test catalog'!$A$2:$A$200,0))),"") | Q201: =IFERROR(IF(INDEX('Test catalog'!$O$2:$O$200,MATCH($Y201,'Test catalog'!$A$2:$A$200,0))="","",INDEX('Test catalog'!$O$2:$O$200,MATCH($Y201,'Test catalog'!$A$2:$A$200,0))),"") | R201: =IFERROR(IF(INDEX('Test catalog'!$P$2:$P$200,MATCH($Y201,'Test catalog'!$A$2:$A$200,0))="","",INDEX('Test catalog'!$P$2:$P$200,MATCH($Y201,'Test catalog'!$A$2:$A$200,0))),"") | U201: =IFERROR(IF(INDEX('Test catalog'!$Q$2:$Q$200,MATCH($Y201,'Test catalog'!$A$2:$A$200,0))="","",INDEX('Test catalog'!$Q$2:$Q$200,MATCH($Y201,'Test catalog'!$A$2:$A$200,0))),"") | Y201: SAUR | Z201: USP-NF monograph <61>, <62>
A202: Microcrystalline Cellulose PH 102 | B202: RM | C202: Filler / Diluent | D202: Microbial enumeration - TAMC + TYMC (<61> / <2021>) | E202: Y | G202: =IFERROR(IF(INDEX('Test catalog'!$F$2:$F$200,MATCH($Y202,'Test catalog'!$A$2:$A$200,0))="","",INDEX('Test catalog'!$F$2:$F$200,MATCH($Y202,'Test catalog'!$A$2:$A$200,0))),"") | H202: =IFERROR(IF(INDEX('Test catalog'!$G$2:$G$200,MATCH($Y202,'Test catalog'!$A$2:$A$200,0))="","",INDEX('Test catalog'!$G$2:$G$200,MATCH($Y202,'Test catalog'!$A$2:$A$200,0))),"") | I202: =IFERROR(IF(INDEX('Test catalog'!$H$2:$H$200,MATCH($Y202,'Test catalog'!$A$2:$A$200,0))="","",INDEX('Test catalog'!$H$2:$H$200,MATCH($Y202,'Test catalog'!$A$2:$A$200,0))),"") | J202: =IFERROR(IF(INDEX('Test catalog'!$I$2:$I$200,MATCH($Y202,'Test catalog'!$A$2:$A$200,0))="","",INDEX('Test catalog'!$I$2:$I$200,MATCH($Y202,'Test catalog'!$A$2:$A$200,0))),"") | K202: =IF(I202="","",IF(OR(H202="",J202=""),I202,(H202+4*I202+J202)/6)) | L202: =IFERROR(IF(INDEX('Test catalog'!$J$2:$J$200,MATCH($Y202,'Test catalog'!$A$2:$A$200,0))="","",INDEX('Test catalog'!$J$2:$J$200,MATCH($Y202,'Test catalog'!$A$2:$A$200,0))),"") | M202: =IFERROR(IF(INDEX('Test catalog'!$K$2:$K$200,MATCH($Y202,'Test catalog'!$A$2:$A$200,0))="","",INDEX('Test catalog'!$K$2:$K$200,MATCH($Y202,'Test catalog'!$A$2:$A$200,0))),"") | N202: =IFERROR(IF(INDEX('Test catalog'!$L$2:$L$200,MATCH($Y202,'Test catalog'!$A$2:$A$200,0))="","",INDEX('Test catalog'!$L$2:$L$200,MATCH($Y202,'Test catalog'!$A$2:$A$200,0))),"") | O202: =IFERROR(IF(INDEX('Test catalog'!$M$2:$M$200,MATCH($Y202,'Test catalog'!$A$2:$A$200,0))="","",INDEX('Test catalog'!$M$2:$M$200,MATCH($Y202,'Test catalog'!$A$2:$A$200,0))),"") | P202: =IFERROR(IF(INDEX('Test catalog'!$N$2:$N$200,MATCH($Y202,'Test catalog'!$A$2:$A$200,0))="","",INDEX('Test catalog'!$N$2:$N$200,MATCH($Y202,'Test catalog'!$A$2:$A$200,0))),"") | Q202: =IFERROR(IF(INDEX('Test catalog'!$O$2:$O$200,MATCH($Y202,'Test catalog'!$A$2:$A$200,0))="","",INDEX('Test catalog'!$O$2:$O$200,MATCH($Y202,'Test catalog'!$A$2:$A$200,0))),"") | R202: =IFERROR(IF(INDEX('Test catalog'!$P$2:$P$200,MATCH($Y202,'Test catalog'!$A$2:$A$200,0))="","",INDEX('Test catalog'!$P$2:$P$200,MATCH($Y202,'Test catalog'!$A$2:$A$200,0))),"") | U202: =IFERROR(IF(INDEX('Test catalog'!$Q$2:$Q$200,MATCH($Y202,'Test catalog'!$A$2:$A$200,0))="","",INDEX('Test catalog'!$Q$2:$Q$200,MATCH($Y202,'Test catalog'!$A$2:$A$200,0))),"") | Y202: ENUM | Z202: USP-NF monograph <61>, <62>
A203: Microcrystalline Cellulose PH 102 | B203: RM | C203: Filler / Diluent | D203: Absence of Escherichia coli (<62> / <2022>) | E203: Y | G203: =IFERROR(IF(INDEX('Test catalog'!$F$2:$F$200,MATCH($Y203,'Test catalog'!$A$2:$A$200,0))="","",INDEX('Test catalog'!$F$2:$F$200,MATCH($Y203,'Test catalog'!$A$2:$A$200,0))),"") | H203: =IFERROR(IF(INDEX('Test catalog'!$G$2:$G$200,MATCH($Y203,'Test catalog'!$A$2:$A$200,0))="","",INDEX('Test catalog'!$G$2:$G$200,MATCH($Y203,'Test catalog'!$A$2:$A$200,0))),"") | I203: =IFERROR(IF(INDEX('Test catalog'!$H$2:$H$200,MATCH($Y203,'Test catalog'!$A$2:$A$200,0))="","",INDEX('Test catalog'!$H$2:$H$200,MATCH($Y203,'Test catalog'!$A$2:$A$200,0))),"") | J203: =IFERROR(IF(INDEX('Test catalog'!$I$2:$I$200,MATCH($Y203,'Test catalog'!$A$2:$A$200,0))="","",INDEX('Test catalog'!$I$2:$I$200,MATCH($Y203,'Test catalog'!$A$2:$A$200,0))),"") | K203: =IF(I203="","",IF(OR(H203="",J203=""),I203,(H203+4*I203+J203)/6)) | L203: =IFERROR(IF(INDEX('Test catalog'!$J$2:$J$200,MATCH($Y203,'Test catalog'!$A$2:$A$200,0))="","",INDEX('Test catalog'!$J$2:$J$200,MATCH($Y203,'Test catalog'!$A$2:$A$200,0))),"") | M203: =IFERROR(IF(INDEX('Test catalog'!$K$2:$K$200,MATCH($Y203,'Test catalog'!$A$2:$A$200,0))="","",INDEX('Test catalog'!$K$2:$K$200,MATCH($Y203,'Test catalog'!$A$2:$A$200,0))),"") | N203: =IFERROR(IF(INDEX('Test catalog'!$L$2:$L$200,MATCH($Y203,'Test catalog'!$A$2:$A$200,0))="","",INDEX('Test catalog'!$L$2:$L$200,MATCH($Y203,'Test catalog'!$A$2:$A$200,0))),"") | O203: =IFERROR(IF(INDEX('Test catalog'!$M$2:$M$200,MATCH($Y203,'Test catalog'!$A$2:$A$200,0))="","",INDEX('Test catalog'!$M$2:$M$200,MATCH($Y203,'Test catalog'!$A$2:$A$200,0))),"") | P203: =IFERROR(IF(INDEX('Test catalog'!$N$2:$N$200,MATCH($Y203,'Test catalog'!$A$2:$A$200,0))="","",INDEX('Test catalog'!$N$2:$N$200,MATCH($Y203,'Test catalog'!$A$2:$A$200,0))),"") | Q203: =IFERROR(IF(INDEX('Test catalog'!$O$2:$O$200,MATCH($Y203,'Test catalog'!$A$2:$A$200,0))="","",INDEX('Test catalog'!$O$2:$O$200,MATCH($Y203,'Test catalog'!$A$2:$A$200,0))),"") | R203: =IFERROR(IF(INDEX('Test catalog'!$P$2:$P$200,MATCH($Y203,'Test catalog'!$A$2:$A$200,0))="","",INDEX('Test catalog'!$P$2:$P$200,MATCH($Y203,'Test catalog'!$A$2:$A$200,0))),"") | U203: =IFERROR(IF(INDEX('Test catalog'!$Q$2:$Q$200,MATCH($Y203,'Test catalog'!$A$2:$A$200,0))="","",INDEX('Test catalog'!$Q$2:$Q$200,MATCH($Y203,'Test catalog'!$A$2:$A$200,0))),"") | Y203: ECOLI | Z203: USP-NF monograph <61>, <62>
A204: Microcrystalline Cellulose PH 102 | B204: RM | C204: Filler / Diluent | D204: Absence of Salmonella (<62> / <2022>) | E204: Y | G204: =IFERROR(IF(INDEX('Test catalog'!$F$2:$F$200,MATCH($Y204,'Test catalog'!$A$2:$A$200,0))="","",INDEX('Test catalog'!$F$2:$F$200,MATCH($Y204,'Test catalog'!$A$2:$A$200,0))),"") | H204: =IFERROR(IF(INDEX('Test catalog'!$G$2:$G$200,MATCH($Y204,'Test catalog'!$A$2:$A$200,0))="","",INDEX('Test catalog'!$G$2:$G$200,MATCH($Y204,'Test catalog'!$A$2:$A$200,0))),"") | I204: =IFERROR(IF(INDEX('Test catalog'!$H$2:$H$200,MATCH($Y204,'Test catalog'!$A$2:$A$200,0))="","",INDEX('Test catalog'!$H$2:$H$200,MATCH($Y204,'Test catalog'!$A$2:$A$200,0))),"") | J204: =IFERROR(IF(INDEX('Test catalog'!$I$2:$I$200,MATCH($Y204,'Test catalog'!$A$2:$A$200,0))="","",INDEX('Test catalog'!$I$2:$I$200,MATCH($Y204,'Test catalog'!$A$2:$A$200,0))),"") | K204: =IF(I204="","",IF(OR(H204="",J204=""),I204,(H204+4*I204+J204)/6)) | L204: =IFERROR(IF(INDEX('Test catalog'!$J$2:$J$200,MATCH($Y204,'Test catalog'!$A$2:$A$200,0))="","",INDEX('Test catalog'!$J$2:$J$200,MATCH($Y204,'Test catalog'!$A$2:$A$200,0))),"") | M204: =IFERROR(IF(INDEX('Test catalog'!$K$2:$K$200,MATCH($Y204,'Test catalog'!$A$2:$A$200,0))="","",INDEX('Test catalog'!$K$2:$K$200,MATCH($Y204,'Test catalog'!$A$2:$A$200,0))),"") | N204: =IFERROR(IF(INDEX('Test catalog'!$L$2:$L$200,MATCH($Y204,'Test catalog'!$A$2:$A$200,0))="","",INDEX('Test catalog'!$L$2:$L$200,MATCH($Y204,'Test catalog'!$A$2:$A$200,0))),"") | O204: =IFERROR(IF(INDEX('Test catalog'!$M$2:$M$200,MATCH($Y204,'Test catalog'!$A$2:$A$200,0))="","",INDEX('Test catalog'!$M$2:$M$200,MATCH($Y204,'Test catalog'!$A$2:$A$200,0))),"") | P204: =IFERROR(IF(INDEX('Test catalog'!$N$2:$N$200,MATCH($Y204,'Test catalog'!$A$2:$A$200,0))="","",INDEX('Test catalog'!$N$2:$N$200,MATCH($Y204,'Test catalog'!$A$2:$A$200,0))),"") | Q204: =IFERROR(IF(INDEX('Test catalog'!$O$2:$O$200,MATCH($Y204,'Test catalog'!$A$2:$A$200,0))="","",INDEX('Test catalog'!$O$2:$O$200,MATCH($Y204,'Test catalog'!$A$2:$A$200,0))),"") | R204: =IFERROR(IF(INDEX('Test catalog'!$P$2:$P$200,MATCH($Y204,'Test catalog'!$A$2:$A$200,0))="","",INDEX('Test catalog'!$P$2:$P$200,MATCH($Y204,'Test catalog'!$A$2:$A$200,0))),"") | U204: =IFERROR(IF(INDEX('Test catalog'!$Q$2:$Q$200,MATCH($Y204,'Test catalog'!$A$2:$A$200,0))="","",INDEX('Test catalog'!$Q$2:$Q$200,MATCH($Y204,'Test catalog'!$A$2:$A$200,0))),"") | Y204: SALM | Z204: USP-NF monograph <61>, <62>
A205: Microcrystalline Cellulose PH 102 | B205: RM | C205: Filler / Diluent | D205: Absence of Pseudomonas aeruginosa (<62>) | E205: Y | G205: =IFERROR(IF(INDEX('Test catalog'!$F$2:$F$200,MATCH($Y205,'Test catalog'!$A$2:$A$200,0))="","",INDEX('Test catalog'!$F$2:$F$200,MATCH($Y205,'Test catalog'!$A$2:$A$200,0))),"") | H205: =IFERROR(IF(INDEX('Test catalog'!$G$2:$G$200,MATCH($Y205,'Test catalog'!$A$2:$A$200,0))="","",INDEX('Test catalog'!$G$2:$G$200,MATCH($Y205,'Test catalog'!$A$2:$A$200,0))),"") | I205: =IFERROR(IF(INDEX('Test catalog'!$H$2:$H$200,MATCH($Y205,'Test catalog'!$A$2:$A$200,0))="","",INDEX('Test catalog'!$H$2:$H$200,MATCH($Y205,'Test catalog'!$A$2:$A$200,0))),"") | J205: =IFERROR(IF(INDEX('Test catalog'!$I$2:$I$200,MATCH($Y205,'Test catalog'!$A$2:$A$200,0))="","",INDEX('Test catalog'!$I$2:$I$200,MATCH($Y205,'Test catalog'!$A$2:$A$200,0))),"") | K205: =IF(I205="","",IF(OR(H205="",J205=""),I205,(H205+4*I205+J205)/6)) | L205: =IFERROR(IF(INDEX('Test catalog'!$J$2:$J$200,MATCH($Y205,'Test catalog'!$A$2:$A$200,0))="","",INDEX('Test catalog'!$J$2:$J$200,MATCH($Y205,'Test catalog'!$A$2:$A$200,0))),"") | M205: =IFERROR(IF(INDEX('Test catalog'!$K$2:$K$200,MATCH($Y205,'Test catalog'!$A$2:$A$200,0))="","",INDEX('Test catalog'!$K$2:$K$200,MATCH($Y205,'Test catalog'!$A$2:$A$200,0))),"") | N205: =IFERROR(IF(INDEX('Test catalog'!$L$2:$L$200,MATCH($Y205,'Test catalog'!$A$2:$A$200,0))="","",INDEX('Test catalog'!$L$2:$L$200,MATCH($Y205,'Test catalog'!$A$2:$A$200,0))),"") | O205: =IFERROR(IF(INDEX('Test catalog'!$M$2:$M$200,MATCH($Y205,'Test catalog'!$A$2:$A$200,0))="","",INDEX('Test catalog'!$M$2:$M$200,MATCH($Y205,'Test catalog'!$A$2:$A$200,0))),"") | P205: =IFERROR(IF(INDEX('Test catalog'!$N$2:$N$200,MATCH($Y205,'Test catalog'!$A$2:$A$200,0))="","",INDEX('Test catalog'!$N$2:$N$200,MATCH($Y205,'Test catalog'!$A$2:$A$200,0))),"") | Q205: =IFERROR(IF(INDEX('Test catalog'!$O$2:$O$200,MATCH($Y205,'Test catalog'!$A$2:$A$200,0))="","",INDEX('Test catalog'!$O$2:$O$200,MATCH($Y205,'Test catalog'!$A$2:$A$200,0))),"") | R205: =IFERROR(IF(INDEX('Test catalog'!$P$2:$P$200,MATCH($Y205,'Test catalog'!$A$2:$A$200,0))="","",INDEX('Test catalog'!$P$2:$P$200,MATCH($Y205,'Test catalog'!$A$2:$A$200,0))),"") | U205: =IFERROR(IF(INDEX('Test catalog'!$Q$2:$Q$200,MATCH($Y205,'Test catalog'!$A$2:$A$200,0))="","",INDEX('Test catalog'!$Q$2:$Q$200,MATCH($Y205,'Test catalog'!$A$2:$A$200,0))),"") | Y205: PSAE | Z205: USP-NF monograph <61>, <62>
A206: Microcrystalline Cellulose PH 102 | B206: RM | C206: Filler / Diluent | D206: Absence of Staphylococcus aureus (<62>) | E206: Y | G206: =IFERROR(IF(INDEX('Test catalog'!$F$2:$F$200,MATCH($Y206,'Test catalog'!$A$2:$A$200,0))="","",INDEX('Test catalog'!$F$2:$F$200,MATCH($Y206,'Test catalog'!$A$2:$A$200,0))),"") | H206: =IFERROR(IF(INDEX('Test catalog'!$G$2:$G$200,MATCH($Y206,'Test catalog'!$A$2:$A$200,0))="","",INDEX('Test catalog'!$G$2:$G$200,MATCH($Y206,'Test catalog'!$A$2:$A$200,0))),"") | I206: =IFERROR(IF(INDEX('Test catalog'!$H$2:$H$200,MATCH($Y206,'Test catalog'!$A$2:$A$200,0))="","",INDEX('Test catalog'!$H$2:$H$200,MATCH($Y206,'Test catalog'!$A$2:$A$200,0))),"") | J206: =IFERROR(IF(INDEX('Test catalog'!$I$2:$I$200,MATCH($Y206,'Test catalog'!$A$2:$A$200,0))="","",INDEX('Test catalog'!$I$2:$I$200,MATCH($Y206,'Test catalog'!$A$2:$A$200,0))),"") | K206: =IF(I206="","",IF(OR(H206="",J206=""),I206,(H206+4*I206+J206)/6)) | L206: =IFERROR(IF(INDEX('Test catalog'!$J$2:$J$200,MATCH($Y206,'Test catalog'!$A$2:$A$200,0))="","",INDEX('Test catalog'!$J$2:$J$200,MATCH($Y206,'Test catalog'!$A$2:$A$200,0))),"") | M206: =IFERROR(IF(INDEX('Test catalog'!$K$2:$K$200,MATCH($Y206,'Test catalog'!$A$2:$A$200,0))="","",INDEX('Test catalog'!$K$2:$K$200,MATCH($Y206,'Test catalog'!$A$2:$A$200,0))),"") | N206: =IFERROR(IF(INDEX('Test catalog'!$L$2:$L$200,MATCH($Y206,'Test catalog'!$A$2:$A$200,0))="","",INDEX('Test catalog'!$L$2:$L$200,MATCH($Y206,'Test catalog'!$A$2:$A$200,0))),"") | O206: =IFERROR(IF(INDEX('Test catalog'!$M$2:$M$200,MATCH($Y206,'Test catalog'!$A$2:$A$200,0))="","",INDEX('Test catalog'!$M$2:$M$200,MATCH($Y206,'Test catalog'!$A$2:$A$200,0))),"") | P206: =IFERROR(IF(INDEX('Test catalog'!$N$2:$N$200,MATCH($Y206,'Test catalog'!$A$2:$A$200,0))="","",INDEX('Test catalog'!$N$2:$N$200,MATCH($Y206,'Test catalog'!$A$2:$A$200,0))),"") | Q206: =IFERROR(IF(INDEX('Test catalog'!$O$2:$O$200,MATCH($Y206,'Test catalog'!$A$2:$A$200,0))="","",INDEX('Test catalog'!$O$2:$O$200,MATCH($Y206,'Test catalog'!$A$2:$A$200,0))),"") | R206: =IFERROR(IF(INDEX('Test catalog'!$P$2:$P$200,MATCH($Y206,'Test catalog'!$A$2:$A$200,0))="","",INDEX('Test catalog'!$P$2:$P$200,MATCH($Y206,'Test catalog'!$A$2:$A$200,0))),"") | U206: =IFERROR(IF(INDEX('Test catalog'!$Q$2:$Q$200,MATCH($Y206,'Test catalog'!$A$2:$A$200,0))="","",INDEX('Test catalog'!$Q$2:$Q$200,MATCH($Y206,'Test catalog'!$A$2:$A$200,0))),"") | Y206: SAUR | Z206: USP-NF monograph <61>, <62>
A207: Pregelatinized Starch | B207: RM | C207: Filler / Diluent | D207: Microbial enumeration - TAMC + TYMC (<61> / <2021>) | E207: Y | G207: =IFERROR(IF(INDEX('Test catalog'!$F$2:$F$200,MATCH($Y207,'Test catalog'!$A$2:$A$200,0))="","",INDEX('Test catalog'!$F$2:$F$200,MATCH($Y207,'Test catalog'!$A$2:$A$200,0))),"") | H207: =IFERROR(IF(INDEX('Test catalog'!$G$2:$G$200,MATCH($Y207,'Test catalog'!$A$2:$A$200,0))="","",INDEX('Test catalog'!$G$2:$G$200,MATCH($Y207,'Test catalog'!$A$2:$A$200,0))),"") | I207: =IFERROR(IF(INDEX('Test catalog'!$H$2:$H$200,MATCH($Y207,'Test catalog'!$A$2:$A$200,0))="","",INDEX('Test catalog'!$H$2:$H$200,MATCH($Y207,'Test catalog'!$A$2:$A$200,0))),"") | J207: =IFERROR(IF(INDEX('Test catalog'!$I$2:$I$200,MATCH($Y207,'Test catalog'!$A$2:$A$200,0))="","",INDEX('Test catalog'!$I$2:$I$200,MATCH($Y207,'Test catalog'!$A$2:$A$200,0))),"") | K207: =IF(I207="","",IF(OR(H207="",J207=""),I207,(H207+4*I207+J207)/6)) | L207: =IFERROR(IF(INDEX('Test catalog'!$J$2:$J$200,MATCH($Y207,'Test catalog'!$A$2:$A$200,0))="","",INDEX('Test catalog'!$J$2:$J$200,MATCH($Y207,'Test catalog'!$A$2:$A$200,0))),"") | M207: =IFERROR(IF(INDEX('Test catalog'!$K$2:$K$200,MATCH($Y207,'Test catalog'!$A$2:$A$200,0))="","",INDEX('Test catalog'!$K$2:$K$200,MATCH($Y207,'Test catalog'!$A$2:$A$200,0))),"") | N207: =IFERROR(IF(INDEX('Test catalog'!$L$2:$L$200,MATCH($Y207,'Test catalog'!$A$2:$A$200,0))="","",INDEX('Test catalog'!$L$2:$L$200,MATCH($Y207,'Test catalog'!$A$2:$A$200,0))),"") | O207: =IFERROR(IF(INDEX('Test catalog'!$M$2:$M$200,MATCH($Y207,'Test catalog'!$A$2:$A$200,0))="","",INDEX('Test catalog'!$M$2:$M$200,MATCH($Y207,'Test catalog'!$A$2:$A$200,0))),"") | P207: =IFERROR(IF(INDEX('Test catalog'!$N$2:$N$200,MATCH($Y207,'Test catalog'!$A$2:$A$200,0))="","",INDEX('Test catalog'!$N$2:$N$200,MATCH($Y207,'Test catalog'!$A$2:$A$200,0))),"") | Q207: =IFERROR(IF(INDEX('Test catalog'!$O$2:$O$200,MATCH($Y207,'Test catalog'!$A$2:$A$200,0))="","",INDEX('Test catalog'!$O$2:$O$200,MATCH($Y207,'Test catalog'!$A$2:$A$200,0))),"") | R207: =IFERROR(IF(INDEX('Test catalog'!$P$2:$P$200,MATCH($Y207,'Test catalog'!$A$2:$A$200,0))="","",INDEX('Test catalog'!$P$2:$P$200,MATCH($Y207,'Test catalog'!$A$2:$A$200,0))),"") | U207: =IFERROR(IF(INDEX('Test catalog'!$Q$2:$Q$200,MATCH($Y207,'Test catalog'!$A$2:$A$200,0))="","",INDEX('Test catalog'!$Q$2:$Q$200,MATCH($Y207,'Test catalog'!$A$2:$A$200,0))),"") | Y207: ENUM | Z207: USP-NF monograph <61>, <62>
A208: Pregelatinized Starch | B208: RM | C208: Filler / Diluent | D208: Absence of Salmonella (<62> / <2022>) | E208: Y | G208: =IFERROR(IF(INDEX('Test catalog'!$F$2:$F$200,MATCH($Y208,'Test catalog'!$A$2:$A$200,0))="","",INDEX('Test catalog'!$F$2:$F$200,MATCH($Y208,'Test catalog'!$A$2:$A$200,0))),"") | H208: =IFERROR(IF(INDEX('Test catalog'!$G$2:$G$200,MATCH($Y208,'Test catalog'!$A$2:$A$200,0))="","",INDEX('Test catalog'!$G$2:$G$200,MATCH($Y208,'Test catalog'!$A$2:$A$200,0))),"") | I208: =IFERROR(IF(INDEX('Test catalog'!$H$2:$H$200,MATCH($Y208,'Test catalog'!$A$2:$A$200,0))="","",INDEX('Test catalog'!$H$2:$H$200,MATCH($Y208,'Test catalog'!$A$2:$A$200,0))),"") | J208: =IFERROR(IF(INDEX('Test catalog'!$I$2:$I$200,MATCH($Y208,'Test catalog'!$A$2:$A$200,0))="","",INDEX('Test catalog'!$I$2:$I$200,MATCH($Y208,'Test catalog'!$A$2:$A$200,0))),"") | K208: =IF(I208="","",IF(OR(H208="",J208=""),I208,(H208+4*I208+J208)/6)) | L208: =IFERROR(IF(INDEX('Test catalog'!$J$2:$J$200,MATCH($Y208,'Test catalog'!$A$2:$A$200,0))="","",INDEX('Test catalog'!$J$2:$J$200,MATCH($Y208,'Test catalog'!$A$2:$A$200,0))),"") | M208: =IFERROR(IF(INDEX('Test catalog'!$K$2:$K$200,MATCH($Y208,'Test catalog'!$A$2:$A$200,0))="","",INDEX('Test catalog'!$K$2:$K$200,MATCH($Y208,'Test catalog'!$A$2:$A$200,0))),"") | N208: =IFERROR(IF(INDEX('Test catalog'!$L$2:$L$200,MATCH($Y208,'Test catalog'!$A$2:$A$200,0))="","",INDEX('Test catalog'!$L$2:$L$200,MATCH($Y208,'Test catalog'!$A$2:$A$200,0))),"") | O208: =IFERROR(IF(INDEX('Test catalog'!$M$2:$M$200,MATCH($Y208,'Test catalog'!$A$2:$A$200,0))="","",INDEX('Test catalog'!$M$2:$M$200,MATCH($Y208,'Test catalog'!$A$2:$A$200,0))),"") | P208: =IFERROR(IF(INDEX('Test catalog'!$N$2:$N$200,MATCH($Y208,'Test catalog'!$A$2:$A$200,0))="","",INDEX('Test catalog'!$N$2:$N$200,MATCH($Y208,'Test catalog'!$A$2:$A$200,0))),"") | Q208: =IFERROR(IF(INDEX('Test catalog'!$O$2:$O$200,MATCH($Y208,'Test catalog'!$A$2:$A$200,0))="","",INDEX('Test catalog'!$O$2:$O$200,MATCH($Y208,'Test catalog'!$A$2:$A$200,0))),"") | R208: =IFERROR(IF(INDEX('Test catalog'!$P$2:$P$200,MATCH($Y208,'Test catalog'!$A$2:$A$200,0))="","",INDEX('Test catalog'!$P$2:$P$200,MATCH($Y208,'Test catalog'!$A$2:$A$200,0))),"") | U208: =IFERROR(IF(INDEX('Test catalog'!$Q$2:$Q$200,MATCH($Y208,'Test catalog'!$A$2:$A$200,0))="","",INDEX('Test catalog'!$Q$2:$Q$200,MATCH($Y208,'Test catalog'!$A$2:$A$200,0))),"") | Y208: SALM | Z208: USP-NF monograph <61>, <62>
... A226: Phenylethyl Alcohol | B226: RM | C226: Other Excipient | D226: Microbial enumeration - TAMC + TYMC (<61> / <2021>) | E226: N | G226: =IFERROR(IF(INDEX('Test catalog'!$F$2:$F$200,MATCH($Y226,'Test catalog'!$A$2:$A$200,0))="","",INDEX('Test catalog'!$F$2:$F$200,MATCH($Y226,'Test catalog'!$A$2:$A$200,0))),"") | H226: =IFERROR(IF(INDEX('Test catalog'!$G$2:$G$200,MATCH($Y226,'Test catalog'!$A$2:$A$200,0))="","",INDEX('Test catalog'!$G$2:$G$200,MATCH($Y226,'Test catalog'!$A$2:$A$200,0))),"") | I226: =IFERROR(IF(INDEX('Test catalog'!$H$2:$H$200,MATCH($Y226,'Test catalog'!$A$2:$A$200,0))="","",INDEX('Test catalog'!$H$2:$H$200,MATCH($Y226,'Test catalog'!$A$2:$A$200,0))),"") | J226: =IFERROR(IF(INDEX('Test catalog'!$I$2:$I$200,MATCH($Y226,'Test catalog'!$A$2:$A$200,0))="","",INDEX('Test catalog'!$I$2:$I$200,MATCH($Y226,'Test catalog'!$A$2:$A$200,0))),"") | K226: =IF(I226="","",IF(OR(H226="",J226=""),I226,(H226+4*I226+J226)/6)) | L226: =IFERROR(IF(INDEX('Test catalog'!$J$2:$J$200,MATCH($Y226,'Test catalog'!$A$2:$A$200,0))="","",INDEX('Test catalog'!$J$2:$J$200,MATCH($Y226,'Test catalog'!$A$2:$A$200,0))),"") | M226: =IFERROR(IF(INDEX('Test catalog'!$K$2:$K$200,MATCH($Y226,'Test catalog'!$A$2:$A$200,0))="","",INDEX('Test catalog'!$K$2:$K$200,MATCH($Y226,'Test catalog'!$A$2:$A$200,0))),"") | N226: =IFERROR(IF(INDEX('Test catalog'!$L$2:$L$200,MATCH($Y226,'Test catalog'!$A$2:$A$200,0))="","",INDEX('Test catalog'!$L$2:$L$200,MATCH($Y226,'Test catalog'!$A$2:$A$200,0))),"") | O226: =IFERROR(IF(INDEX('Test catalog'!$M$2:$M$200,MATCH($Y226,'Test catalog'!$A$2:$A$200,0))="","",INDEX('Test catalog'!$M$2:$M$200,MATCH($Y226,'Test catalog'!$A$2:$A$200,0))),"") | P226: =IFERROR(IF(INDEX('Test catalog'!$N$2:$N$200,MATCH($Y226,'Test catalog'!$A$2:$A$200,0))="","",INDEX('Test catalog'!$N$2:$N$200,MATCH($Y226,'Test catalog'!$A$2:$A$200,0))),"") | Q226: =IFERROR(IF(INDEX('Test catalog'!$O$2:$O$200,MATCH($Y226,'Test catalog'!$A$2:$A$200,0))="","",INDEX('Test catalog'!$O$2:$O$200,MATCH($Y226,'Test catalog'!$A$2:$A$200,0))),"") | R226: =IFERROR(IF(INDEX('Test catalog'!$P$2:$P$200,MATCH($Y226,'Test catalog'!$A$2:$A$200,0))="","",INDEX('Test catalog'!$P$2:$P$200,MATCH($Y226,'Test catalog'!$A$2:$A$200,0))),"") | U226: =IFERROR(IF(INDEX('Test catalog'!$Q$2:$Q$200,MATCH($Y226,'Test catalog'!$A$2:$A$200,0))="","",INDEX('Test catalog'!$Q$2:$Q$200,MATCH($Y226,'Test catalog'!$A$2:$A$200,0))),"") | Y226: ENUM | Z226: No micro test in USP-NF - set Y if your specification has one
A227: Sodium Chloride | B227: RM | C227: Other Excipient | D227: Bacterial endotoxins (<85>) | E227: N | G227: =IFERROR(IF(INDEX('Test catalog'!$F$2:$F$200,MATCH($Y227,'Test catalog'!$A$2:$A$200,0))="","",INDEX('Test catalog'!$F$2:$F$200,MATCH($Y227,'Test catalog'!$A$2:$A$200,0))),"") | H227: =IFERROR(IF(INDEX('Test catalog'!$G$2:$G$200,MATCH($Y227,'Test catalog'!$A$2:$A$200,0))="","",INDEX('Test catalog'!$G$2:$G$200,MATCH($Y227,'Test catalog'!$A$2:$A$200,0))),"") | I227: =IFERROR(IF(INDEX('Test catalog'!$H$2:$H$200,MATCH($Y227,'Test catalog'!$A$2:$A$200,0))="","",INDEX('Test catalog'!$H$2:$H$200,MATCH($Y227,'Test catalog'!$A$2:$A$200,0))),"") | J227: =IFERROR(IF(INDEX('Test catalog'!$I$2:$I$200,MATCH($Y227,'Test catalog'!$A$2:$A$200,0))="","",INDEX('Test catalog'!$I$2:$I$200,MATCH($Y227,'Test catalog'!$A$2:$A$200,0))),"") | K227: =IF(I227="","",IF(OR(H227="",J227=""),I227,(H227+4*I227+J227)/6)) | L227: =IFERROR(IF(INDEX('Test catalog'!$J$2:$J$200,MATCH($Y227,'Test catalog'!$A$2:$A$200,0))="","",INDEX('Test catalog'!$J$2:$J$200,MATCH($Y227,'Test catalog'!$A$2:$A$200,0))),"") | M227: =IFERROR(IF(INDEX('Test catalog'!$K$2:$K$200,MATCH($Y227,'Test catalog'!$A$2:$A$200,0))="","",INDEX('Test catalog'!$K$2:$K$200,MATCH($Y227,'Test catalog'!$A$2:$A$200,0))),"") | N227: =IFERROR(IF(INDEX('Test catalog'!$L$2:$L$200,MATCH($Y227,'Test catalog'!$A$2:$A$200,0))="","",INDEX('Test catalog'!$L$2:$L$200,MATCH($Y227,'Test catalog'!$A$2:$A$200,0))),"") | O227: =IFERROR(IF(INDEX('Test catalog'!$M$2:$M$200,MATCH($Y227,'Test catalog'!$A$2:$A$200,0))="","",INDEX('Test catalog'!$M$2:$M$200,MATCH($Y227,'Test catalog'!$A$2:$A$200,0))),"") | P227: =IFERROR(IF(INDEX('Test catalog'!$N$2:$N$200,MATCH($Y227,'Test catalog'!$A$2:$A$200,0))="","",INDEX('Test catalog'!$N$2:$N$200,MATCH($Y227,'Test catalog'!$A$2:$A$200,0))),"") | Q227: =IFERROR(IF(INDEX('Test catalog'!$O$2:$O$200,MATCH($Y227,'Test catalog'!$A$2:$A$200,0))="","",INDEX('Test catalog'!$O$2:$O$200,MATCH($Y227,'Test catalog'!$A$2:$A$200,0))),"") | R227: =IFERROR(IF(INDEX('Test catalog'!$P$2:$P$200,MATCH($Y227,'Test catalog'!$A$2:$A$200,0))="","",INDEX('Test catalog'!$P$2:$P$200,MATCH($Y227,'Test catalog'!$A$2:$A$200,0))),"") | U227: =IFERROR(IF(INDEX('Test catalog'!$Q$2:$Q$200,MATCH($Y227,'Test catalog'!$A$2:$A$200,0))="","",INDEX('Test catalog'!$Q$2:$Q$200,MATCH($Y227,'Test catalog'!$A$2:$A$200,0))),"") | X227: Only for some grades/labels (sterile / parenteral) | Y227: BET | Z227: USP-NF monograph <85>
A228: Sodium Chloride | B228: RM | C228: Other Excipient | D228: Sterility (<71>) | E228: N | G228: =IFERROR(IF(INDEX('Test catalog'!$F$2:$F$200,MATCH($Y228,'Test catalog'!$A$2:$A$200,0))="","",INDEX('Test catalog'!$F$2:$F$200,MATCH($Y228,'Test catalog'!$A$2:$A$200,0))),"") | H228: =IFERROR(IF(INDEX('Test catalog'!$G$2:$G$200,MATCH($Y228,'Test catalog'!$A$2:$A$200,0))="","",INDEX('Test catalog'!$G$2:$G$200,MATCH($Y228,'Test catalog'!$A$2:$A$200,0))),"") | I228: =IFERROR(IF(INDEX('Test catalog'!$H$2:$H$200,MATCH($Y228,'Test catalog'!$A$2:$A$200,0))="","",INDEX('Test catalog'!$H$2:$H$200,MATCH($Y228,'Test catalog'!$A$2:$A$200,0))),"") | J228: =IFERROR(IF(INDEX('Test catalog'!$I$2:$I$200,MATCH($Y228,'Test catalog'!$A$2:$A$200,0))="","",INDEX('Test catalog'!$I$2:$I$200,MATCH($Y228,'Test catalog'!$A$2:$A$200,0))),"") | K228: =IF(I228="","",IF(OR(H228="",J228=""),I228,(H228+4*I228+J228)/6)) | L228: =IFERROR(IF(INDEX('Test catalog'!$J$2:$J$200,MATCH($Y228,'Test catalog'!$A$2:$A$200,0))="","",INDEX('Test catalog'!$J$2:$J$200,MATCH($Y228,'Test catalog'!$A$2:$A$200,0))),"") | M228: =IFERROR(IF(INDEX('Test catalog'!$K$2:$K$200,MATCH($Y228,'Test catalog'!$A$2:$A$200,0))="","",INDEX('Test catalog'!$K$2:$K$200,MATCH($Y228,'Test catalog'!$A$2:$A$200,0))),"") | N228: =IFERROR(IF(INDEX('Test catalog'!$L$2:$L$200,MATCH($Y228,'Test catalog'!$A$2:$A$200,0))="","",INDEX('Test catalog'!$L$2:$L$200,MATCH($Y228,'Test catalog'!$A$2:$A$200,0))),"") | O228: =IFERROR(IF(INDEX('Test catalog'!$M$2:$M$200,MATCH($Y228,'Test catalog'!$A$2:$A$200,0))="","",INDEX('Test catalog'!$M$2:$M$200,MATCH($Y228,'Test catalog'!$A$2:$A$200,0))),"") | P228: =IFERROR(IF(INDEX('Test catalog'!$N$2:$N$200,MATCH($Y228,'Test catalog'!$A$2:$A$200,0))="","",INDEX('Test catalog'!$N$2:$N$200,MATCH($Y228,'Test catalog'!$A$2:$A$200,0))),"") | Q228: =IFERROR(IF(INDEX('Test catalog'!$O$2:$O$200,MATCH($Y228,'Test catalog'!$A$2:$A$200,0))="","",INDEX('Test catalog'!$O$2:$O$200,MATCH($Y228,'Test catalog'!$A$2:$A$200,0))),"") | R228: =IFERROR(IF(INDEX('Test catalog'!$P$2:$P$200,MATCH($Y228,'Test catalog'!$A$2:$A$200,0))="","",INDEX('Test catalog'!$P$2:$P$200,MATCH($Y228,'Test catalog'!$A$2:$A$200,0))),"") | U228: =IFERROR(IF(INDEX('Test catalog'!$Q$2:$Q$200,MATCH($Y228,'Test catalog'!$A$2:$A$200,0))="","",INDEX('Test catalog'!$Q$2:$Q$200,MATCH($Y228,'Test catalog'!$A$2:$A$200,0))),"") | X228: Only for some grades/labels (sterile / parenteral) | Y228: STER | Z228: USP-NF monograph <71>
A229: Polyethylene Glycol (grade not stated) | B229: RM | C229: Plasticizer | D229: Microbial enumeration - TAMC + TYMC (<61> / <2021>) | E229: N | G229: =IFERROR(IF(INDEX('Test catalog'!$F$2:$F$200,MATCH($Y229,'Test catalog'!$A$2:$A$200,0))="","",INDEX('Test catalog'!$F$2:$F$200,MATCH($Y229,'Test catalog'!$A$2:$A$200,0))),"") | H229: =IFERROR(IF(INDEX('Test catalog'!$G$2:$G$200,MATCH($Y229,'Test catalog'!$A$2:$A$200,0))="","",INDEX('Test catalog'!$G$2:$G$200,MATCH($Y229,'Test catalog'!$A$2:$A$200,0))),"") | I229: =IFERROR(IF(INDEX('Test catalog'!$H$2:$H$200,MATCH($Y229,'Test catalog'!$A$2:$A$200,0))="","",INDEX('Test catalog'!$H$2:$H$200,MATCH($Y229,'Test catalog'!$A$2:$A$200,0))),"") | J229: =IFERROR(IF(INDEX('Test catalog'!$I$2:$I$200,MATCH($Y229,'Test catalog'!$A$2:$A$200,0))="","",INDEX('Test catalog'!$I$2:$I$200,MATCH($Y229,'Test catalog'!$A$2:$A$200,0))),"") | K229: =IF(I229="","",IF(OR(H229="",J229=""),I229,(H229+4*I229+J229)/6)) | L229: =IFERROR(IF(INDEX('Test catalog'!$J$2:$J$200,MATCH($Y229,'Test catalog'!$A$2:$A$200,0))="","",INDEX('Test catalog'!$J$2:$J$200,MATCH($Y229,'Test catalog'!$A$2:$A$200,0))),"") | M229: =IFERROR(IF(INDEX('Test catalog'!$K$2:$K$200,MATCH($Y229,'Test catalog'!$A$2:$A$200,0))="","",INDEX('Test catalog'!$K$2:$K$200,MATCH($Y229,'Test catalog'!$A$2:$A$200,0))),"") | N229: =IFERROR(IF(INDEX('Test catalog'!$L$2:$L$200,MATCH($Y229,'Test catalog'!$A$2:$A$200,0))="","",INDEX('Test catalog'!$L$2:$L$200,MATCH($Y229,'Test catalog'!$A$2:$A$200,0))),"") | O229: =IFERROR(IF(INDEX('Test catalog'!$M$2:$M$200,MATCH($Y229,'Test catalog'!$A$2:$A$200,0))="","",INDEX('Test catalog'!$M$2:$M$200,MATCH($Y229,'Test catalog'!$A$2:$A$200,0))),"") | P229: =IFERROR(IF(INDEX('Test catalog'!$N$2:$N$200,MATCH($Y229,'Test catalog'!$A$2:$A$200,0))="","",INDEX('Test catalog'!$N$2:$N$200,MATCH($Y229,'Test catalog'!$A$2:$A$200,0))),"") | Q229: =IFERROR(IF(INDEX('Test catalog'!$O$2:$O$200,MATCH($Y229,'Test catalog'!$A$2:$A$200,0))="","",INDEX('Test catalog'!$O$2:$O$200,MATCH($Y229,'Test catalog'!$A$2:$A$200,0))),"") | R229: =IFERROR(IF(INDEX('Test catalog'!$P$2:$P$200,MATCH($Y229,'Test catalog'!$A$2:$A$200,0))="","",INDEX('Test catalog'!$P$2:$P$200,MATCH($Y229,'Test catalog'!$A$2:$A$200,0))),"") | U229: =IFERROR(IF(INDEX('Test catalog'!$Q$2:$Q$200,MATCH($Y229,'Test catalog'!$A$2:$A$200,0))="","",INDEX('Test catalog'!$Q$2:$Q$200,MATCH($Y229,'Test catalog'!$A$2:$A$200,0))),"") | Y229: ENUM | Z229: No micro test in USP-NF - set Y if your specification has one
A230: Polyethylene Glycol 4000 (PEG 4000) | B230: RM | C230: Plasticizer | D230: Microbial enumeration - TAMC + TYMC (<61> / <2021>) | E230: N | G230: =IFERROR(IF(INDEX('Test catalog'!$F$2:$F$200,MATCH($Y230,'Test catalog'!$A$2:$A$200,0))="","",INDEX('Test catalog'!$F$2:$F$200,MATCH($Y230,'Test catalog'!$A$2:$A$200,0))),"") | H230: =IFERROR(IF(INDEX('Test catalog'!$G$2:$G$200,MATCH($Y230,'Test catalog'!$A$2:$A$200,0))="","",INDEX('Test catalog'!$G$2:$G$200,MATCH($Y230,'Test catalog'!$A$2:$A$200,0))),"") | I230: =IFERROR(IF(INDEX('Test catalog'!$H$2:$H$200,MATCH($Y230,'Test catalog'!$A$2:$A$200,0))="","",INDEX('Test catalog'!$H$2:$H$200,MATCH($Y230,'Test catalog'!$A$2:$A$200,0))),"") | J230: =IFERROR(IF(INDEX('Test catalog'!$I$2:$I$200,MATCH($Y230,'Test catalog'!$A$2:$A$200,0))="","",INDEX('Test catalog'!$I$2:$I$200,MATCH($Y230,'Test catalog'!$A$2:$A$200,0))),"") | K230: =IF(I230="","",IF(OR(H230="",J230=""),I230,(H230+4*I230+J230)/6)) | L230: =IFERROR(IF(INDEX('Test catalog'!$J$2:$J$200,MATCH($Y230,'Test catalog'!$A$2:$A$200,0))="","",INDEX('Test catalog'!$J$2:$J$200,MATCH($Y230,'Test catalog'!$A$2:$A$200,0))),"") | M230: =IFERROR(IF(INDEX('Test catalog'!$K$2:$K$200,MATCH($Y230,'Test catalog'!$A$2:$A$200,0))="","",INDEX('Test catalog'!$K$2:$K$200,MATCH($Y230,'Test catalog'!$A$2:$A$200,0))),"") | N230: =IFERROR(IF(INDEX('Test catalog'!$L$2:$L$200,MATCH($Y230,'Test catalog'!$A$2:$A$200,0))="","",INDEX('Test catalog'!$L$2:$L$200,MATCH($Y230,'Test catalog'!$A$2:$A$200,0))),"") | O230: =IFERROR(IF(INDEX('Test catalog'!$M$2:$M$200,MATCH($Y230,'Test catalog'!$A$2:$A$200,0))="","",INDEX('Test catalog'!$M$2:$M$200,MATCH($Y230,'Test catalog'!$A$2:$A$200,0))),"") | P230: =IFERROR(IF(INDEX('Test catalog'!$N$2:$N$200,MATCH($Y230,'Test catalog'!$A$2:$A$200,0))="","",INDEX('Test catalog'!$N$2:$N$200,MATCH($Y230,'Test catalog'!$A$2:$A$200,0))),"") | Q230: =IFERROR(IF(INDEX('Test catalog'!$O$2:$O$200,MATCH($Y230,'Test catalog'!$A$2:$A$200,0))="","",INDEX('Test catalog'!$O$2:$O$200,MATCH($Y230,'Test catalog'!$A$2:$A$200,0))),"") | R230: =IFERROR(IF(INDEX('Test catalog'!$P$2:$P$200,MATCH($Y230,'Test catalog'!$A$2:$A$200,0))="","",INDEX('Test catalog'!$P$2:$P$200,MATCH($Y230,'Test catalog'!$A$2:$A$200,0))),"") | U230: =IFERROR(IF(INDEX('Test catalog'!$Q$2:$Q$200,MATCH($Y230,'Test catalog'!$A$2:$A$200,0))="","",INDEX('Test catalog'!$Q$2:$Q$200,MATCH($Y230,'Test catalog'!$A$2:$A$200,0))),"") | Y230: ENUM | Z230: No micro test in USP-NF - set Y if your specification has one
A231: Triacetin | B231: RM | C231: Plasticizer | D231: Microbial enumeration - TAMC + TYMC (<61> / <2021>) | E231: N | G231: =IFERROR(IF(INDEX('Test catalog'!$F$2:$F$200,MATCH($Y231,'Test catalog'!$A$2:$A$200,0))="","",INDEX('Test catalog'!$F$2:$F$200,MATCH($Y231,'Test catalog'!$A$2:$A$200,0))),"") | H231: =IFERROR(IF(INDEX('Test catalog'!$G$2:$G$200,MATCH($Y231,'Test catalog'!$A$2:$A$200,0))="","",INDEX('Test catalog'!$G$2:$G$200,MATCH($Y231,'Test catalog'!$A$2:$A$200,0))),"") | I231: =IFERROR(IF(INDEX('Test catalog'!$H$2:$H$200,MATCH($Y231,'Test catalog'!$A$2:$A$200,0))="","",INDEX('Test catalog'!$H$2:$H$200,MATCH($Y231,'Test catalog'!$A$2:$A$200,0))),"") | J231: =IFERROR(IF(INDEX('Test catalog'!$I$2:$I$200,MATCH($Y231,'Test catalog'!$A$2:$A$200,0))="","",INDEX('Test catalog'!$I$2:$I$200,MATCH($Y231,'Test catalog'!$A$2:$A$200,0))),"") | K231: =IF(I231="","",IF(OR(H231="",J231=""),I231,(H231+4*I231+J231)/6)) | L231: =IFERROR(IF(INDEX('Test catalog'!$J$2:$J$200,MATCH($Y231,'Test catalog'!$A$2:$A$200,0))="","",INDEX('Test catalog'!$J$2:$J$200,MATCH($Y231,'Test catalog'!$A$2:$A$200,0))),"") | M231: =IFERROR(IF(INDEX('Test catalog'!$K$2:$K$200,MATCH($Y231,'Test catalog'!$A$2:$A$200,0))="","",INDEX('Test catalog'!$K$2:$K$200,MATCH($Y231,'Test catalog'!$A$2:$A$200,0))),"") | N231: =IFERROR(IF(INDEX('Test catalog'!$L$2:$L$200,MATCH($Y231,'Test catalog'!$A$2:$A$200,0))="","",INDEX('Test catalog'!$L$2:$L$200,MATCH($Y231,'Test catalog'!$A$2:$A$200,0))),"") | O231: =IFERROR(IF(INDEX('Test catalog'!$M$2:$M$200,MATCH($Y231,'Test catalog'!$A$2:$A$200,0))="","",INDEX('Test catalog'!$M$2:$M$200,MATCH($Y231,'Test catalog'!$A$2:$A$200,0))),"") | P231: =IFERROR(IF(INDEX('Test catalog'!$N$2:$N$200,MATCH($Y231,'Test catalog'!$A$2:$A$200,0))="","",INDEX('Test catalog'!$N$2:$N$200,MATCH($Y231,'Test catalog'!$A$2:$A$200,0))),"") | Q231: =IFERROR(IF(INDEX('Test catalog'!$O$2:$O$200,MATCH($Y231,'Test catalog'!$A$2:$A$200,0))="","",INDEX('Test catalog'!$O$2:$O$200,MATCH($Y231,'Test catalog'!$A$2:$A$200,0))),"") | R231: =IFERROR(IF(INDEX('Test catalog'!$P$2:$P$200,MATCH($Y231,'Test catalog'!$A$2:$A$200,0))="","",INDEX('Test catalog'!$P$2:$P$200,MATCH($Y231,'Test catalog'!$A$2:$A$200,0))),"") | U231: =IFERROR(IF(INDEX('Test catalog'!$Q$2:$Q$200,MATCH($Y231,'Test catalog'!$A$2:$A$200,0))="","",INDEX('Test catalog'!$Q$2:$Q$200,MATCH($Y231,'Test catalog'!$A$2:$A$200,0))),"") | Y231: ENUM | Z231: No micro test in USP-NF - set Y if your specification has one
A232: Glycerine | B232: RM | C232: Plasticizer / Humectant | D232: Microbial enumeration - TAMC + TYMC (<61> / <2021>) | E232: N | G232: =IFERROR(IF(INDEX('Test catalog'!$F$2:$F$200,MATCH($Y232,'Test catalog'!$A$2:$A$200,0))="","",INDEX('Test catalog'!$F$2:$F$200,MATCH($Y232,'Test catalog'!$A$2:$A$200,0))),"") | H232: =IFERROR(IF(INDEX('Test catalog'!$G$2:$G$200,MATCH($Y232,'Test catalog'!$A$2:$A$200,0))="","",INDEX('Test catalog'!$G$2:$G$200,MATCH($Y232,'Test catalog'!$A$2:$A$200,0))),"") | I232: =IFERROR(IF(INDEX('Test catalog'!$H$2:$H$200,MATCH($Y232,'Test catalog'!$A$2:$A$200,0))="","",INDEX('Test catalog'!$H$2:$H$200,MATCH($Y232,'Test catalog'!$A$2:$A$200,0))),"") | J232: =IFERROR(IF(INDEX('Test catalog'!$I$2:$I$200,MATCH($Y232,'Test catalog'!$A$2:$A$200,0))="","",INDEX('Test catalog'!$I$2:$I$200,MATCH($Y232,'Test catalog'!$A$2:$A$200,0))),"") | K232: =IF(I232="","",IF(OR(H232="",J232=""),I232,(H232+4*I232+J232)/6)) | L232: =IFERROR(IF(INDEX('Test catalog'!$J$2:$J$200,MATCH($Y232,'Test catalog'!$A$2:$A$200,0))="","",INDEX('Test catalog'!$J$2:$J$200,MATCH($Y232,'Test catalog'!$A$2:$A$200,0))),"") | M232: =IFERROR(IF(INDEX('Test catalog'!$K$2:$K$200,MATCH($Y232,'Test catalog'!$A$2:$A$200,0))="","",INDEX('Test catalog'!$K$2:$K$200,MATCH($Y232,'Test catalog'!$A$2:$A$200,0))),"") | N232: =IFERROR(IF(INDEX('Test catalog'!$L$2:$L$200,MATCH($Y232,'Test catalog'!$A$2:$A$200,0))="","",INDEX('Test catalog'!$L$2:$L$200,MATCH($Y232,'Test catalog'!$A$2:$A$200,0))),"") | O232: =IFERROR(IF(INDEX('Test catalog'!$M$2:$M$200,MATCH($Y232,'Test catalog'!$A$2:$A$200,0))="","",INDEX('Test catalog'!$M$2:$M$200,MATCH($Y232,'Test catalog'!$A$2:$A$200,0))),"") | P232: =IFERROR(IF(INDEX('Test catalog'!$N$2:$N$200,MATCH($Y232,'Test catalog'!$A$2:$A$200,0))="","",INDEX('Test catalog'!$N$2:$N$200,MATCH($Y232,'Test catalog'!$A$2:$A$200,0))),"") | Q232: =IFERROR(IF(INDEX('Test catalog'!$O$2:$O$200,MATCH($Y232,'Test catalog'!$A$2:$A$200,0))="","",INDEX('Test catalog'!$O$2:$O$200,MATCH($Y232,'Test catalog'!$A$2:$A$200,0))),"") | R232: =IFERROR(IF(INDEX('Test catalog'!$P$2:$P$200,MATCH($Y232,'Test catalog'!$A$2:$A$200,0))="","",INDEX('Test catalog'!$P$2:$P$200,MATCH($Y232,'Test catalog'!$A$2:$A$200,0))),"") | U232: =IFERROR(IF(INDEX('Test catalog'!$Q$2:$Q$200,MATCH($Y232,'Test catalog'!$A$2:$A$200,0))="","",INDEX('Test catalog'!$Q$2:$Q$200,MATCH($Y232,'Test catalog'!$A$2:$A$200,0))),"") | Y232: ENUM | Z232: No micro test in USP-NF - set Y if your specification has one
A233: Propylene Glycol | B233: RM | C233: Plasticizer / Humectant | D233: Microbial enumeration - TAMC + TYMC (<61> / <2021>) | E233: N | G233: =IFERROR(IF(INDEX('Test catalog'!$F$2:$F$200,MATCH($Y233,'Test catalog'!$A$2:$A$200,0))="","",INDEX('Test catalog'!$F$2:$F$200,MATCH($Y233,'Test catalog'!$A$2:$A$200,0))),"") | H233: =IFERROR(IF(INDEX('Test catalog'!$G$2:$G$200,MATCH($Y233,'Test catalog'!$A$2:$A$200,0))="","",INDEX('Test catalog'!$G$2:$G$200,MATCH($Y233,'Test catalog'!$A$2:$A$200,0))),"") | I233: =IFERROR(IF(INDEX('Test catalog'!$H$2:$H$200,MATCH($Y233,'Test catalog'!$A$2:$A$200,0))="","",INDEX('Test catalog'!$H$2:$H$200,MATCH($Y233,'Test catalog'!$A$2:$A$200,0))),"") | J233: =IFERROR(IF(INDEX('Test catalog'!$I$2:$I$200,MATCH($Y233,'Test catalog'!$A$2:$A$200,0))="","",INDEX('Test catalog'!$I$2:$I$200,MATCH($Y233,'Test catalog'!$A$2:$A$200,0))),"") | K233: =IF(I233="","",IF(OR(H233="",J233=""),I233,(H233+4*I233+J233)/6)) | L233: =IFERROR(IF(INDEX('Test catalog'!$J$2:$J$200,MATCH($Y233,'Test catalog'!$A$2:$A$200,0))="","",INDEX('Test catalog'!$J$2:$J$200,MATCH($Y233,'Test catalog'!$A$2:$A$200,0))),"") | M233: =IFERROR(IF(INDEX('Test catalog'!$K$2:$K$200,MATCH($Y233,'Test catalog'!$A$2:$A$200,0))="","",INDEX('Test catalog'!$K$2:$K$200,MATCH($Y233,'Test catalog'!$A$2:$A$200,0))),"") | N233: =IFERROR(IF(INDEX('Test catalog'!$L$2:$L$200,MATCH($Y233,'Test catalog'!$A$2:$A$200,0))="","",INDEX('Test catalog'!$L$2:$L$200,MATCH($Y233,'Test catalog'!$A$2:$A$200,0))),"") | O233: =IFERROR(IF(INDEX('Test catalog'!$M$2:$M$200,MATCH($Y233,'Test catalog'!$A$2:$A$200,0))="","",INDEX('Test catalog'!$M$2:$M$200,MATCH($Y233,'Test catalog'!$A$2:$A$200,0))),"") | P233: =IFERROR(IF(INDEX('Test catalog'!$N$2:$N$200,MATCH($Y233,'Test catalog'!$A$2:$A$200,0))="","",INDEX('Test catalog'!$N$2:$N$200,MATCH($Y233,'Test catalog'!$A$2:$A$200,0))),"") | Q233: =IFERROR(IF(INDEX('Test catalog'!$O$2:$O$200,MATCH($Y233,'Test catalog'!$A$2:$A$200,0))="","",INDEX('Test catalog'!$O$2:$O$200,MATCH($Y233,'Test catalog'!$A$2:$A$200,0))),"") | R233: =IFERROR(IF(INDEX('Test catalog'!$P$2:$P$200,MATCH($Y233,'Test catalog'!$A$2:$A$200,0))="","",INDEX('Test catalog'!$P$2:$P$200,MATCH($Y233,'Test catalog'!$A$2:$A$200,0))),"") | U233: =IFERROR(IF(INDEX('Test catalog'!$Q$2:$Q$200,MATCH($Y233,'Test catalog'!$A$2:$A$200,0))="","",INDEX('Test catalog'!$Q$2:$Q$200,MATCH($Y233,'Test catalog'!$A$2:$A$200,0))),"") | Y233: ENUM | Z233: No micro test in USP-NF - set Y if your specification has one
A234: Benzalkonium Alcohol 50% | B234: RM | C234: Preservative | D234: Microbial enumeration - TAMC + TYMC (<61> / <2021>) | E234: Y | G234: =IFERROR(IF(INDEX('Test catalog'!$F$2:$F$200,MATCH($Y234,'Test catalog'!$A$2:$A$200,0))="","",INDEX('Test catalog'!$F$2:$F$200,MATCH($Y234,'Test catalog'!$A$2:$A$200,0))),"") | H234: =IFERROR(IF(INDEX('Test catalog'!$G$2:$G$200,MATCH($Y234,'Test catalog'!$A$2:$A$200,0))="","",INDEX('Test catalog'!$G$2:$G$200,MATCH($Y234,'Test catalog'!$A$2:$A$200,0))),"") | I234: =IFERROR(IF(INDEX('Test catalog'!$H$2:$H$200,MATCH($Y234,'Test catalog'!$A$2:$A$200,0))="","",INDEX('Test catalog'!$H$2:$H$200,MATCH($Y234,'Test catalog'!$A$2:$A$200,0))),"") | J234: =IFERROR(IF(INDEX('Test catalog'!$I$2:$I$200,MATCH($Y234,'Test catalog'!$A$2:$A$200,0))="","",INDEX('Test catalog'!$I$2:$I$200,MATCH($Y234,'Test catalog'!$A$2:$A$200,0))),"") | K234: =IF(I234="","",IF(OR(H234="",J234=""),I234,(H234+4*I234+J234)/6)) | L234: =IFERROR(IF(INDEX('Test catalog'!$J$2:$J$200,MATCH($Y234,'Test catalog'!$A$2:$A$200,0))="","",INDEX('Test catalog'!$J$2:$J$200,MATCH($Y234,'Test catalog'!$A$2:$A$200,0))),"") | M234: =IFERROR(IF(INDEX('Test catalog'!$K$2:$K$200,MATCH($Y234,'Test catalog'!$A$2:$A$200,0))="","",INDEX('Test catalog'!$K$2:$K$200,MATCH($Y234,'Test catalog'!$A$2:$A$200,0))),"") | N234: =IFERROR(IF(INDEX('Test catalog'!$L$2:$L$200,MATCH($Y234,'Test catalog'!$A$2:$A$200,0))="","",INDEX('Test catalog'!$L$2:$L$200,MATCH($Y234,'Test catalog'!$A$2:$A$200,0))),"") | O234: =IFERROR(IF(INDEX('Test catalog'!$M$2:$M$200,MATCH($Y234,'Test catalog'!$A$2:$A$200,0))="","",INDEX('Test catalog'!$M$2:$M$200,MATCH($Y234,'Test catalog'!$A$2:$A$200,0))),"") | P234: =IFERROR(IF(INDEX('Test catalog'!$N$2:$N$200,MATCH($Y234,'Test catalog'!$A$2:$A$200,0))="","",INDEX('Test catalog'!$N$2:$N$200,MATCH($Y234,'Test catalog'!$A$2:$A$200,0))),"") | Q234: =IFERROR(IF(INDEX('Test catalog'!$O$2:$O$200,MATCH($Y234,'Test catalog'!$A$2:$A$200,0))="","",INDEX('Test catalog'!$O$2:$O$200,MATCH($Y234,'Test catalog'!$A$2:$A$200,0))),"") | R234: =IFERROR(IF(INDEX('Test catalog'!$P$2:$P$200,MATCH($Y234,'Test catalog'!$A$2:$A$200,0))="","",INDEX('Test catalog'!$P$2:$P$200,MATCH($Y234,'Test catalog'!$A$2:$A$200,0))),"") | U234: =IFERROR(IF(INDEX('Test catalog'!$Q$2:$Q$200,MATCH($Y234,'Test catalog'!$A$2:$A$200,0))="","",INDEX('Test catalog'!$Q$2:$Q$200,MATCH($Y234,'Test catalog'!$A$2:$A$200,0))),"") | Y234: ENUM | Z234: USP-NF monograph <61>, <62>
A235: Benzalkonium Alcohol 50% | B235: RM | C235: Preservative | D235: Absence of Pseudomonas aeruginosa (<62>) | E235: Y | G235: =IFERROR(IF(INDEX('Test catalog'!$F$2:$F$200,MATCH($Y235,'Test catalog'!$A$2:$A$200,0))="","",INDEX('Test catalog'!$F$2:$F$200,MATCH($Y235,'Test catalog'!$A$2:$A$200,0))),"") | H235: =IFERROR(IF(INDEX('Test catalog'!$G$2:$G$200,MATCH($Y235,'Test catalog'!$A$2:$A$200,0))="","",INDEX('Test catalog'!$G$2:$G$200,MATCH($Y235,'Test catalog'!$A$2:$A$200,0))),"") | I235: =IFERROR(IF(INDEX('Test catalog'!$H$2:$H$200,MATCH($Y235,'Test catalog'!$A$2:$A$200,0))="","",INDEX('Test catalog'!$H$2:$H$200,MATCH($Y235,'Test catalog'!$A$2:$A$200,0))),"") | J235: =IFERROR(IF(INDEX('Test catalog'!$I$2:$I$200,MATCH($Y235,'Test catalog'!$A$2:$A$200,0))="","",INDEX('Test catalog'!$I$2:$I$200,MATCH($Y235,'Test catalog'!$A$2:$A$200,0))),"") | K235: =IF(I235="","",IF(OR(H235="",J235=""),I235,(H235+4*I235+J235)/6)) | L235: =IFERROR(IF(INDEX('Test catalog'!$J$2:$J$200,MATCH($Y235,'Test catalog'!$A$2:$A$200,0))="","",INDEX('Test catalog'!$J$2:$J$200,MATCH($Y235,'Test catalog'!$A$2:$A$200,0))),"") | M235: =IFERROR(IF(INDEX('Test catalog'!$K$2:$K$200,MATCH($Y235,'Test catalog'!$A$2:$A$200,0))="","",INDEX('Test catalog'!$K$2:$K$200,MATCH($Y235,'Test catalog'!$A$2:$A$200,0))),"") | N235: =IFERROR(IF(INDEX('Test catalog'!$L$2:$L$200,MATCH($Y235,'Test catalog'!$A$2:$A$200,0))="","",INDEX('Test catalog'!$L$2:$L$200,MATCH($Y235,'Test catalog'!$A$2:$A$200,0))),"") | O235: =IFERROR(IF(INDEX('Test catalog'!$M$2:$M$200,MATCH($Y235,'Test catalog'!$A$2:$A$200,0))="","",INDEX('Test catalog'!$M$2:$M$200,MATCH($Y235,'Test catalog'!$A$2:$A$200,0))),"") | P235: =IFERROR(IF(INDEX('Test catalog'!$N$2:$N$200,MATCH($Y235,'Test catalog'!$A$2:$A$200,0))="","",INDEX('Test catalog'!$N$2:$N$200,MATCH($Y235,'Test catalog'!$A$2:$A$200,0))),"") | Q235: =IFERROR(IF(INDEX('Test catalog'!$O$2:$O$200,MATCH($Y235,'Test catalog'!$A$2:$A$200,0))="","",INDEX('Test catalog'!$O$2:$O$200,MATCH($Y235,'Test catalog'!$A$2:$A$200,0))),"") | R235: =IFERROR(IF(INDEX('Test catalog'!$P$2:$P$200,MATCH($Y235,'Test catalog'!$A$2:$A$200,0))="","",INDEX('Test catalog'!$P$2:$P$200,MATCH($Y235,'Test catalog'!$A$2:$A$200,0))),"") | U235: =IFERROR(IF(INDEX('Test catalog'!$Q$2:$Q$200,MATCH($Y235,'Test catalog'!$A$2:$A$200,0))="","",INDEX('Test catalog'!$Q$2:$Q$200,MATCH($Y235,'Test catalog'!$A$2:$A$200,0))),"") | Y235: PSAE | Z235: USP-NF monograph <61>, <62>
A236: Methyl Paraben | B236: RM | C236: Preservative | D236: Microbial enumeration - TAMC + TYMC (<61> / <2021>) | E236: N | G236: =IFERROR(IF(INDEX('Test catalog'!$F$2:$F$200,MATCH($Y236,'Test catalog'!$A$2:$A$200,0))="","",INDEX('Test catalog'!$F$2:$F$200,MATCH($Y236,'Test catalog'!$A$2:$A$200,0))),"") | H236: =IFERROR(IF(INDEX('Test catalog'!$G$2:$G$200,MATCH($Y236,'Test catalog'!$A$2:$A$200,0))="","",INDEX('Test catalog'!$G$2:$G$200,MATCH($Y236,'Test catalog'!$A$2:$A$200,0))),"") | I236: =IFERROR(IF(INDEX('Test catalog'!$H$2:$H$200,MATCH($Y236,'Test catalog'!$A$2:$A$200,0))="","",INDEX('Test catalog'!$H$2:$H$200,MATCH($Y236,'Test catalog'!$A$2:$A$200,0))),"") | J236: =IFERROR(IF(INDEX('Test catalog'!$I$2:$I$200,MATCH($Y236,'Test catalog'!$A$2:$A$200,0))="","",INDEX('Test catalog'!$I$2:$I$200,MATCH($Y236,'Test catalog'!$A$2:$A$200,0))),"") | K236: =IF(I236="","",IF(OR(H236="",J236=""),I236,(H236+4*I236+J236)/6)) | L236: =IFERROR(IF(INDEX('Test catalog'!$J$2:$J$200,MATCH($Y236,'Test catalog'!$A$2:$A$200,0))="","",INDEX('Test catalog'!$J$2:$J$200,MATCH($Y236,'Test catalog'!$A$2:$A$200,0))),"") | M236: =IFERROR(IF(INDEX('Test catalog'!$K$2:$K$200,MATCH($Y236,'Test catalog'!$A$2:$A$200,0))="","",INDEX('Test catalog'!$K$2:$K$200,MATCH($Y236,'Test catalog'!$A$2:$A$200,0))),"") | N236: =IFERROR(IF(INDEX('Test catalog'!$L$2:$L$200,MATCH($Y236,'Test catalog'!$A$2:$A$200,0))="","",INDEX('Test catalog'!$L$2:$L$200,MATCH($Y236,'Test catalog'!$A$2:$A$200,0))),"") | O236: =IFERROR(IF(INDEX('Test catalog'!$M$2:$M$200,MATCH($Y236,'Test catalog'!$A$2:$A$200,0))="","",INDEX('Test catalog'!$M$2:$M$200,MATCH($Y236,'Test catalog'!$A$2:$A$200,0))),"") | P236: =IFERROR(IF(INDEX('Test catalog'!$N$2:$N$200,MATCH($Y236,'Test catalog'!$A$2:$A$200,0))="","",INDEX('Test catalog'!$N$2:$N$200,MATCH($Y236,'Test catalog'!$A$2:$A$200,0))),"") | Q236: =IFERROR(IF(INDEX('Test catalog'!$O$2:$O$200,MATCH($Y236,'Test catalog'!$A$2:$A$200,0))="","",INDEX('Test catalog'!$O$2:$O$200,MATCH($Y236,'Test catalog'!$A$2:$A$200,0))),"") | R236: =IFERROR(IF(INDEX('Test catalog'!$P$2:$P$200,MATCH($Y236,'Test catalog'!$A$2:$A$200,0))="","",INDEX('Test catalog'!$P$2:$P$200,MATCH($Y236,'Test catalog'!$A$2:$A$200,0))),"") | U236: =IFERROR(IF(INDEX('Test catalog'!$Q$2:$Q$200,MATCH($Y236,'Test catalog'!$A$2:$A$200,0))="","",INDEX('Test catalog'!$Q$2:$Q$200,MATCH($Y236,'Test catalog'!$A$2:$A$200,0))),"") | Y236: ENUM | Z236: No micro test in USP-NF - set Y if your specification has one
A237: Propyl Paraben | B237: RM | C237: Preservative | D237: Microbial enumeration - TAMC + TYMC (<61> / <2021>) | E237: N | G237: =IFERROR(IF(INDEX('Test catalog'!$F$2:$F$200,MATCH($Y237,'Test catalog'!$A$2:$A$200,0))="","",INDEX('Test catalog'!$F$2:$F$200,MATCH($Y237,'Test catalog'!$A$2:$A$200,0))),"") | H237: =IFERROR(IF(INDEX('Test catalog'!$G$2:$G$200,MATCH($Y237,'Test catalog'!$A$2:$A$200,0))="","",INDEX('Test catalog'!$G$2:$G$200,MATCH($Y237,'Test catalog'!$A$2:$A$200,0))),"") | I237: =IFERROR(IF(INDEX('Test catalog'!$H$2:$H$200,MATCH($Y237,'Test catalog'!$A$2:$A$200,0))="","",INDEX('Test catalog'!$H$2:$H$200,MATCH($Y237,'Test catalog'!$A$2:$A$200,0))),"") | J237: =IFERROR(IF(INDEX('Test catalog'!$I$2:$I$200,MATCH($Y237,'Test catalog'!$A$2:$A$200,0))="","",INDEX('Test catalog'!$I$2:$I$200,MATCH($Y237,'Test catalog'!$A$2:$A$200,0))),"") | K237: =IF(I237="","",IF(OR(H237="",J237=""),I237,(H237+4*I237+J237)/6)) | L237: =IFERROR(IF(INDEX('Test catalog'!$J$2:$J$200,MATCH($Y237,'Test catalog'!$A$2:$A$200,0))="","",INDEX('Test catalog'!$J$2:$J$200,MATCH($Y237,'Test catalog'!$A$2:$A$200,0))),"") | M237: =IFERROR(IF(INDEX('Test catalog'!$K$2:$K$200,MATCH($Y237,'Test catalog'!$A$2:$A$200,0))="","",INDEX('Test catalog'!$K$2:$K$200,MATCH($Y237,'Test catalog'!$A$2:$A$200,0))),"") | N237: =IFERROR(IF(INDEX('Test catalog'!$L$2:$L$200,MATCH($Y237,'Test catalog'!$A$2:$A$200,0))="","",INDEX('Test catalog'!$L$2:$L$200,MATCH($Y237,'Test catalog'!$A$2:$A$200,0))),"") | O237: =IFERROR(IF(INDEX('Test catalog'!$M$2:$M$200,MATCH($Y237,'Test catalog'!$A$2:$A$200,0))="","",INDEX('Test catalog'!$M$2:$M$200,MATCH($Y237,'Test catalog'!$A$2:$A$200,0))),"") | P237: =IFERROR(IF(INDEX('Test catalog'!$N$2:$N$200,MATCH($Y237,'Test catalog'!$A$2:$A$200,0))="","",INDEX('Test catalog'!$N$2:$N$200,MATCH($Y237,'Test catalog'!$A$2:$A$200,0))),"") | Q237: =IFERROR(IF(INDEX('Test catalog'!$O$2:$O$200,MATCH($Y237,'Test catalog'!$A$2:$A$200,0))="","",INDEX('Test catalog'!$O$2:$O$200,MATCH($Y237,'Test catalog'!$A$2:$A$200,0))),"") | R237: =IFERROR(IF(INDEX('Test catalog'!$P$2:$P$200,MATCH($Y237,'Test catalog'!$A$2:$A$200,0))="","",INDEX('Test catalog'!$P$2:$P$200,MATCH($Y237,'Test catalog'!$A$2:$A$200,0))),"") | U237: =IFERROR(IF(INDEX('Test catalog'!$Q$2:$Q$200,MATCH($Y237,'Test catalog'!$A$2:$A$200,0))="","",INDEX('Test catalog'!$Q$2:$Q$200,MATCH($Y237,'Test catalog'!$A$2:$A$200,0))),"") | Y237: ENUM | Z237: No micro test in USP-NF - set Y if your specification has one
A238: Sodium Benzoate | B238: RM | C238: Preservative | D238: Microbial enumeration - TAMC + TYMC (<61> / <2021>) | E238: N | G238: =IFERROR(IF(INDEX('Test catalog'!$F$2:$F$200,MATCH($Y238,'Test catalog'!$A$2:$A$200,0))="","",INDEX('Test catalog'!$F$2:$F$200,MATCH($Y238,'Test catalog'!$A$2:$A$200,0))),"") | H238: =IFERROR(IF(INDEX('Test catalog'!$G$2:$G$200,MATCH($Y238,'Test catalog'!$A$2:$A$200,0))="","",INDEX('Test catalog'!$G$2:$G$200,MATCH($Y238,'Test catalog'!$A$2:$A$200,0))),"") | I238: =IFERROR(IF(INDEX('Test catalog'!$H$2:$H$200,MATCH($Y238,'Test catalog'!$A$2:$A$200,0))="","",INDEX('Test catalog'!$H$2:$H$200,MATCH($Y238,'Test catalog'!$A$2:$A$200,0))),"") | J238: =IFERROR(IF(INDEX('Test catalog'!$I$2:$I$200,MATCH($Y238,'Test catalog'!$A$2:$A$200,0))="","",INDEX('Test catalog'!$I$2:$I$200,MATCH($Y238,'Test catalog'!$A$2:$A$200,0))),"") | K238: =IF(I238="","",IF(OR(H238="",J238=""),I238,(H238+4*I238+J238)/6)) | L238: =IFERROR(IF(INDEX('Test catalog'!$J$2:$J$200,MATCH($Y238,'Test catalog'!$A$2:$A$200,0))="","",INDEX('Test catalog'!$J$2:$J$200,MATCH($Y238,'Test catalog'!$A$2:$A$200,0))),"") | M238: =IFERROR(IF(INDEX('Test catalog'!$K$2:$K$200,MATCH($Y238,'Test catalog'!$A$2:$A$200,0))="","",INDEX('Test catalog'!$K$2:$K$200,MATCH($Y238,'Test catalog'!$A$2:$A$200,0))),"") | N238: =IFERROR(IF(INDEX('Test catalog'!$L$2:$L$200,MATCH($Y238,'Test catalog'!$A$2:$A$200,0))="","",INDEX('Test catalog'!$L$2:$L$200,MATCH($Y238,'Test catalog'!$A$2:$A$200,0))),"") | O238: =IFERROR(IF(INDEX('Test catalog'!$M$2:$M$200,MATCH($Y238,'Test catalog'!$A$2:$A$200,0))="","",INDEX('Test catalog'!$M$2:$M$200,MATCH($Y238,'Test catalog'!$A$2:$A$200,0))),"") | P238: =IFERROR(IF(INDEX('Test catalog'!$N$2:$N$200,MATCH($Y238,'Test catalog'!$A$2:$A$200,0))="","",INDEX('Test catalog'!$N$2:$N$200,MATCH($Y238,'Test catalog'!$A$2:$A$200,0))),"") | Q238: =IFERROR(IF(INDEX('Test catalog'!$O$2:$O$200,MATCH($Y238,'Test catalog'!$A$2:$A$200,0))="","",INDEX('Test catalog'!$O$2:$O$200,MATCH($Y238,'Test catalog'!$A$2:$A$200,0))),"") | R238: =IFERROR(IF(INDEX('Test catalog'!$P$2:$P$200,MATCH($Y238,'Test catalog'!$A$2:$A$200,0))="","",INDEX('Test catalog'!$P$2:$P$200,MATCH($Y238,'Test catalog'!$A$2:$A$200,0))),"") | U238: =IFERROR(IF(INDEX('Test catalog'!$Q$2:$Q$200,MATCH($Y238,'Test catalog'!$A$2:$A$200,0))="","",INDEX('Test catalog'!$Q$2:$Q$200,MATCH($Y238,'Test catalog'!$A$2:$A$200,0))),"") | Y238: ENUM | Z238: No micro test in USP-NF - set Y if your specification has one
A239: Glyceryl Behenate (Compritol 888 ATO) | B239: RM | C239: Release / Matrix Polymer | D239: Microbial enumeration - TAMC + TYMC (<61> / <2021>) | E239: N | G239: =IFERROR(IF(INDEX('Test catalog'!$F$2:$F$200,MATCH($Y239,'Test catalog'!$A$2:$A$200,0))="","",INDEX('Test catalog'!$F$2:$F$200,MATCH($Y239,'Test catalog'!$A$2:$A$200,0))),"") | H239: =IFERROR(IF(INDEX('Test catalog'!$G$2:$G$200,MATCH($Y239,'Test catalog'!$A$2:$A$200,0))="","",INDEX('Test catalog'!$G$2:$G$200,MATCH($Y239,'Test catalog'!$A$2:$A$200,0))),"") | I239: =IFERROR(IF(INDEX('Test catalog'!$H$2:$H$200,MATCH($Y239,'Test catalog'!$A$2:$A$200,0))="","",INDEX('Test catalog'!$H$2:$H$200,MATCH($Y239,'Test catalog'!$A$2:$A$200,0))),"") | J239: =IFERROR(IF(INDEX('Test catalog'!$I$2:$I$200,MATCH($Y239,'Test catalog'!$A$2:$A$200,0))="","",INDEX('Test catalog'!$I$2:$I$200,MATCH($Y239,'Test catalog'!$A$2:$A$200,0))),"") | K239: =IF(I239="","",IF(OR(H239="",J239=""),I239,(H239+4*I239+J239)/6)) | L239: =IFERROR(IF(INDEX('Test catalog'!$J$2:$J$200,MATCH($Y239,'Test catalog'!$A$2:$A$200,0))="","",INDEX('Test catalog'!$J$2:$J$200,MATCH($Y239,'Test catalog'!$A$2:$A$200,0))),"") | M239: =IFERROR(IF(INDEX('Test catalog'!$K$2:$K$200,MATCH($Y239,'Test catalog'!$A$2:$A$200,0))="","",INDEX('Test catalog'!$K$2:$K$200,MATCH($Y239,'Test catalog'!$A$2:$A$200,0))),"") | N239: =IFERROR(IF(INDEX('Test catalog'!$L$2:$L$200,MATCH($Y239,'Test catalog'!$A$2:$A$200,0))="","",INDEX('Test catalog'!$L$2:$L$200,MATCH($Y239,'Test catalog'!$A$2:$A$200,0))),"") | O239: =IFERROR(IF(INDEX('Test catalog'!$M$2:$M$200,MATCH($Y239,'Test catalog'!$A$2:$A$200,0))="","",INDEX('Test catalog'!$M$2:$M$200,MATCH($Y239,'Test catalog'!$A$2:$A$200,0))),"") | P239: =IFERROR(IF(INDEX('Test catalog'!$N$2:$N$200,MATCH($Y239,'Test catalog'!$A$2:$A$200,0))="","",INDEX('Test catalog'!$N$2:$N$200,MATCH($Y239,'Test catalog'!$A$2:$A$200,0))),"") | Q239: =IFERROR(IF(INDEX('Test catalog'!$O$2:$O$200,MATCH($Y239,'Test catalog'!$A$2:$A$200,0))="","",INDEX('Test catalog'!$O$2:$O$200,MATCH($Y239,'Test catalog'!$A$2:$A$200,0))),"") | R239: =IFERROR(IF(INDEX('Test catalog'!$P$2:$P$200,MATCH($Y239,'Test catalog'!$A$2:$A$200,0))="","",INDEX('Test catalog'!$P$2:$P$200,MATCH($Y239,'Test catalog'!$A$2:$A$200,0))),"") | U239: =IFERROR(IF(INDEX('Test catalog'!$Q$2:$Q$200,MATCH($Y239,'Test catalog'!$A$2:$A$200,0))="","",INDEX('Test catalog'!$Q$2:$Q$200,MATCH($Y239,'Test catalog'!$A$2:$A$200,0))),"") | Y239: ENUM | Z239: No micro test in USP-NF - set Y if your specification has one
A240: HPMC K100M (100,000 cps CR) | B240: RM | C240: Release / Matrix Polymer | D240: Microbial enumeration - TAMC + TYMC (<61> / <2021>) | E240: N | G240: =IFERROR(IF(INDEX('Test catalog'!$F$2:$F$200,MATCH($Y240,'Test catalog'!$A$2:$A$200,0))="","",INDEX('Test catalog'!$F$2:$F$200,MATCH($Y240,'Test catalog'!$A$2:$A$200,0))),"") | H240: =IFERROR(IF(INDEX('Test catalog'!$G$2:$G$200,MATCH($Y240,'Test catalog'!$A$2:$A$200,0))="","",INDEX('Test catalog'!$G$2:$G$200,MATCH($Y240,'Test catalog'!$A$2:$A$200,0))),"") | I240: =IFERROR(IF(INDEX('Test catalog'!$H$2:$H$200,MATCH($Y240,'Test catalog'!$A$2:$A$200,0))="","",INDEX('Test catalog'!$H$2:$H$200,MATCH($Y240,'Test catalog'!$A$2:$A$200,0))),"") | J240: =IFERROR(IF(INDEX('Test catalog'!$I$2:$I$200,MATCH($Y240,'Test catalog'!$A$2:$A$200,0))="","",INDEX('Test catalog'!$I$2:$I$200,MATCH($Y240,'Test catalog'!$A$2:$A$200,0))),"") | K240: =IF(I240="","",IF(OR(H240="",J240=""),I240,(H240+4*I240+J240)/6)) | L240: =IFERROR(IF(INDEX('Test catalog'!$J$2:$J$200,MATCH($Y240,'Test catalog'!$A$2:$A$200,0))="","",INDEX('Test catalog'!$J$2:$J$200,MATCH($Y240,'Test catalog'!$A$2:$A$200,0))),"") | M240: =IFERROR(IF(INDEX('Test catalog'!$K$2:$K$200,MATCH($Y240,'Test catalog'!$A$2:$A$200,0))="","",INDEX('Test catalog'!$K$2:$K$200,MATCH($Y240,'Test catalog'!$A$2:$A$200,0))),"") | N240: =IFERROR(IF(INDEX('Test catalog'!$L$2:$L$200,MATCH($Y240,'Test catalog'!$A$2:$A$200,0))="","",INDEX('Test catalog'!$L$2:$L$200,MATCH($Y240,'Test catalog'!$A$2:$A$200,0))),"") | O240: =IFERROR(IF(INDEX('Test catalog'!$M$2:$M$200,MATCH($Y240,'Test catalog'!$A$2:$A$200,0))="","",INDEX('Test catalog'!$M$2:$M$200,MATCH($Y240,'Test catalog'!$A$2:$A$200,0))),"") | P240: =IFERROR(IF(INDEX('Test catalog'!$N$2:$N$200,MATCH($Y240,'Test catalog'!$A$2:$A$200,0))="","",INDEX('Test catalog'!$N$2:$N$200,MATCH($Y240,'Test catalog'!$A$2:$A$200,0))),"") | Q240: =IFERROR(IF(INDEX('Test catalog'!$O$2:$O$200,MATCH($Y240,'Test catalog'!$A$2:$A$200,0))="","",INDEX('Test catalog'!$O$2:$O$200,MATCH($Y240,'Test catalog'!$A$2:$A$200,0))),"") | R240: =IFERROR(IF(INDEX('Test catalog'!$P$2:$P$200,MATCH($Y240,'Test catalog'!$A$2:$A$200,0))="","",INDEX('Test catalog'!$P$2:$P$200,MATCH($Y240,'Test catalog'!$A$2:$A$200,0))),"") | U240: =IFERROR(IF(INDEX('Test catalog'!$Q$2:$Q$200,MATCH($Y240,'Test catalog'!$A$2:$A$200,0))="","",INDEX('Test catalog'!$Q$2:$Q$200,MATCH($Y240,'Test catalog'!$A$2:$A$200,0))),"") | Y240: ENUM | Z240: No micro test in USP-NF - set Y if your specification has one
... A249: Water | B249: RM | C249: Solvent | D249: Microbial enumeration - TAMC + TYMC (<61> / <2021>) | E249: N | G249: =IFERROR(IF(INDEX('Test catalog'!$F$2:$F$200,MATCH($Y249,'Test catalog'!$A$2:$A$200,0))="","",INDEX('Test catalog'!$F$2:$F$200,MATCH($Y249,'Test catalog'!$A$2:$A$200,0))),"") | H249: =IFERROR(IF(INDEX('Test catalog'!$G$2:$G$200,MATCH($Y249,'Test catalog'!$A$2:$A$200,0))="","",INDEX('Test catalog'!$G$2:$G$200,MATCH($Y249,'Test catalog'!$A$2:$A$200,0))),"") | I249: =IFERROR(IF(INDEX('Test catalog'!$H$2:$H$200,MATCH($Y249,'Test catalog'!$A$2:$A$200,0))="","",INDEX('Test catalog'!$H$2:$H$200,MATCH($Y249,'Test catalog'!$A$2:$A$200,0))),"") | J249: =IFERROR(IF(INDEX('Test catalog'!$I$2:$I$200,MATCH($Y249,'Test catalog'!$A$2:$A$200,0))="","",INDEX('Test catalog'!$I$2:$I$200,MATCH($Y249,'Test catalog'!$A$2:$A$200,0))),"") | K249: =IF(I249="","",IF(OR(H249="",J249=""),I249,(H249+4*I249+J249)/6)) | L249: =IFERROR(IF(INDEX('Test catalog'!$J$2:$J$200,MATCH($Y249,'Test catalog'!$A$2:$A$200,0))="","",INDEX('Test catalog'!$J$2:$J$200,MATCH($Y249,'Test catalog'!$A$2:$A$200,0))),"") | M249: =IFERROR(IF(INDEX('Test catalog'!$K$2:$K$200,MATCH($Y249,'Test catalog'!$A$2:$A$200,0))="","",INDEX('Test catalog'!$K$2:$K$200,MATCH($Y249,'Test catalog'!$A$2:$A$200,0))),"") | N249: =IFERROR(IF(INDEX('Test catalog'!$L$2:$L$200,MATCH($Y249,'Test catalog'!$A$2:$A$200,0))="","",INDEX('Test catalog'!$L$2:$L$200,MATCH($Y249,'Test catalog'!$A$2:$A$200,0))),"") | O249: =IFERROR(IF(INDEX('Test catalog'!$M$2:$M$200,MATCH($Y249,'Test catalog'!$A$2:$A$200,0))="","",INDEX('Test catalog'!$M$2:$M$200,MATCH($Y249,'Test catalog'!$A$2:$A$200,0))),"") | P249: =IFERROR(IF(INDEX('Test catalog'!$N$2:$N$200,MATCH($Y249,'Test catalog'!$A$2:$A$200,0))="","",INDEX('Test catalog'!$N$2:$N$200,MATCH($Y249,'Test catalog'!$A$2:$A$200,0))),"") | Q249: =IFERROR(IF(INDEX('Test catalog'!$O$2:$O$200,MATCH($Y249,'Test catalog'!$A$2:$A$200,0))="","",INDEX('Test catalog'!$O$2:$O$200,MATCH($Y249,'Test catalog'!$A$2:$A$200,0))),"") | R249: =IFERROR(IF(INDEX('Test catalog'!$P$2:$P$200,MATCH($Y249,'Test catalog'!$A$2:$A$200,0))="","",INDEX('Test catalog'!$P$2:$P$200,MATCH($Y249,'Test catalog'!$A$2:$A$200,0))),"") | U249: =IFERROR(IF(INDEX('Test catalog'!$Q$2:$Q$200,MATCH($Y249,'Test catalog'!$A$2:$A$200,0))="","",INDEX('Test catalog'!$Q$2:$Q$200,MATCH($Y249,'Test catalog'!$A$2:$A$200,0))),"") | Y249: ENUM | Z249: No micro test in USP-NF - set Y if your specification has one
A250: Water for Injection (WFI) | B250: RM | C250: Solvent | D250: Bacterial endotoxins (<85>) | E250: N | G250: =IFERROR(IF(INDEX('Test catalog'!$F$2:$F$200,MATCH($Y250,'Test catalog'!$A$2:$A$200,0))="","",INDEX('Test catalog'!$F$2:$F$200,MATCH($Y250,'Test catalog'!$A$2:$A$200,0))),"") | H250: =IFERROR(IF(INDEX('Test catalog'!$G$2:$G$200,MATCH($Y250,'Test catalog'!$A$2:$A$200,0))="","",INDEX('Test catalog'!$G$2:$G$200,MATCH($Y250,'Test catalog'!$A$2:$A$200,0))),"") | I250: =IFERROR(IF(INDEX('Test catalog'!$H$2:$H$200,MATCH($Y250,'Test catalog'!$A$2:$A$200,0))="","",INDEX('Test catalog'!$H$2:$H$200,MATCH($Y250,'Test catalog'!$A$2:$A$200,0))),"") | J250: =IFERROR(IF(INDEX('Test catalog'!$I$2:$I$200,MATCH($Y250,'Test catalog'!$A$2:$A$200,0))="","",INDEX('Test catalog'!$I$2:$I$200,MATCH($Y250,'Test catalog'!$A$2:$A$200,0))),"") | K250: =IF(I250="","",IF(OR(H250="",J250=""),I250,(H250+4*I250+J250)/6)) | L250: =IFERROR(IF(INDEX('Test catalog'!$J$2:$J$200,MATCH($Y250,'Test catalog'!$A$2:$A$200,0))="","",INDEX('Test catalog'!$J$2:$J$200,MATCH($Y250,'Test catalog'!$A$2:$A$200,0))),"") | M250: =IFERROR(IF(INDEX('Test catalog'!$K$2:$K$200,MATCH($Y250,'Test catalog'!$A$2:$A$200,0))="","",INDEX('Test catalog'!$K$2:$K$200,MATCH($Y250,'Test catalog'!$A$2:$A$200,0))),"") | N250: =IFERROR(IF(INDEX('Test catalog'!$L$2:$L$200,MATCH($Y250,'Test catalog'!$A$2:$A$200,0))="","",INDEX('Test catalog'!$L$2:$L$200,MATCH($Y250,'Test catalog'!$A$2:$A$200,0))),"") | O250: =IFERROR(IF(INDEX('Test catalog'!$M$2:$M$200,MATCH($Y250,'Test catalog'!$A$2:$A$200,0))="","",INDEX('Test catalog'!$M$2:$M$200,MATCH($Y250,'Test catalog'!$A$2:$A$200,0))),"") | P250: =IFERROR(IF(INDEX('Test catalog'!$N$2:$N$200,MATCH($Y250,'Test catalog'!$A$2:$A$200,0))="","",INDEX('Test catalog'!$N$2:$N$200,MATCH($Y250,'Test catalog'!$A$2:$A$200,0))),"") | Q250: =IFERROR(IF(INDEX('Test catalog'!$O$2:$O$200,MATCH($Y250,'Test catalog'!$A$2:$A$200,0))="","",INDEX('Test catalog'!$O$2:$O$200,MATCH($Y250,'Test catalog'!$A$2:$A$200,0))),"") | R250: =IFERROR(IF(INDEX('Test catalog'!$P$2:$P$200,MATCH($Y250,'Test catalog'!$A$2:$A$200,0))="","",INDEX('Test catalog'!$P$2:$P$200,MATCH($Y250,'Test catalog'!$A$2:$A$200,0))),"") | U250: =IFERROR(IF(INDEX('Test catalog'!$Q$2:$Q$200,MATCH($Y250,'Test catalog'!$A$2:$A$200,0))="","",INDEX('Test catalog'!$Q$2:$Q$200,MATCH($Y250,'Test catalog'!$A$2:$A$200,0))),"") | X250: No sterile product on the product list - set Y if you run it | Y250: BET | Z250: USP-NF monograph <85>
A251: Polysorbate 80 | B251: RM | C251: Surfactant | D251: Microbial enumeration - TAMC + TYMC (<61> / <2021>) | E251: N | G251: =IFERROR(IF(INDEX('Test catalog'!$F$2:$F$200,MATCH($Y251,'Test catalog'!$A$2:$A$200,0))="","",INDEX('Test catalog'!$F$2:$F$200,MATCH($Y251,'Test catalog'!$A$2:$A$200,0))),"") | H251: =IFERROR(IF(INDEX('Test catalog'!$G$2:$G$200,MATCH($Y251,'Test catalog'!$A$2:$A$200,0))="","",INDEX('Test catalog'!$G$2:$G$200,MATCH($Y251,'Test catalog'!$A$2:$A$200,0))),"") | I251: =IFERROR(IF(INDEX('Test catalog'!$H$2:$H$200,MATCH($Y251,'Test catalog'!$A$2:$A$200,0))="","",INDEX('Test catalog'!$H$2:$H$200,MATCH($Y251,'Test catalog'!$A$2:$A$200,0))),"") | J251: =IFERROR(IF(INDEX('Test catalog'!$I$2:$I$200,MATCH($Y251,'Test catalog'!$A$2:$A$200,0))="","",INDEX('Test catalog'!$I$2:$I$200,MATCH($Y251,'Test catalog'!$A$2:$A$200,0))),"") | K251: =IF(I251="","",IF(OR(H251="",J251=""),I251,(H251+4*I251+J251)/6)) | L251: =IFERROR(IF(INDEX('Test catalog'!$J$2:$J$200,MATCH($Y251,'Test catalog'!$A$2:$A$200,0))="","",INDEX('Test catalog'!$J$2:$J$200,MATCH($Y251,'Test catalog'!$A$2:$A$200,0))),"") | M251: =IFERROR(IF(INDEX('Test catalog'!$K$2:$K$200,MATCH($Y251,'Test catalog'!$A$2:$A$200,0))="","",INDEX('Test catalog'!$K$2:$K$200,MATCH($Y251,'Test catalog'!$A$2:$A$200,0))),"") | N251: =IFERROR(IF(INDEX('Test catalog'!$L$2:$L$200,MATCH($Y251,'Test catalog'!$A$2:$A$200,0))="","",INDEX('Test catalog'!$L$2:$L$200,MATCH($Y251,'Test catalog'!$A$2:$A$200,0))),"") | O251: =IFERROR(IF(INDEX('Test catalog'!$M$2:$M$200,MATCH($Y251,'Test catalog'!$A$2:$A$200,0))="","",INDEX('Test catalog'!$M$2:$M$200,MATCH($Y251,'Test catalog'!$A$2:$A$200,0))),"") | P251: =IFERROR(IF(INDEX('Test catalog'!$N$2:$N$200,MATCH($Y251,'Test catalog'!$A$2:$A$200,0))="","",INDEX('Test catalog'!$N$2:$N$200,MATCH($Y251,'Test catalog'!$A$2:$A$200,0))),"") | Q251: =IFERROR(IF(INDEX('Test catalog'!$O$2:$O$200,MATCH($Y251,'Test catalog'!$A$2:$A$200,0))="","",INDEX('Test catalog'!$O$2:$O$200,MATCH($Y251,'Test catalog'!$A$2:$A$200,0))),"") | R251: =IFERROR(IF(INDEX('Test catalog'!$P$2:$P$200,MATCH($Y251,'Test catalog'!$A$2:$A$200,0))="","",INDEX('Test catalog'!$P$2:$P$200,MATCH($Y251,'Test catalog'!$A$2:$A$200,0))),"") | U251: =IFERROR(IF(INDEX('Test catalog'!$Q$2:$Q$200,MATCH($Y251,'Test catalog'!$A$2:$A$200,0))="","",INDEX('Test catalog'!$Q$2:$Q$200,MATCH($Y251,'Test catalog'!$A$2:$A$200,0))),"") | Y251: ENUM | Z251: No micro test in USP-NF - set Y if your specification has one
A252: Sodium Lauryl Sulfate | B252: RM | C252: Surfactant | D252: Microbial enumeration - TAMC + TYMC (<61> / <2021>) | E252: N | G252: =IFERROR(IF(INDEX('Test catalog'!$F$2:$F$200,MATCH($Y252,'Test catalog'!$A$2:$A$200,0))="","",INDEX('Test catalog'!$F$2:$F$200,MATCH($Y252,'Test catalog'!$A$2:$A$200,0))),"") | H252: =IFERROR(IF(INDEX('Test catalog'!$G$2:$G$200,MATCH($Y252,'Test catalog'!$A$2:$A$200,0))="","",INDEX('Test catalog'!$G$2:$G$200,MATCH($Y252,'Test catalog'!$A$2:$A$200,0))),"") | I252: =IFERROR(IF(INDEX('Test catalog'!$H$2:$H$200,MATCH($Y252,'Test catalog'!$A$2:$A$200,0))="","",INDEX('Test catalog'!$H$2:$H$200,MATCH($Y252,'Test catalog'!$A$2:$A$200,0))),"") | J252: =IFERROR(IF(INDEX('Test catalog'!$I$2:$I$200,MATCH($Y252,'Test catalog'!$A$2:$A$200,0))="","",INDEX('Test catalog'!$I$2:$I$200,MATCH($Y252,'Test catalog'!$A$2:$A$200,0))),"") | K252: =IF(I252="","",IF(OR(H252="",J252=""),I252,(H252+4*I252+J252)/6)) | L252: =IFERROR(IF(INDEX('Test catalog'!$J$2:$J$200,MATCH($Y252,'Test catalog'!$A$2:$A$200,0))="","",INDEX('Test catalog'!$J$2:$J$200,MATCH($Y252,'Test catalog'!$A$2:$A$200,0))),"") | M252: =IFERROR(IF(INDEX('Test catalog'!$K$2:$K$200,MATCH($Y252,'Test catalog'!$A$2:$A$200,0))="","",INDEX('Test catalog'!$K$2:$K$200,MATCH($Y252,'Test catalog'!$A$2:$A$200,0))),"") | N252: =IFERROR(IF(INDEX('Test catalog'!$L$2:$L$200,MATCH($Y252,'Test catalog'!$A$2:$A$200,0))="","",INDEX('Test catalog'!$L$2:$L$200,MATCH($Y252,'Test catalog'!$A$2:$A$200,0))),"") | O252: =IFERROR(IF(INDEX('Test catalog'!$M$2:$M$200,MATCH($Y252,'Test catalog'!$A$2:$A$200,0))="","",INDEX('Test catalog'!$M$2:$M$200,MATCH($Y252,'Test catalog'!$A$2:$A$200,0))),"") | P252: =IFERROR(IF(INDEX('Test catalog'!$N$2:$N$200,MATCH($Y252,'Test catalog'!$A$2:$A$200,0))="","",INDEX('Test catalog'!$N$2:$N$200,MATCH($Y252,'Test catalog'!$A$2:$A$200,0))),"") | Q252: =IFERROR(IF(INDEX('Test catalog'!$O$2:$O$200,MATCH($Y252,'Test catalog'!$A$2:$A$200,0))="","",INDEX('Test catalog'!$O$2:$O$200,MATCH($Y252,'Test catalog'!$A$2:$A$200,0))),"") | R252: =IFERROR(IF(INDEX('Test catalog'!$P$2:$P$200,MATCH($Y252,'Test catalog'!$A$2:$A$200,0))="","",INDEX('Test catalog'!$P$2:$P$200,MATCH($Y252,'Test catalog'!$A$2:$A$200,0))),"") | U252: =IFERROR(IF(INDEX('Test catalog'!$Q$2:$Q$200,MATCH($Y252,'Test catalog'!$A$2:$A$200,0))="","",INDEX('Test catalog'!$Q$2:$Q$200,MATCH($Y252,'Test catalog'!$A$2:$A$200,0))),"") | Y252: ENUM | Z252: No micro test in USP-NF - set Y if your specification has one
A253: Microcrystalline Cellulose RC591 | B253: RM | C253: Suspending Agent | D253: Microbial enumeration - TAMC + TYMC (<61> / <2021>) | E253: N | G253: =IFERROR(IF(INDEX('Test catalog'!$F$2:$F$200,MATCH($Y253,'Test catalog'!$A$2:$A$200,0))="","",INDEX('Test catalog'!$F$2:$F$200,MATCH($Y253,'Test catalog'!$A$2:$A$200,0))),"") | H253: =IFERROR(IF(INDEX('Test catalog'!$G$2:$G$200,MATCH($Y253,'Test catalog'!$A$2:$A$200,0))="","",INDEX('Test catalog'!$G$2:$G$200,MATCH($Y253,'Test catalog'!$A$2:$A$200,0))),"") | I253: =IFERROR(IF(INDEX('Test catalog'!$H$2:$H$200,MATCH($Y253,'Test catalog'!$A$2:$A$200,0))="","",INDEX('Test catalog'!$H$2:$H$200,MATCH($Y253,'Test catalog'!$A$2:$A$200,0))),"") | J253: =IFERROR(IF(INDEX('Test catalog'!$I$2:$I$200,MATCH($Y253,'Test catalog'!$A$2:$A$200,0))="","",INDEX('Test catalog'!$I$2:$I$200,MATCH($Y253,'Test catalog'!$A$2:$A$200,0))),"") | K253: =IF(I253="","",IF(OR(H253="",J253=""),I253,(H253+4*I253+J253)/6)) | L253: =IFERROR(IF(INDEX('Test catalog'!$J$2:$J$200,MATCH($Y253,'Test catalog'!$A$2:$A$200,0))="","",INDEX('Test catalog'!$J$2:$J$200,MATCH($Y253,'Test catalog'!$A$2:$A$200,0))),"") | M253: =IFERROR(IF(INDEX('Test catalog'!$K$2:$K$200,MATCH($Y253,'Test catalog'!$A$2:$A$200,0))="","",INDEX('Test catalog'!$K$2:$K$200,MATCH($Y253,'Test catalog'!$A$2:$A$200,0))),"") | N253: =IFERROR(IF(INDEX('Test catalog'!$L$2:$L$200,MATCH($Y253,'Test catalog'!$A$2:$A$200,0))="","",INDEX('Test catalog'!$L$2:$L$200,MATCH($Y253,'Test catalog'!$A$2:$A$200,0))),"") | O253: =IFERROR(IF(INDEX('Test catalog'!$M$2:$M$200,MATCH($Y253,'Test catalog'!$A$2:$A$200,0))="","",INDEX('Test catalog'!$M$2:$M$200,MATCH($Y253,'Test catalog'!$A$2:$A$200,0))),"") | P253: =IFERROR(IF(INDEX('Test catalog'!$N$2:$N$200,MATCH($Y253,'Test catalog'!$A$2:$A$200,0))="","",INDEX('Test catalog'!$N$2:$N$200,MATCH($Y253,'Test catalog'!$A$2:$A$200,0))),"") | Q253: =IFERROR(IF(INDEX('Test catalog'!$O$2:$O$200,MATCH($Y253,'Test catalog'!$A$2:$A$200,0))="","",INDEX('Test catalog'!$O$2:$O$200,MATCH($Y253,'Test catalog'!$A$2:$A$200,0))),"") | R253: =IFERROR(IF(INDEX('Test catalog'!$P$2:$P$200,MATCH($Y253,'Test catalog'!$A$2:$A$200,0))="","",INDEX('Test catalog'!$P$2:$P$200,MATCH($Y253,'Test catalog'!$A$2:$A$200,0))),"") | U253: =IFERROR(IF(INDEX('Test catalog'!$Q$2:$Q$200,MATCH($Y253,'Test catalog'!$A$2:$A$200,0))="","",INDEX('Test catalog'!$Q$2:$Q$200,MATCH($Y253,'Test catalog'!$A$2:$A$200,0))),"") | Y253: ENUM | Z253: No micro test in USP-NF - set Y if your specification has one
A254: Sodium Carboxymethyl Cellulose (Medium Viscosity) | B254: RM | C254: Suspending Agent | D254: Microbial enumeration - TAMC + TYMC (<61> / <2021>) | E254: N | G254: =IFERROR(IF(INDEX('Test catalog'!$F$2:$F$200,MATCH($Y254,'Test catalog'!$A$2:$A$200,0))="","",INDEX('Test catalog'!$F$2:$F$200,MATCH($Y254,'Test catalog'!$A$2:$A$200,0))),"") | H254: =IFERROR(IF(INDEX('Test catalog'!$G$2:$G$200,MATCH($Y254,'Test catalog'!$A$2:$A$200,0))="","",INDEX('Test catalog'!$G$2:$G$200,MATCH($Y254,'Test catalog'!$A$2:$A$200,0))),"") | I254: =IFERROR(IF(INDEX('Test catalog'!$H$2:$H$200,MATCH($Y254,'Test catalog'!$A$2:$A$200,0))="","",INDEX('Test catalog'!$H$2:$H$200,MATCH($Y254,'Test catalog'!$A$2:$A$200,0))),"") | J254: =IFERROR(IF(INDEX('Test catalog'!$I$2:$I$200,MATCH($Y254,'Test catalog'!$A$2:$A$200,0))="","",INDEX('Test catalog'!$I$2:$I$200,MATCH($Y254,'Test catalog'!$A$2:$A$200,0))),"") | K254: =IF(I254="","",IF(OR(H254="",J254=""),I254,(H254+4*I254+J254)/6)) | L254: =IFERROR(IF(INDEX('Test catalog'!$J$2:$J$200,MATCH($Y254,'Test catalog'!$A$2:$A$200,0))="","",INDEX('Test catalog'!$J$2:$J$200,MATCH($Y254,'Test catalog'!$A$2:$A$200,0))),"") | M254: =IFERROR(IF(INDEX('Test catalog'!$K$2:$K$200,MATCH($Y254,'Test catalog'!$A$2:$A$200,0))="","",INDEX('Test catalog'!$K$2:$K$200,MATCH($Y254,'Test catalog'!$A$2:$A$200,0))),"") | N254: =IFERROR(IF(INDEX('Test catalog'!$L$2:$L$200,MATCH($Y254,'Test catalog'!$A$2:$A$200,0))="","",INDEX('Test catalog'!$L$2:$L$200,MATCH($Y254,'Test catalog'!$A$2:$A$200,0))),"") | O254: =IFERROR(IF(INDEX('Test catalog'!$M$2:$M$200,MATCH($Y254,'Test catalog'!$A$2:$A$200,0))="","",INDEX('Test catalog'!$M$2:$M$200,MATCH($Y254,'Test catalog'!$A$2:$A$200,0))),"") | P254: =IFERROR(IF(INDEX('Test catalog'!$N$2:$N$200,MATCH($Y254,'Test catalog'!$A$2:$A$200,0))="","",INDEX('Test catalog'!$N$2:$N$200,MATCH($Y254,'Test catalog'!$A$2:$A$200,0))),"") | Q254: =IFERROR(IF(INDEX('Test catalog'!$O$2:$O$200,MATCH($Y254,'Test catalog'!$A$2:$A$200,0))="","",INDEX('Test catalog'!$O$2:$O$200,MATCH($Y254,'Test catalog'!$A$2:$A$200,0))),"") | R254: =IFERROR(IF(INDEX('Test catalog'!$P$2:$P$200,MATCH($Y254,'Test catalog'!$A$2:$A$200,0))="","",INDEX('Test catalog'!$P$2:$P$200,MATCH($Y254,'Test catalog'!$A$2:$A$200,0))),"") | U254: =IFERROR(IF(INDEX('Test catalog'!$Q$2:$Q$200,MATCH($Y254,'Test catalog'!$A$2:$A$200,0))="","",INDEX('Test catalog'!$Q$2:$Q$200,MATCH($Y254,'Test catalog'!$A$2:$A$200,0))),"") | Y254: ENUM | Z254: No micro test in USP-NF - set Y if your specification has one
A255: Neotame | B255: RM | C255: Sweetener | D255: Microbial enumeration - TAMC + TYMC (<61> / <2021>) | E255: N | G255: =IFERROR(IF(INDEX('Test catalog'!$F$2:$F$200,MATCH($Y255,'Test catalog'!$A$2:$A$200,0))="","",INDEX('Test catalog'!$F$2:$F$200,MATCH($Y255,'Test catalog'!$A$2:$A$200,0))),"") | H255: =IFERROR(IF(INDEX('Test catalog'!$G$2:$G$200,MATCH($Y255,'Test catalog'!$A$2:$A$200,0))="","",INDEX('Test catalog'!$G$2:$G$200,MATCH($Y255,'Test catalog'!$A$2:$A$200,0))),"") | I255: =IFERROR(IF(INDEX('Test catalog'!$H$2:$H$200,MATCH($Y255,'Test catalog'!$A$2:$A$200,0))="","",INDEX('Test catalog'!$H$2:$H$200,MATCH($Y255,'Test catalog'!$A$2:$A$200,0))),"") | J255: =IFERROR(IF(INDEX('Test catalog'!$I$2:$I$200,MATCH($Y255,'Test catalog'!$A$2:$A$200,0))="","",INDEX('Test catalog'!$I$2:$I$200,MATCH($Y255,'Test catalog'!$A$2:$A$200,0))),"") | K255: =IF(I255="","",IF(OR(H255="",J255=""),I255,(H255+4*I255+J255)/6)) | L255: =IFERROR(IF(INDEX('Test catalog'!$J$2:$J$200,MATCH($Y255,'Test catalog'!$A$2:$A$200,0))="","",INDEX('Test catalog'!$J$2:$J$200,MATCH($Y255,'Test catalog'!$A$2:$A$200,0))),"") | M255: =IFERROR(IF(INDEX('Test catalog'!$K$2:$K$200,MATCH($Y255,'Test catalog'!$A$2:$A$200,0))="","",INDEX('Test catalog'!$K$2:$K$200,MATCH($Y255,'Test catalog'!$A$2:$A$200,0))),"") | N255: =IFERROR(IF(INDEX('Test catalog'!$L$2:$L$200,MATCH($Y255,'Test catalog'!$A$2:$A$200,0))="","",INDEX('Test catalog'!$L$2:$L$200,MATCH($Y255,'Test catalog'!$A$2:$A$200,0))),"") | O255: =IFERROR(IF(INDEX('Test catalog'!$M$2:$M$200,MATCH($Y255,'Test catalog'!$A$2:$A$200,0))="","",INDEX('Test catalog'!$M$2:$M$200,MATCH($Y255,'Test catalog'!$A$2:$A$200,0))),"") | P255: =IFERROR(IF(INDEX('Test catalog'!$N$2:$N$200,MATCH($Y255,'Test catalog'!$A$2:$A$200,0))="","",INDEX('Test catalog'!$N$2:$N$200,MATCH($Y255,'Test catalog'!$A$2:$A$200,0))),"") | Q255: =IFERROR(IF(INDEX('Test catalog'!$O$2:$O$200,MATCH($Y255,'Test catalog'!$A$2:$A$200,0))="","",INDEX('Test catalog'!$O$2:$O$200,MATCH($Y255,'Test catalog'!$A$2:$A$200,0))),"") | R255: =IFERROR(IF(INDEX('Test catalog'!$P$2:$P$200,MATCH($Y255,'Test catalog'!$A$2:$A$200,0))="","",INDEX('Test catalog'!$P$2:$P$200,MATCH($Y255,'Test catalog'!$A$2:$A$200,0))),"") | U255: =IFERROR(IF(INDEX('Test catalog'!$Q$2:$Q$200,MATCH($Y255,'Test catalog'!$A$2:$A$200,0))="","",INDEX('Test catalog'!$Q$2:$Q$200,MATCH($Y255,'Test catalog'!$A$2:$A$200,0))),"") | Y255: ENUM | Z255: No micro test in USP-NF - set Y if your specification has one
A256: Sorbitol Solution 70% | B256: RM | C256: Sweetener | D256: Microbial enumeration - TAMC + TYMC (<61> / <2021>) | E256: N | G256: =IFERROR(IF(INDEX('Test catalog'!$F$2:$F$200,MATCH($Y256,'Test catalog'!$A$2:$A$200,0))="","",INDEX('Test catalog'!$F$2:$F$200,MATCH($Y256,'Test catalog'!$A$2:$A$200,0))),"") | H256: =IFERROR(IF(INDEX('Test catalog'!$G$2:$G$200,MATCH($Y256,'Test catalog'!$A$2:$A$200,0))="","",INDEX('Test catalog'!$G$2:$G$200,MATCH($Y256,'Test catalog'!$A$2:$A$200,0))),"") | I256: =IFERROR(IF(INDEX('Test catalog'!$H$2:$H$200,MATCH($Y256,'Test catalog'!$A$2:$A$200,0))="","",INDEX('Test catalog'!$H$2:$H$200,MATCH($Y256,'Test catalog'!$A$2:$A$200,0))),"") | J256: =IFERROR(IF(INDEX('Test catalog'!$I$2:$I$200,MATCH($Y256,'Test catalog'!$A$2:$A$200,0))="","",INDEX('Test catalog'!$I$2:$I$200,MATCH($Y256,'Test catalog'!$A$2:$A$200,0))),"") | K256: =IF(I256="","",IF(OR(H256="",J256=""),I256,(H256+4*I256+J256)/6)) | L256: =IFERROR(IF(INDEX('Test catalog'!$J$2:$J$200,MATCH($Y256,'Test catalog'!$A$2:$A$200,0))="","",INDEX('Test catalog'!$J$2:$J$200,MATCH($Y256,'Test catalog'!$A$2:$A$200,0))),"") | M256: =IFERROR(IF(INDEX('Test catalog'!$K$2:$K$200,MATCH($Y256,'Test catalog'!$A$2:$A$200,0))="","",INDEX('Test catalog'!$K$2:$K$200,MATCH($Y256,'Test catalog'!$A$2:$A$200,0))),"") | N256: =IFERROR(IF(INDEX('Test catalog'!$L$2:$L$200,MATCH($Y256,'Test catalog'!$A$2:$A$200,0))="","",INDEX('Test catalog'!$L$2:$L$200,MATCH($Y256,'Test catalog'!$A$2:$A$200,0))),"") | O256: =IFERROR(IF(INDEX('Test catalog'!$M$2:$M$200,MATCH($Y256,'Test catalog'!$A$2:$A$200,0))="","",INDEX('Test catalog'!$M$2:$M$200,MATCH($Y256,'Test catalog'!$A$2:$A$200,0))),"") | P256: =IFERROR(IF(INDEX('Test catalog'!$N$2:$N$200,MATCH($Y256,'Test catalog'!$A$2:$A$200,0))="","",INDEX('Test catalog'!$N$2:$N$200,MATCH($Y256,'Test catalog'!$A$2:$A$200,0))),"") | Q256: =IFERROR(IF(INDEX('Test catalog'!$O$2:$O$200,MATCH($Y256,'Test catalog'!$A$2:$A$200,0))="","",INDEX('Test catalog'!$O$2:$O$200,MATCH($Y256,'Test catalog'!$A$2:$A$200,0))),"") | R256: =IFERROR(IF(INDEX('Test catalog'!$P$2:$P$200,MATCH($Y256,'Test catalog'!$A$2:$A$200,0))="","",INDEX('Test catalog'!$P$2:$P$200,MATCH($Y256,'Test catalog'!$A$2:$A$200,0))),"") | U256: =IFERROR(IF(INDEX('Test catalog'!$Q$2:$Q$200,MATCH($Y256,'Test catalog'!$A$2:$A$200,0))="","",INDEX('Test catalog'!$Q$2:$Q$200,MATCH($Y256,'Test catalog'!$A$2:$A$200,0))),"") | Y256: ENUM | Z256: No micro test in USP-NF - set Y if your specification has one
A257: Sucralose | B257: RM | C257: Sweetener | D257: Microbial enumeration - TAMC + TYMC (<61> / <2021>) | E257: N | G257: =IFERROR(IF(INDEX('Test catalog'!$F$2:$F$200,MATCH($Y257,'Test catalog'!$A$2:$A$200,0))="","",INDEX('Test catalog'!$F$2:$F$200,MATCH($Y257,'Test catalog'!$A$2:$A$200,0))),"") | H257: =IFERROR(IF(INDEX('Test catalog'!$G$2:$G$200,MATCH($Y257,'Test catalog'!$A$2:$A$200,0))="","",INDEX('Test catalog'!$G$2:$G$200,MATCH($Y257,'Test catalog'!$A$2:$A$200,0))),"") | I257: =IFERROR(IF(INDEX('Test catalog'!$H$2:$H$200,MATCH($Y257,'Test catalog'!$A$2:$A$200,0))="","",INDEX('Test catalog'!$H$2:$H$200,MATCH($Y257,'Test catalog'!$A$2:$A$200,0))),"") | J257: =IFERROR(IF(INDEX('Test catalog'!$I$2:$I$200,MATCH($Y257,'Test catalog'!$A$2:$A$200,0))="","",INDEX('Test catalog'!$I$2:$I$200,MATCH($Y257,'Test catalog'!$A$2:$A$200,0))),"") | K257: =IF(I257="","",IF(OR(H257="",J257=""),I257,(H257+4*I257+J257)/6)) | L257: =IFERROR(IF(INDEX('Test catalog'!$J$2:$J$200,MATCH($Y257,'Test catalog'!$A$2:$A$200,0))="","",INDEX('Test catalog'!$J$2:$J$200,MATCH($Y257,'Test catalog'!$A$2:$A$200,0))),"") | M257: =IFERROR(IF(INDEX('Test catalog'!$K$2:$K$200,MATCH($Y257,'Test catalog'!$A$2:$A$200,0))="","",INDEX('Test catalog'!$K$2:$K$200,MATCH($Y257,'Test catalog'!$A$2:$A$200,0))),"") | N257: =IFERROR(IF(INDEX('Test catalog'!$L$2:$L$200,MATCH($Y257,'Test catalog'!$A$2:$A$200,0))="","",INDEX('Test catalog'!$L$2:$L$200,MATCH($Y257,'Test catalog'!$A$2:$A$200,0))),"") | O257: =IFERROR(IF(INDEX('Test catalog'!$M$2:$M$200,MATCH($Y257,'Test catalog'!$A$2:$A$200,0))="","",INDEX('Test catalog'!$M$2:$M$200,MATCH($Y257,'Test catalog'!$A$2:$A$200,0))),"") | P257: =IFERROR(IF(INDEX('Test catalog'!$N$2:$N$200,MATCH($Y257,'Test catalog'!$A$2:$A$200,0))="","",INDEX('Test catalog'!$N$2:$N$200,MATCH($Y257,'Test catalog'!$A$2:$A$200,0))),"") | Q257: =IFERROR(IF(INDEX('Test catalog'!$O$2:$O$200,MATCH($Y257,'Test catalog'!$A$2:$A$200,0))="","",INDEX('Test catalog'!$O$2:$O$200,MATCH($Y257,'Test catalog'!$A$2:$A$200,0))),"") | R257: =IFERROR(IF(INDEX('Test catalog'!$P$2:$P$200,MATCH($Y257,'Test catalog'!$A$2:$A$200,0))="","",INDEX('Test catalog'!$P$2:$P$200,MATCH($Y257,'Test catalog'!$A$2:$A$200,0))),"") | U257: =IFERROR(IF(INDEX('Test catalog'!$Q$2:$Q$200,MATCH($Y257,'Test catalog'!$A$2:$A$200,0))="","",INDEX('Test catalog'!$Q$2:$Q$200,MATCH($Y257,'Test catalog'!$A$2:$A$200,0))),"") | Y257: ENUM | Z257: No micro test in USP-NF - set Y if your specification has one
A258: Sorbitol | B258: RM | C258: Sweetener / Filler | D258: Microbial enumeration - TAMC + TYMC (<61> / <2021>) | E258: Y | G258: =IFERROR(IF(INDEX('Test catalog'!$F$2:$F$200,MATCH($Y258,'Test catalog'!$A$2:$A$200,0))="","",INDEX('Test catalog'!$F$2:$F$200,MATCH($Y258,'Test catalog'!$A$2:$A$200,0))),"") | H258: =IFERROR(IF(INDEX('Test catalog'!$G$2:$G$200,MATCH($Y258,'Test catalog'!$A$2:$A$200,0))="","",INDEX('Test catalog'!$G$2:$G$200,MATCH($Y258,'Test catalog'!$A$2:$A$200,0))),"") | I258: =IFERROR(IF(INDEX('Test catalog'!$H$2:$H$200,MATCH($Y258,'Test catalog'!$A$2:$A$200,0))="","",INDEX('Test catalog'!$H$2:$H$200,MATCH($Y258,'Test catalog'!$A$2:$A$200,0))),"") | J258: =IFERROR(IF(INDEX('Test catalog'!$I$2:$I$200,MATCH($Y258,'Test catalog'!$A$2:$A$200,0))="","",INDEX('Test catalog'!$I$2:$I$200,MATCH($Y258,'Test catalog'!$A$2:$A$200,0))),"") | K258: =IF(I258="","",IF(OR(H258="",J258=""),I258,(H258+4*I258+J258)/6)) | L258: =IFERROR(IF(INDEX('Test catalog'!$J$2:$J$200,MATCH($Y258,'Test catalog'!$A$2:$A$200,0))="","",INDEX('Test catalog'!$J$2:$J$200,MATCH($Y258,'Test catalog'!$A$2:$A$200,0))),"") | M258: =IFERROR(IF(INDEX('Test catalog'!$K$2:$K$200,MATCH($Y258,'Test catalog'!$A$2:$A$200,0))="","",INDEX('Test catalog'!$K$2:$K$200,MATCH($Y258,'Test catalog'!$A$2:$A$200,0))),"") | N258: =IFERROR(IF(INDEX('Test catalog'!$L$2:$L$200,MATCH($Y258,'Test catalog'!$A$2:$A$200,0))="","",INDEX('Test catalog'!$L$2:$L$200,MATCH($Y258,'Test catalog'!$A$2:$A$200,0))),"") | O258: =IFERROR(IF(INDEX('Test catalog'!$M$2:$M$200,MATCH($Y258,'Test catalog'!$A$2:$A$200,0))="","",INDEX('Test catalog'!$M$2:$M$200,MATCH($Y258,'Test catalog'!$A$2:$A$200,0))),"") | P258: =IFERROR(IF(INDEX('Test catalog'!$N$2:$N$200,MATCH($Y258,'Test catalog'!$A$2:$A$200,0))="","",INDEX('Test catalog'!$N$2:$N$200,MATCH($Y258,'Test catalog'!$A$2:$A$200,0))),"") | Q258: =IFERROR(IF(INDEX('Test catalog'!$O$2:$O$200,MATCH($Y258,'Test catalog'!$A$2:$A$200,0))="","",INDEX('Test catalog'!$O$2:$O$200,MATCH($Y258,'Test catalog'!$A$2:$A$200,0))),"") | R258: =IFERROR(IF(INDEX('Test catalog'!$P$2:$P$200,MATCH($Y258,'Test catalog'!$A$2:$A$200,0))="","",INDEX('Test catalog'!$P$2:$P$200,MATCH($Y258,'Test catalog'!$A$2:$A$200,0))),"") | U258: =IFERROR(IF(INDEX('Test catalog'!$Q$2:$Q$200,MATCH($Y258,'Test catalog'!$A$2:$A$200,0))="","",INDEX('Test catalog'!$Q$2:$Q$200,MATCH($Y258,'Test catalog'!$A$2:$A$200,0))),"") | Y258: ENUM | Z258: USP-NF monograph <61>, <62>
A259: Sorbitol | B259: RM | C259: Sweetener / Filler | D259: Bacterial endotoxins (<85>) | E259: N | G259: =IFERROR(IF(INDEX('Test catalog'!$F$2:$F$200,MATCH($Y259,'Test catalog'!$A$2:$A$200,0))="","",INDEX('Test catalog'!$F$2:$F$200,MATCH($Y259,'Test catalog'!$A$2:$A$200,0))),"") | H259: =IFERROR(IF(INDEX('Test catalog'!$G$2:$G$200,MATCH($Y259,'Test catalog'!$A$2:$A$200,0))="","",INDEX('Test catalog'!$G$2:$G$200,MATCH($Y259,'Test catalog'!$A$2:$A$200,0))),"") | I259: =IFERROR(IF(INDEX('Test catalog'!$H$2:$H$200,MATCH($Y259,'Test catalog'!$A$2:$A$200,0))="","",INDEX('Test catalog'!$H$2:$H$200,MATCH($Y259,'Test catalog'!$A$2:$A$200,0))),"") | J259: =IFERROR(IF(INDEX('Test catalog'!$I$2:$I$200,MATCH($Y259,'Test catalog'!$A$2:$A$200,0))="","",INDEX('Test catalog'!$I$2:$I$200,MATCH($Y259,'Test catalog'!$A$2:$A$200,0))),"") | K259: =IF(I259="","",IF(OR(H259="",J259=""),I259,(H259+4*I259+J259)/6)) | L259: =IFERROR(IF(INDEX('Test catalog'!$J$2:$J$200,MATCH($Y259,'Test catalog'!$A$2:$A$200,0))="","",INDEX('Test catalog'!$J$2:$J$200,MATCH($Y259,'Test catalog'!$A$2:$A$200,0))),"") | M259: =IFERROR(IF(INDEX('Test catalog'!$K$2:$K$200,MATCH($Y259,'Test catalog'!$A$2:$A$200,0))="","",INDEX('Test catalog'!$K$2:$K$200,MATCH($Y259,'Test catalog'!$A$2:$A$200,0))),"") | N259: =IFERROR(IF(INDEX('Test catalog'!$L$2:$L$200,MATCH($Y259,'Test catalog'!$A$2:$A$200,0))="","",INDEX('Test catalog'!$L$2:$L$200,MATCH($Y259,'Test catalog'!$A$2:$A$200,0))),"") | O259: =IFERROR(IF(INDEX('Test catalog'!$M$2:$M$200,MATCH($Y259,'Test catalog'!$A$2:$A$200,0))="","",INDEX('Test catalog'!$M$2:$M$200,MATCH($Y259,'Test catalog'!$A$2:$A$200,0))),"") | P259: =IFERROR(IF(INDEX('Test catalog'!$N$2:$N$200,MATCH($Y259,'Test catalog'!$A$2:$A$200,0))="","",INDEX('Test catalog'!$N$2:$N$200,MATCH($Y259,'Test catalog'!$A$2:$A$200,0))),"") | Q259: =IFERROR(IF(INDEX('Test catalog'!$O$2:$O$200,MATCH($Y259,'Test catalog'!$A$2:$A$200,0))="","",INDEX('Test catalog'!$O$2:$O$200,MATCH($Y259,'Test catalog'!$A$2:$A$200,0))),"") | R259: =IFERROR(IF(INDEX('Test catalog'!$P$2:$P$200,MATCH($Y259,'Test catalog'!$A$2:$A$200,0))="","",INDEX('Test catalog'!$P$2:$P$200,MATCH($Y259,'Test catalog'!$A$2:$A$200,0))),"") | U259: =IFERROR(IF(INDEX('Test catalog'!$Q$2:$Q$200,MATCH($Y259,'Test catalog'!$A$2:$A$200,0))="","",INDEX('Test catalog'!$Q$2:$Q$200,MATCH($Y259,'Test catalog'!$A$2:$A$200,0))),"") | X259: Only for some grades/labels (sterile / parenteral) | Y259: BET | Z259: USP-NF monograph <85>
A260: Sucrose | B260: RM | C260: Sweetener / Filler | D260: Bacterial endotoxins (<85>) | E260: N | G260: =IFERROR(IF(INDEX('Test catalog'!$F$2:$F$200,MATCH($Y260,'Test catalog'!$A$2:$A$200,0))="","",INDEX('Test catalog'!$F$2:$F$200,MATCH($Y260,'Test catalog'!$A$2:$A$200,0))),"") | H260: =IFERROR(IF(INDEX('Test catalog'!$G$2:$G$200,MATCH($Y260,'Test catalog'!$A$2:$A$200,0))="","",INDEX('Test catalog'!$G$2:$G$200,MATCH($Y260,'Test catalog'!$A$2:$A$200,0))),"") | I260: =IFERROR(IF(INDEX('Test catalog'!$H$2:$H$200,MATCH($Y260,'Test catalog'!$A$2:$A$200,0))="","",INDEX('Test catalog'!$H$2:$H$200,MATCH($Y260,'Test catalog'!$A$2:$A$200,0))),"") | J260: =IFERROR(IF(INDEX('Test catalog'!$I$2:$I$200,MATCH($Y260,'Test catalog'!$A$2:$A$200,0))="","",INDEX('Test catalog'!$I$2:$I$200,MATCH($Y260,'Test catalog'!$A$2:$A$200,0))),"") | K260: =IF(I260="","",IF(OR(H260="",J260=""),I260,(H260+4*I260+J260)/6)) | L260: =IFERROR(IF(INDEX('Test catalog'!$J$2:$J$200,MATCH($Y260,'Test catalog'!$A$2:$A$200,0))="","",INDEX('Test catalog'!$J$2:$J$200,MATCH($Y260,'Test catalog'!$A$2:$A$200,0))),"") | M260: =IFERROR(IF(INDEX('Test catalog'!$K$2:$K$200,MATCH($Y260,'Test catalog'!$A$2:$A$200,0))="","",INDEX('Test catalog'!$K$2:$K$200,MATCH($Y260,'Test catalog'!$A$2:$A$200,0))),"") | N260: =IFERROR(IF(INDEX('Test catalog'!$L$2:$L$200,MATCH($Y260,'Test catalog'!$A$2:$A$200,0))="","",INDEX('Test catalog'!$L$2:$L$200,MATCH($Y260,'Test catalog'!$A$2:$A$200,0))),"") | O260: =IFERROR(IF(INDEX('Test catalog'!$M$2:$M$200,MATCH($Y260,'Test catalog'!$A$2:$A$200,0))="","",INDEX('Test catalog'!$M$2:$M$200,MATCH($Y260,'Test catalog'!$A$2:$A$200,0))),"") | P260: =IFERROR(IF(INDEX('Test catalog'!$N$2:$N$200,MATCH($Y260,'Test catalog'!$A$2:$A$200,0))="","",INDEX('Test catalog'!$N$2:$N$200,MATCH($Y260,'Test catalog'!$A$2:$A$200,0))),"") | Q260: =IFERROR(IF(INDEX('Test catalog'!$O$2:$O$200,MATCH($Y260,'Test catalog'!$A$2:$A$200,0))="","",INDEX('Test catalog'!$O$2:$O$200,MATCH($Y260,'Test catalog'!$A$2:$A$200,0))),"") | R260: =IFERROR(IF(INDEX('Test catalog'!$P$2:$P$200,MATCH($Y260,'Test catalog'!$A$2:$A$200,0))="","",INDEX('Test catalog'!$P$2:$P$200,MATCH($Y260,'Test catalog'!$A$2:$A$200,0))),"") | U260: =IFERROR(IF(INDEX('Test catalog'!$Q$2:$Q$200,MATCH($Y260,'Test catalog'!$A$2:$A$200,0))="","",INDEX('Test catalog'!$Q$2:$Q$200,MATCH($Y260,'Test catalog'!$A$2:$A$200,0))),"") | X260: Only for some grades/labels (sterile / parenteral) | Y260: BET | Z260: USP-NF monograph <85>
A261: Citric Acid | B261: RM | C261: pH Modifier / Buffer | D261: Bacterial endotoxins (<85>) | E261: N | G261: =IFERROR(IF(INDEX('Test catalog'!$F$2:$F$200,MATCH($Y261,'Test catalog'!$A$2:$A$200,0))="","",INDEX('Test catalog'!$F$2:$F$200,MATCH($Y261,'Test catalog'!$A$2:$A$200,0))),"") | H261: =IFERROR(IF(INDEX('Test catalog'!$G$2:$G$200,MATCH($Y261,'Test catalog'!$A$2:$A$200,0))="","",INDEX('Test catalog'!$G$2:$G$200,MATCH($Y261,'Test catalog'!$A$2:$A$200,0))),"") | I261: =IFERROR(IF(INDEX('Test catalog'!$H$2:$H$200,MATCH($Y261,'Test catalog'!$A$2:$A$200,0))="","",INDEX('Test catalog'!$H$2:$H$200,MATCH($Y261,'Test catalog'!$A$2:$A$200,0))),"") | J261: =IFERROR(IF(INDEX('Test catalog'!$I$2:$I$200,MATCH($Y261,'Test catalog'!$A$2:$A$200,0))="","",INDEX('Test catalog'!$I$2:$I$200,MATCH($Y261,'Test catalog'!$A$2:$A$200,0))),"") | K261: =IF(I261="","",IF(OR(H261="",J261=""),I261,(H261+4*I261+J261)/6)) | L261: =IFERROR(IF(INDEX('Test catalog'!$J$2:$J$200,MATCH($Y261,'Test catalog'!$A$2:$A$200,0))="","",INDEX('Test catalog'!$J$2:$J$200,MATCH($Y261,'Test catalog'!$A$2:$A$200,0))),"") | M261: =IFERROR(IF(INDEX('Test catalog'!$K$2:$K$200,MATCH($Y261,'Test catalog'!$A$2:$A$200,0))="","",INDEX('Test catalog'!$K$2:$K$200,MATCH($Y261,'Test catalog'!$A$2:$A$200,0))),"") | N261: =IFERROR(IF(INDEX('Test catalog'!$L$2:$L$200,MATCH($Y261,'Test catalog'!$A$2:$A$200,0))="","",INDEX('Test catalog'!$L$2:$L$200,MATCH($Y261,'Test catalog'!$A$2:$A$200,0))),"") | O261: =IFERROR(IF(INDEX('Test catalog'!$M$2:$M$200,MATCH($Y261,'Test catalog'!$A$2:$A$200,0))="","",INDEX('Test catalog'!$M$2:$M$200,MATCH($Y261,'Test catalog'!$A$2:$A$200,0))),"") | P261: =IFERROR(IF(INDEX('Test catalog'!$N$2:$N$200,MATCH($Y261,'Test catalog'!$A$2:$A$200,0))="","",INDEX('Test catalog'!$N$2:$N$200,MATCH($Y261,'Test catalog'!$A$2:$A$200,0))),"") | Q261: =IFERROR(IF(INDEX('Test catalog'!$O$2:$O$200,MATCH($Y261,'Test catalog'!$A$2:$A$200,0))="","",INDEX('Test catalog'!$O$2:$O$200,MATCH($Y261,'Test catalog'!$A$2:$A$200,0))),"") | R261: =IFERROR(IF(INDEX('Test catalog'!$P$2:$P$200,MATCH($Y261,'Test catalog'!$A$2:$A$200,0))="","",INDEX('Test catalog'!$P$2:$P$200,MATCH($Y261,'Test catalog'!$A$2:$A$200,0))),"") | U261: =IFERROR(IF(INDEX('Test catalog'!$Q$2:$Q$200,MATCH($Y261,'Test catalog'!$A$2:$A$200,0))="","",INDEX('Test catalog'!$Q$2:$Q$200,MATCH($Y261,'Test catalog'!$A$2:$A$200,0))),"") | X261: Only for some grades/labels (sterile / parenteral) | Y261: BET | Z261: USP-NF monograph <85>
A262: Citric Acid | B262: RM | C262: pH Modifier / Buffer | D262: Sterility (<71>) | E262: N | G262: =IFERROR(IF(INDEX('Test catalog'!$F$2:$F$200,MATCH($Y262,'Test catalog'!$A$2:$A$200,0))="","",INDEX('Test catalog'!$F$2:$F$200,MATCH($Y262,'Test catalog'!$A$2:$A$200,0))),"") | H262: =IFERROR(IF(INDEX('Test catalog'!$G$2:$G$200,MATCH($Y262,'Test catalog'!$A$2:$A$200,0))="","",INDEX('Test catalog'!$G$2:$G$200,MATCH($Y262,'Test catalog'!$A$2:$A$200,0))),"") | I262: =IFERROR(IF(INDEX('Test catalog'!$H$2:$H$200,MATCH($Y262,'Test catalog'!$A$2:$A$200,0))="","",INDEX('Test catalog'!$H$2:$H$200,MATCH($Y262,'Test catalog'!$A$2:$A$200,0))),"") | J262: =IFERROR(IF(INDEX('Test catalog'!$I$2:$I$200,MATCH($Y262,'Test catalog'!$A$2:$A$200,0))="","",INDEX('Test catalog'!$I$2:$I$200,MATCH($Y262,'Test catalog'!$A$2:$A$200,0))),"") | K262: =IF(I262="","",IF(OR(H262="",J262=""),I262,(H262+4*I262+J262)/6)) | L262: =IFERROR(IF(INDEX('Test catalog'!$J$2:$J$200,MATCH($Y262,'Test catalog'!$A$2:$A$200,0))="","",INDEX('Test catalog'!$J$2:$J$200,MATCH($Y262,'Test catalog'!$A$2:$A$200,0))),"") | M262: =IFERROR(IF(INDEX('Test catalog'!$K$2:$K$200,MATCH($Y262,'Test catalog'!$A$2:$A$200,0))="","",INDEX('Test catalog'!$K$2:$K$200,MATCH($Y262,'Test catalog'!$A$2:$A$200,0))),"") | N262: =IFERROR(IF(INDEX('Test catalog'!$L$2:$L$200,MATCH($Y262,'Test catalog'!$A$2:$A$200,0))="","",INDEX('Test catalog'!$L$2:$L$200,MATCH($Y262,'Test catalog'!$A$2:$A$200,0))),"") | O262: =IFERROR(IF(INDEX('Test catalog'!$M$2:$M$200,MATCH($Y262,'Test catalog'!$A$2:$A$200,0))="","",INDEX('Test catalog'!$M$2:$M$200,MATCH($Y262,'Test catalog'!$A$2:$A$200,0))),"") | P262: =IFERROR(IF(INDEX('Test catalog'!$N$2:$N$200,MATCH($Y262,'Test catalog'!$A$2:$A$200,0))="","",INDEX('Test catalog'!$N$2:$N$200,MATCH($Y262,'Test catalog'!$A$2:$A$200,0))),"") | Q262: =IFERROR(IF(INDEX('Test catalog'!$O$2:$O$200,MATCH($Y262,'Test catalog'!$A$2:$A$200,0))="","",INDEX('Test catalog'!$O$2:$O$200,MATCH($Y262,'Test catalog'!$A$2:$A$200,0))),"") | R262: =IFERROR(IF(INDEX('Test catalog'!$P$2:$P$200,MATCH($Y262,'Test catalog'!$A$2:$A$200,0))="","",INDEX('Test catalog'!$P$2:$P$200,MATCH($Y262,'Test catalog'!$A$2:$A$200,0))),"") | U262: =IFERROR(IF(INDEX('Test catalog'!$Q$2:$Q$200,MATCH($Y262,'Test catalog'!$A$2:$A$200,0))="","",INDEX('Test catalog'!$Q$2:$Q$200,MATCH($Y262,'Test catalog'!$A$2:$A$200,0))),"") | X262: Only for some grades/labels (sterile / parenteral) | Y262: STER | Z262: USP-NF monograph <71>
A263: Citric Acid Anhydrous | B263: RM | C263: pH Modifier / Buffer | D263: Bacterial endotoxins (<85>) | E263: N | G263: =IFERROR(IF(INDEX('Test catalog'!$F$2:$F$200,MATCH($Y263,'Test catalog'!$A$2:$A$200,0))="","",INDEX('Test catalog'!$F$2:$F$200,MATCH($Y263,'Test catalog'!$A$2:$A$200,0))),"") | H263: =IFERROR(IF(INDEX('Test catalog'!$G$2:$G$200,MATCH($Y263,'Test catalog'!$A$2:$A$200,0))="","",INDEX('Test catalog'!$G$2:$G$200,MATCH($Y263,'Test catalog'!$A$2:$A$200,0))),"") | I263: =IFERROR(IF(INDEX('Test catalog'!$H$2:$H$200,MATCH($Y263,'Test catalog'!$A$2:$A$200,0))="","",INDEX('Test catalog'!$H$2:$H$200,MATCH($Y263,'Test catalog'!$A$2:$A$200,0))),"") | J263: =IFERROR(IF(INDEX('Test catalog'!$I$2:$I$200,MATCH($Y263,'Test catalog'!$A$2:$A$200,0))="","",INDEX('Test catalog'!$I$2:$I$200,MATCH($Y263,'Test catalog'!$A$2:$A$200,0))),"") | K263: =IF(I263="","",IF(OR(H263="",J263=""),I263,(H263+4*I263+J263)/6)) | L263: =IFERROR(IF(INDEX('Test catalog'!$J$2:$J$200,MATCH($Y263,'Test catalog'!$A$2:$A$200,0))="","",INDEX('Test catalog'!$J$2:$J$200,MATCH($Y263,'Test catalog'!$A$2:$A$200,0))),"") | M263: =IFERROR(IF(INDEX('Test catalog'!$K$2:$K$200,MATCH($Y263,'Test catalog'!$A$2:$A$200,0))="","",INDEX('Test catalog'!$K$2:$K$200,MATCH($Y263,'Test catalog'!$A$2:$A$200,0))),"") | N263: =IFERROR(IF(INDEX('Test catalog'!$L$2:$L$200,MATCH($Y263,'Test catalog'!$A$2:$A$200,0))="","",INDEX('Test catalog'!$L$2:$L$200,MATCH($Y263,'Test catalog'!$A$2:$A$200,0))),"") | O263: =IFERROR(IF(INDEX('Test catalog'!$M$2:$M$200,MATCH($Y263,'Test catalog'!$A$2:$A$200,0))="","",INDEX('Test catalog'!$M$2:$M$200,MATCH($Y263,'Test catalog'!$A$2:$A$200,0))),"") | P263: =IFERROR(IF(INDEX('Test catalog'!$N$2:$N$200,MATCH($Y263,'Test catalog'!$A$2:$A$200,0))="","",INDEX('Test catalog'!$N$2:$N$200,MATCH($Y263,'Test catalog'!$A$2:$A$200,0))),"") | Q263: =IFERROR(IF(INDEX('Test catalog'!$O$2:$O$200,MATCH($Y263,'Test catalog'!$A$2:$A$200,0))="","",INDEX('Test catalog'!$O$2:$O$200,MATCH($Y263,'Test catalog'!$A$2:$A$200,0))),"") | R263: =IFERROR(IF(INDEX('Test catalog'!$P$2:$P$200,MATCH($Y263,'Test catalog'!$A$2:$A$200,0))="","",INDEX('Test catalog'!$P$2:$P$200,MATCH($Y263,'Test catalog'!$A$2:$A$200,0))),"") | U263: =IFERROR(IF(INDEX('Test catalog'!$Q$2:$Q$200,MATCH($Y263,'Test catalog'!$A$2:$A$200,0))="","",INDEX('Test catalog'!$Q$2:$Q$200,MATCH($Y263,'Test catalog'!$A$2:$A$200,0))),"") | X263: Only for some grades/labels (sterile / parenteral) | Y263: BET | Z263: USP-NF monograph <85>
A264: Citric Acid Anhydrous | B264: RM | C264: pH Modifier / Buffer | D264: Sterility (<71>) | E264: N | G264: =IFERROR(IF(INDEX('Test catalog'!$F$2:$F$200,MATCH($Y264,'Test catalog'!$A$2:$A$200,0))="","",INDEX('Test catalog'!$F$2:$F$200,MATCH($Y264,'Test catalog'!$A$2:$A$200,0))),"") | H264: =IFERROR(IF(INDEX('Test catalog'!$G$2:$G$200,MATCH($Y264,'Test catalog'!$A$2:$A$200,0))="","",INDEX('Test catalog'!$G$2:$G$200,MATCH($Y264,'Test catalog'!$A$2:$A$200,0))),"") | I264: =IFERROR(IF(INDEX('Test catalog'!$H$2:$H$200,MATCH($Y264,'Test catalog'!$A$2:$A$200,0))="","",INDEX('Test catalog'!$H$2:$H$200,MATCH($Y264,'Test catalog'!$A$2:$A$200,0))),"") | J264: =IFERROR(IF(INDEX('Test catalog'!$I$2:$I$200,MATCH($Y264,'Test catalog'!$A$2:$A$200,0))="","",INDEX('Test catalog'!$I$2:$I$200,MATCH($Y264,'Test catalog'!$A$2:$A$200,0))),"") | K264: =IF(I264="","",IF(OR(H264="",J264=""),I264,(H264+4*I264+J264)/6)) | L264: =IFERROR(IF(INDEX('Test catalog'!$J$2:$J$200,MATCH($Y264,'Test catalog'!$A$2:$A$200,0))="","",INDEX('Test catalog'!$J$2:$J$200,MATCH($Y264,'Test catalog'!$A$2:$A$200,0))),"") | M264: =IFERROR(IF(INDEX('Test catalog'!$K$2:$K$200,MATCH($Y264,'Test catalog'!$A$2:$A$200,0))="","",INDEX('Test catalog'!$K$2:$K$200,MATCH($Y264,'Test catalog'!$A$2:$A$200,0))),"") | N264: =IFERROR(IF(INDEX('Test catalog'!$L$2:$L$200,MATCH($Y264,'Test catalog'!$A$2:$A$200,0))="","",INDEX('Test catalog'!$L$2:$L$200,MATCH($Y264,'Test catalog'!$A$2:$A$200,0))),"") | O264: =IFERROR(IF(INDEX('Test catalog'!$M$2:$M$200,MATCH($Y264,'Test catalog'!$A$2:$A$200,0))="","",INDEX('Test catalog'!$M$2:$M$200,MATCH($Y264,'Test catalog'!$A$2:$A$200,0))),"") | P264: =IFERROR(IF(INDEX('Test catalog'!$N$2:$N$200,MATCH($Y264,'Test catalog'!$A$2:$A$200,0))="","",INDEX('Test catalog'!$N$2:$N$200,MATCH($Y264,'Test catalog'!$A$2:$A$200,0))),"") | Q264: =IFERROR(IF(INDEX('Test catalog'!$O$2:$O$200,MATCH($Y264,'Test catalog'!$A$2:$A$200,0))="","",INDEX('Test catalog'!$O$2:$O$200,MATCH($Y264,'Test catalog'!$A$2:$A$200,0))),"") | R264: =IFERROR(IF(INDEX('Test catalog'!$P$2:$P$200,MATCH($Y264,'Test catalog'!$A$2:$A$200,0))="","",INDEX('Test catalog'!$P$2:$P$200,MATCH($Y264,'Test catalog'!$A$2:$A$200,0))),"") | U264: =IFERROR(IF(INDEX('Test catalog'!$Q$2:$Q$200,MATCH($Y264,'Test catalog'!$A$2:$A$200,0))="","",INDEX('Test catalog'!$Q$2:$Q$200,MATCH($Y264,'Test catalog'!$A$2:$A$200,0))),"") | X264: Only for some grades/labels (sterile / parenteral) | Y264: STER | Z264: USP-NF monograph <71>
A265: Hydrochloric Acid Solution 37% | B265: RM | C265: pH Modifier / Buffer | D265: Microbial enumeration - TAMC + TYMC (<61> / <2021>) | E265: N | G265: =IFERROR(IF(INDEX('Test catalog'!$F$2:$F$200,MATCH($Y265,'Test catalog'!$A$2:$A$200,0))="","",INDEX('Test catalog'!$F$2:$F$200,MATCH($Y265,'Test catalog'!$A$2:$A$200,0))),"") | H265: =IFERROR(IF(INDEX('Test catalog'!$G$2:$G$200,MATCH($Y265,'Test catalog'!$A$2:$A$200,0))="","",INDEX('Test catalog'!$G$2:$G$200,MATCH($Y265,'Test catalog'!$A$2:$A$200,0))),"") | I265: =IFERROR(IF(INDEX('Test catalog'!$H$2:$H$200,MATCH($Y265,'Test catalog'!$A$2:$A$200,0))="","",INDEX('Test catalog'!$H$2:$H$200,MATCH($Y265,'Test catalog'!$A$2:$A$200,0))),"") | J265: =IFERROR(IF(INDEX('Test catalog'!$I$2:$I$200,MATCH($Y265,'Test catalog'!$A$2:$A$200,0))="","",INDEX('Test catalog'!$I$2:$I$200,MATCH($Y265,'Test catalog'!$A$2:$A$200,0))),"") | K265: =IF(I265="","",IF(OR(H265="",J265=""),I265,(H265+4*I265+J265)/6)) | L265: =IFERROR(IF(INDEX('Test catalog'!$J$2:$J$200,MATCH($Y265,'Test catalog'!$A$2:$A$200,0))="","",INDEX('Test catalog'!$J$2:$J$200,MATCH($Y265,'Test catalog'!$A$2:$A$200,0))),"") | M265: =IFERROR(IF(INDEX('Test catalog'!$K$2:$K$200,MATCH($Y265,'Test catalog'!$A$2:$A$200,0))="","",INDEX('Test catalog'!$K$2:$K$200,MATCH($Y265,'Test catalog'!$A$2:$A$200,0))),"") | N265: =IFERROR(IF(INDEX('Test catalog'!$L$2:$L$200,MATCH($Y265,'Test catalog'!$A$2:$A$200,0))="","",INDEX('Test catalog'!$L$2:$L$200,MATCH($Y265,'Test catalog'!$A$2:$A$200,0))),"") | O265: =IFERROR(IF(INDEX('Test catalog'!$M$2:$M$200,MATCH($Y265,'Test catalog'!$A$2:$A$200,0))="","",INDEX('Test catalog'!$M$2:$M$200,MATCH($Y265,'Test catalog'!$A$2:$A$200,0))),"") | P265: =IFERROR(IF(INDEX('Test catalog'!$N$2:$N$200,MATCH($Y265,'Test catalog'!$A$2:$A$200,0))="","",INDEX('Test catalog'!$N$2:$N$200,MATCH($Y265,'Test catalog'!$A$2:$A$200,0))),"") | Q265: =IFERROR(IF(INDEX('Test catalog'!$O$2:$O$200,MATCH($Y265,'Test catalog'!$A$2:$A$200,0))="","",INDEX('Test catalog'!$O$2:$O$200,MATCH($Y265,'Test catalog'!$A$2:$A$200,0))),"") | R265: =IFERROR(IF(INDEX('Test catalog'!$P$2:$P$200,MATCH($Y265,'Test catalog'!$A$2:$A$200,0))="","",INDEX('Test catalog'!$P$2:$P$200,MATCH($Y265,'Test catalog'!$A$2:$A$200,0))),"") | U265: =IFERROR(IF(INDEX('Test catalog'!$Q$2:$Q$200,MATCH($Y265,'Test catalog'!$A$2:$A$200,0))="","",INDEX('Test catalog'!$Q$2:$Q$200,MATCH($Y265,'Test catalog'!$A$2:$A$200,0))),"") | Y265: ENUM | Z265: No micro test in USP-NF - set Y if your specification has one
A266: Sodium Bicarbonate | B266: RM | C266: pH Modifier / Buffer | D266: Microbial enumeration - TAMC + TYMC (<61> / <2021>) | E266: N | G266: =IFERROR(IF(INDEX('Test catalog'!$F$2:$F$200,MATCH($Y266,'Test catalog'!$A$2:$A$200,0))="","",INDEX('Test catalog'!$F$2:$F$200,MATCH($Y266,'Test catalog'!$A$2:$A$200,0))),"") | H266: =IFERROR(IF(INDEX('Test catalog'!$G$2:$G$200,MATCH($Y266,'Test catalog'!$A$2:$A$200,0))="","",INDEX('Test catalog'!$G$2:$G$200,MATCH($Y266,'Test catalog'!$A$2:$A$200,0))),"") | I266: =IFERROR(IF(INDEX('Test catalog'!$H$2:$H$200,MATCH($Y266,'Test catalog'!$A$2:$A$200,0))="","",INDEX('Test catalog'!$H$2:$H$200,MATCH($Y266,'Test catalog'!$A$2:$A$200,0))),"") | J266: =IFERROR(IF(INDEX('Test catalog'!$I$2:$I$200,MATCH($Y266,'Test catalog'!$A$2:$A$200,0))="","",INDEX('Test catalog'!$I$2:$I$200,MATCH($Y266,'Test catalog'!$A$2:$A$200,0))),"") | K266: =IF(I266="","",IF(OR(H266="",J266=""),I266,(H266+4*I266+J266)/6)) | L266: =IFERROR(IF(INDEX('Test catalog'!$J$2:$J$200,MATCH($Y266,'Test catalog'!$A$2:$A$200,0))="","",INDEX('Test catalog'!$J$2:$J$200,MATCH($Y266,'Test catalog'!$A$2:$A$200,0))),"") | M266: =IFERROR(IF(INDEX('Test catalog'!$K$2:$K$200,MATCH($Y266,'Test catalog'!$A$2:$A$200,0))="","",INDEX('Test catalog'!$K$2:$K$200,MATCH($Y266,'Test catalog'!$A$2:$A$200,0))),"") | N266: =IFERROR(IF(INDEX('Test catalog'!$L$2:$L$200,MATCH($Y266,'Test catalog'!$A$2:$A$200,0))="","",INDEX('Test catalog'!$L$2:$L$200,MATCH($Y266,'Test catalog'!$A$2:$A$200,0))),"") | O266: =IFERROR(IF(INDEX('Test catalog'!$M$2:$M$200,MATCH($Y266,'Test catalog'!$A$2:$A$200,0))="","",INDEX('Test catalog'!$M$2:$M$200,MATCH($Y266,'Test catalog'!$A$2:$A$200,0))),"") | P266: =IFERROR(IF(INDEX('Test catalog'!$N$2:$N$200,MATCH($Y266,'Test catalog'!$A$2:$A$200,0))="","",INDEX('Test catalog'!$N$2:$N$200,MATCH($Y266,'Test catalog'!$A$2:$A$200,0))),"") | Q266: =IFERROR(IF(INDEX('Test catalog'!$O$2:$O$200,MATCH($Y266,'Test catalog'!$A$2:$A$200,0))="","",INDEX('Test catalog'!$O$2:$O$200,MATCH($Y266,'Test catalog'!$A$2:$A$200,0))),"") | R266: =IFERROR(IF(INDEX('Test catalog'!$P$2:$P$200,MATCH($Y266,'Test catalog'!$A$2:$A$200,0))="","",INDEX('Test catalog'!$P$2:$P$200,MATCH($Y266,'Test catalog'!$A$2:$A$200,0))),"") | U266: =IFERROR(IF(INDEX('Test catalog'!$Q$2:$Q$200,MATCH($Y266,'Test catalog'!$A$2:$A$200,0))="","",INDEX('Test catalog'!$Q$2:$Q$200,MATCH($Y266,'Test catalog'!$A$2:$A$200,0))),"") | Y266: ENUM | Z266: No micro test in USP-NF - set Y if your specification has one
A267: Sodium Citrate | B267: RM | C267: pH Modifier / Buffer | D267: Microbial enumeration - TAMC + TYMC (<61> / <2021>) | E267: N | G267: =IFERROR(IF(INDEX('Test catalog'!$F$2:$F$200,MATCH($Y267,'Test catalog'!$A$2:$A$200,0))="","",INDEX('Test catalog'!$F$2:$F$200,MATCH($Y267,'Test catalog'!$A$2:$A$200,0))),"") | H267: =IFERROR(IF(INDEX('Test catalog'!$G$2:$G$200,MATCH($Y267,'Test catalog'!$A$2:$A$200,0))="","",INDEX('Test catalog'!$G$2:$G$200,MATCH($Y267,'Test catalog'!$A$2:$A$200,0))),"") | I267: =IFERROR(IF(INDEX('Test catalog'!$H$2:$H$200,MATCH($Y267,'Test catalog'!$A$2:$A$200,0))="","",INDEX('Test catalog'!$H$2:$H$200,MATCH($Y267,'Test catalog'!$A$2:$A$200,0))),"") | J267: =IFERROR(IF(INDEX('Test catalog'!$I$2:$I$200,MATCH($Y267,'Test catalog'!$A$2:$A$200,0))="","",INDEX('Test catalog'!$I$2:$I$200,MATCH($Y267,'Test catalog'!$A$2:$A$200,0))),"") | K267: =IF(I267="","",IF(OR(H267="",J267=""),I267,(H267+4*I267+J267)/6)) | L267: =IFERROR(IF(INDEX('Test catalog'!$J$2:$J$200,MATCH($Y267,'Test catalog'!$A$2:$A$200,0))="","",INDEX('Test catalog'!$J$2:$J$200,MATCH($Y267,'Test catalog'!$A$2:$A$200,0))),"") | M267: =IFERROR(IF(INDEX('Test catalog'!$K$2:$K$200,MATCH($Y267,'Test catalog'!$A$2:$A$200,0))="","",INDEX('Test catalog'!$K$2:$K$200,MATCH($Y267,'Test catalog'!$A$2:$A$200,0))),"") | N267: =IFERROR(IF(INDEX('Test catalog'!$L$2:$L$200,MATCH($Y267,'Test catalog'!$A$2:$A$200,0))="","",INDEX('Test catalog'!$L$2:$L$200,MATCH($Y267,'Test catalog'!$A$2:$A$200,0))),"") | O267: =IFERROR(IF(INDEX('Test catalog'!$M$2:$M$200,MATCH($Y267,'Test catalog'!$A$2:$A$200,0))="","",INDEX('Test catalog'!$M$2:$M$200,MATCH($Y267,'Test catalog'!$A$2:$A$200,0))),"") | P267: =IFERROR(IF(INDEX('Test catalog'!$N$2:$N$200,MATCH($Y267,'Test catalog'!$A$2:$A$200,0))="","",INDEX('Test catalog'!$N$2:$N$200,MATCH($Y267,'Test catalog'!$A$2:$A$200,0))),"") | Q267: =IFERROR(IF(INDEX('Test catalog'!$O$2:$O$200,MATCH($Y267,'Test catalog'!$A$2:$A$200,0))="","",INDEX('Test catalog'!$O$2:$O$200,MATCH($Y267,'Test catalog'!$A$2:$A$200,0))),"") | R267: =IFERROR(IF(INDEX('Test catalog'!$P$2:$P$200,MATCH($Y267,'Test catalog'!$A$2:$A$200,0))="","",INDEX('Test catalog'!$P$2:$P$200,MATCH($Y267,'Test catalog'!$A$2:$A$200,0))),"") | U267: =IFERROR(IF(INDEX('Test catalog'!$Q$2:$Q$200,MATCH($Y267,'Test catalog'!$A$2:$A$200,0))="","",INDEX('Test catalog'!$Q$2:$Q$200,MATCH($Y267,'Test catalog'!$A$2:$A$200,0))),"") | Y267: ENUM | Z267: No micro test in USP-NF - set Y if your specification has one
A268: Sodium Citrate Dihydrate | B268: RM | C268: pH Modifier / Buffer | D268: Microbial enumeration - TAMC + TYMC (<61> / <2021>) | E268: N | G268: =IFERROR(IF(INDEX('Test catalog'!$F$2:$F$200,MATCH($Y268,'Test catalog'!$A$2:$A$200,0))="","",INDEX('Test catalog'!$F$2:$F$200,MATCH($Y268,'Test catalog'!$A$2:$A$200,0))),"") | H268: =IFERROR(IF(INDEX('Test catalog'!$G$2:$G$200,MATCH($Y268,'Test catalog'!$A$2:$A$200,0))="","",INDEX('Test catalog'!$G$2:$G$200,MATCH($Y268,'Test catalog'!$A$2:$A$200,0))),"") | I268: =IFERROR(IF(INDEX('Test catalog'!$H$2:$H$200,MATCH($Y268,'Test catalog'!$A$2:$A$200,0))="","",INDEX('Test catalog'!$H$2:$H$200,MATCH($Y268,'Test catalog'!$A$2:$A$200,0))),"") | J268: =IFERROR(IF(INDEX('Test catalog'!$I$2:$I$200,MATCH($Y268,'Test catalog'!$A$2:$A$200,0))="","",INDEX('Test catalog'!$I$2:$I$200,MATCH($Y268,'Test catalog'!$A$2:$A$200,0))),"") | K268: =IF(I268="","",IF(OR(H268="",J268=""),I268,(H268+4*I268+J268)/6)) | L268: =IFERROR(IF(INDEX('Test catalog'!$J$2:$J$200,MATCH($Y268,'Test catalog'!$A$2:$A$200,0))="","",INDEX('Test catalog'!$J$2:$J$200,MATCH($Y268,'Test catalog'!$A$2:$A$200,0))),"") | M268: =IFERROR(IF(INDEX('Test catalog'!$K$2:$K$200,MATCH($Y268,'Test catalog'!$A$2:$A$200,0))="","",INDEX('Test catalog'!$K$2:$K$200,MATCH($Y268,'Test catalog'!$A$2:$A$200,0))),"") | N268: =IFERROR(IF(INDEX('Test catalog'!$L$2:$L$200,MATCH($Y268,'Test catalog'!$A$2:$A$200,0))="","",INDEX('Test catalog'!$L$2:$L$200,MATCH($Y268,'Test catalog'!$A$2:$A$200,0))),"") | O268: =IFERROR(IF(INDEX('Test catalog'!$M$2:$M$200,MATCH($Y268,'Test catalog'!$A$2:$A$200,0))="","",INDEX('Test catalog'!$M$2:$M$200,MATCH($Y268,'Test catalog'!$A$2:$A$200,0))),"") | P268: =IFERROR(IF(INDEX('Test catalog'!$N$2:$N$200,MATCH($Y268,'Test catalog'!$A$2:$A$200,0))="","",INDEX('Test catalog'!$N$2:$N$200,MATCH($Y268,'Test catalog'!$A$2:$A$200,0))),"") | Q268: =IFERROR(IF(INDEX('Test catalog'!$O$2:$O$200,MATCH($Y268,'Test catalog'!$A$2:$A$200,0))="","",INDEX('Test catalog'!$O$2:$O$200,MATCH($Y268,'Test catalog'!$A$2:$A$200,0))),"") | R268: =IFERROR(IF(INDEX('Test catalog'!$P$2:$P$200,MATCH($Y268,'Test catalog'!$A$2:$A$200,0))="","",INDEX('Test catalog'!$P$2:$P$200,MATCH($Y268,'Test catalog'!$A$2:$A$200,0))),"") | U268: =IFERROR(IF(INDEX('Test catalog'!$Q$2:$Q$200,MATCH($Y268,'Test catalog'!$A$2:$A$200,0))="","",INDEX('Test catalog'!$Q$2:$Q$200,MATCH($Y268,'Test catalog'!$A$2:$A$200,0))),"") | Y268: ENUM | Z268: No micro test in USP-NF - set Y if your specification has one
A269: F01 | B269: FP | C269: Ezetimibe-Rosuvastatin 10-10; Ezetimibe-Rosuvastatin 10-20; Ezetimibe-Rosuvastatin 10-40 | Ezetimibe, Rosuvastatin Calcium | D269: Microbial enumeration - TAMC + TYMC (<61> / <2021>) | E269: Y | G269: =IFERROR(IF(INDEX('Test catalog'!$F$2:$F$200,MATCH($Y269,'Test catalog'!$A$2:$A$200,0))="","",INDEX('Test catalog'!$F$2:$F$200,MATCH($Y269,'Test catalog'!$A$2:$A$200,0))),"") | H269: =IFERROR(IF(INDEX('Test catalog'!$G$2:$G$200,MATCH($Y269,'Test catalog'!$A$2:$A$200,0))="","",INDEX('Test catalog'!$G$2:$G$200,MATCH($Y269,'Test catalog'!$A$2:$A$200,0))),"") | I269: =IFERROR(IF(INDEX('Test catalog'!$H$2:$H$200,MATCH($Y269,'Test catalog'!$A$2:$A$200,0))="","",INDEX('Test catalog'!$H$2:$H$200,MATCH($Y269,'Test catalog'!$A$2:$A$200,0))),"") | J269: =IFERROR(IF(INDEX('Test catalog'!$I$2:$I$200,MATCH($Y269,'Test catalog'!$A$2:$A$200,0))="","",INDEX('Test catalog'!$I$2:$I$200,MATCH($Y269,'Test catalog'!$A$2:$A$200,0))),"") | K269: =IF(I269="","",IF(OR(H269="",J269=""),I269,(H269+4*I269+J269)/6)) | L269: =IFERROR(IF(INDEX('Test catalog'!$J$2:$J$200,MATCH($Y269,'Test catalog'!$A$2:$A$200,0))="","",INDEX('Test catalog'!$J$2:$J$200,MATCH($Y269,'Test catalog'!$A$2:$A$200,0))),"") | M269: =IFERROR(IF(INDEX('Test catalog'!$K$2:$K$200,MATCH($Y269,'Test catalog'!$A$2:$A$200,0))="","",INDEX('Test catalog'!$K$2:$K$200,MATCH($Y269,'Test catalog'!$A$2:$A$200,0))),"") | N269: =IFERROR(IF(INDEX('Test catalog'!$L$2:$L$200,MATCH($Y269,'Test catalog'!$A$2:$A$200,0))="","",INDEX('Test catalog'!$L$2:$L$200,MATCH($Y269,'Test catalog'!$A$2:$A$200,0))),"") | O269: =IFERROR(IF(INDEX('Test catalog'!$M$2:$M$200,MATCH($Y269,'Test catalog'!$A$2:$A$200,0))="","",INDEX('Test catalog'!$M$2:$M$200,MATCH($Y269,'Test catalog'!$A$2:$A$200,0))),"") | P269: =IFERROR(IF(INDEX('Test catalog'!$N$2:$N$200,MATCH($Y269,'Test catalog'!$A$2:$A$200,0))="","",INDEX('Test catalog'!$N$2:$N$200,MATCH($Y269,'Test catalog'!$A$2:$A$200,0))),"") | Q269: =IFERROR(IF(INDEX('Test catalog'!$O$2:$O$200,MATCH($Y269,'Test catalog'!$A$2:$A$200,0))="","",INDEX('Test catalog'!$O$2:$O$200,MATCH($Y269,'Test catalog'!$A$2:$A$200,0))),"") | R269: =IFERROR(IF(INDEX('Test catalog'!$P$2:$P$200,MATCH($Y269,'Test catalog'!$A$2:$A$200,0))="","",INDEX('Test catalog'!$P$2:$P$200,MATCH($Y269,'Test catalog'!$A$2:$A$200,0))),"") | T269: Y | U269: =IFERROR(IF(INDEX('Test catalog'!$Q$2:$Q$200,MATCH($Y269,'Test catalog'!$A$2:$A$200,0))="","",INDEX('Test catalog'!$Q$2:$Q$200,MATCH($Y269,'Test catalog'!$A$2:$A$200,0))),"") | Y269: ENUM | Z269: USP <1111> oral solid: TAMC, TYMC, absence of E. coli
A270: F01 | B270: FP | C270: Ezetimibe-Rosuvastatin 10-10; Ezetimibe-Rosuvastatin 10-20; Ezetimibe-Rosuvastatin 10-40 | Ezetimibe, Rosuvastatin Calcium | D270: Absence of Escherichia coli (<62> / <2022>) | E270: Y | G270: =IFERROR(IF(INDEX('Test catalog'!$F$2:$F$200,MATCH($Y270,'Test catalog'!$A$2:$A$200,0))="","",INDEX('Test catalog'!$F$2:$F$200,MATCH($Y270,'Test catalog'!$A$2:$A$200,0))),"") | H270: =IFERROR(IF(INDEX('Test catalog'!$G$2:$G$200,MATCH($Y270,'Test catalog'!$A$2:$A$200,0))="","",INDEX('Test catalog'!$G$2:$G$200,MATCH($Y270,'Test catalog'!$A$2:$A$200,0))),"") | I270: =IFERROR(IF(INDEX('Test catalog'!$H$2:$H$200,MATCH($Y270,'Test catalog'!$A$2:$A$200,0))="","",INDEX('Test catalog'!$H$2:$H$200,MATCH($Y270,'Test catalog'!$A$2:$A$200,0))),"") | J270: =IFERROR(IF(INDEX('Test catalog'!$I$2:$I$200,MATCH($Y270,'Test catalog'!$A$2:$A$200,0))="","",INDEX('Test catalog'!$I$2:$I$200,MATCH($Y270,'Test catalog'!$A$2:$A$200,0))),"") | K270: =IF(I270="","",IF(OR(H270="",J270=""),I270,(H270+4*I270+J270)/6)) | L270: =IFERROR(IF(INDEX('Test catalog'!$J$2:$J$200,MATCH($Y270,'Test catalog'!$A$2:$A$200,0))="","",INDEX('Test catalog'!$J$2:$J$200,MATCH($Y270,'Test catalog'!$A$2:$A$200,0))),"") | M270: =IFERROR(IF(INDEX('Test catalog'!$K$2:$K$200,MATCH($Y270,'Test catalog'!$A$2:$A$200,0))="","",INDEX('Test catalog'!$K$2:$K$200,MATCH($Y270,'Test catalog'!$A$2:$A$200,0))),"") | N270: =IFERROR(IF(INDEX('Test catalog'!$L$2:$L$200,MATCH($Y270,'Test catalog'!$A$2:$A$200,0))="","",INDEX('Test catalog'!$L$2:$L$200,MATCH($Y270,'Test catalog'!$A$2:$A$200,0))),"") | O270: =IFERROR(IF(INDEX('Test catalog'!$M$2:$M$200,MATCH($Y270,'Test catalog'!$A$2:$A$200,0))="","",INDEX('Test catalog'!$M$2:$M$200,MATCH($Y270,'Test catalog'!$A$2:$A$200,0))),"") | P270: =IFERROR(IF(INDEX('Test catalog'!$N$2:$N$200,MATCH($Y270,'Test catalog'!$A$2:$A$200,0))="","",INDEX('Test catalog'!$N$2:$N$200,MATCH($Y270,'Test catalog'!$A$2:$A$200,0))),"") | Q270: =IFERROR(IF(INDEX('Test catalog'!$O$2:$O$200,MATCH($Y270,'Test catalog'!$A$2:$A$200,0))="","",INDEX('Test catalog'!$O$2:$O$200,MATCH($Y270,'Test catalog'!$A$2:$A$200,0))),"") | R270: =IFERROR(IF(INDEX('Test catalog'!$P$2:$P$200,MATCH($Y270,'Test catalog'!$A$2:$A$200,0))="","",INDEX('Test catalog'!$P$2:$P$200,MATCH($Y270,'Test catalog'!$A$2:$A$200,0))),"") | T270: N | U270: =IFERROR(IF(INDEX('Test catalog'!$Q$2:$Q$200,MATCH($Y270,'Test catalog'!$A$2:$A$200,0))="","",INDEX('Test catalog'!$Q$2:$Q$200,MATCH($Y270,'Test catalog'!$A$2:$A$200,0))),"") | Y270: ECOLI | Z270: USP <1111> oral solid: TAMC, TYMC, absence of E. coli
A271: F02 | B271: FP | C271: Resmitrom (Resffera) 60; Resmitrom (Resffera) 80; Resmitrom (Resffera) 100 | Resmetirom | D271: Microbial enumeration - TAMC + TYMC (<61> / <2021>) | E271: Y | G271: =IFERROR(IF(INDEX('Test catalog'!$F$2:$F$200,MATCH($Y271,'Test catalog'!$A$2:$A$200,0))="","",INDEX('Test catalog'!$F$2:$F$200,MATCH($Y271,'Test catalog'!$A$2:$A$200,0))),"") | H271: =IFERROR(IF(INDEX('Test catalog'!$G$2:$G$200,MATCH($Y271,'Test catalog'!$A$2:$A$200,0))="","",INDEX('Test catalog'!$G$2:$G$200,MATCH($Y271,'Test catalog'!$A$2:$A$200,0))),"") | I271: =IFERROR(IF(INDEX('Test catalog'!$H$2:$H$200,MATCH($Y271,'Test catalog'!$A$2:$A$200,0))="","",INDEX('Test catalog'!$H$2:$H$200,MATCH($Y271,'Test catalog'!$A$2:$A$200,0))),"") | J271: =IFERROR(IF(INDEX('Test catalog'!$I$2:$I$200,MATCH($Y271,'Test catalog'!$A$2:$A$200,0))="","",INDEX('Test catalog'!$I$2:$I$200,MATCH($Y271,'Test catalog'!$A$2:$A$200,0))),"") | K271: =IF(I271="","",IF(OR(H271="",J271=""),I271,(H271+4*I271+J271)/6)) | L271: =IFERROR(IF(INDEX('Test catalog'!$J$2:$J$200,MATCH($Y271,'Test catalog'!$A$2:$A$200,0))="","",INDEX('Test catalog'!$J$2:$J$200,MATCH($Y271,'Test catalog'!$A$2:$A$200,0))),"") | M271: =IFERROR(IF(INDEX('Test catalog'!$K$2:$K$200,MATCH($Y271,'Test catalog'!$A$2:$A$200,0))="","",INDEX('Test catalog'!$K$2:$K$200,MATCH($Y271,'Test catalog'!$A$2:$A$200,0))),"") | N271: =IFERROR(IF(INDEX('Test catalog'!$L$2:$L$200,MATCH($Y271,'Test catalog'!$A$2:$A$200,0))="","",INDEX('Test catalog'!$L$2:$L$200,MATCH($Y271,'Test catalog'!$A$2:$A$200,0))),"") | O271: =IFERROR(IF(INDEX('Test catalog'!$M$2:$M$200,MATCH($Y271,'Test catalog'!$A$2:$A$200,0))="","",INDEX('Test catalog'!$M$2:$M$200,MATCH($Y271,'Test catalog'!$A$2:$A$200,0))),"") | P271: =IFERROR(IF(INDEX('Test catalog'!$N$2:$N$200,MATCH($Y271,'Test catalog'!$A$2:$A$200,0))="","",INDEX('Test catalog'!$N$2:$N$200,MATCH($Y271,'Test catalog'!$A$2:$A$200,0))),"") | Q271: =IFERROR(IF(INDEX('Test catalog'!$O$2:$O$200,MATCH($Y271,'Test catalog'!$A$2:$A$200,0))="","",INDEX('Test catalog'!$O$2:$O$200,MATCH($Y271,'Test catalog'!$A$2:$A$200,0))),"") | R271: =IFERROR(IF(INDEX('Test catalog'!$P$2:$P$200,MATCH($Y271,'Test catalog'!$A$2:$A$200,0))="","",INDEX('Test catalog'!$P$2:$P$200,MATCH($Y271,'Test catalog'!$A$2:$A$200,0))),"") | T271: Y | U271: =IFERROR(IF(INDEX('Test catalog'!$Q$2:$Q$200,MATCH($Y271,'Test catalog'!$A$2:$A$200,0))="","",INDEX('Test catalog'!$Q$2:$Q$200,MATCH($Y271,'Test catalog'!$A$2:$A$200,0))),"") | Y271: ENUM | Z271: USP <1111> oral solid: TAMC, TYMC, absence of E. coli
A272: F02 | B272: FP | C272: Resmitrom (Resffera) 60; Resmitrom (Resffera) 80; Resmitrom (Resffera) 100 | Resmetirom | D272: Absence of Escherichia coli (<62> / <2022>) | E272: Y | G272: =IFERROR(IF(INDEX('Test catalog'!$F$2:$F$200,MATCH($Y272,'Test catalog'!$A$2:$A$200,0))="","",INDEX('Test catalog'!$F$2:$F$200,MATCH($Y272,'Test catalog'!$A$2:$A$200,0))),"") | H272: =IFERROR(IF(INDEX('Test catalog'!$G$2:$G$200,MATCH($Y272,'Test catalog'!$A$2:$A$200,0))="","",INDEX('Test catalog'!$G$2:$G$200,MATCH($Y272,'Test catalog'!$A$2:$A$200,0))),"") | I272: =IFERROR(IF(INDEX('Test catalog'!$H$2:$H$200,MATCH($Y272,'Test catalog'!$A$2:$A$200,0))="","",INDEX('Test catalog'!$H$2:$H$200,MATCH($Y272,'Test catalog'!$A$2:$A$200,0))),"") | J272: =IFERROR(IF(INDEX('Test catalog'!$I$2:$I$200,MATCH($Y272,'Test catalog'!$A$2:$A$200,0))="","",INDEX('Test catalog'!$I$2:$I$200,MATCH($Y272,'Test catalog'!$A$2:$A$200,0))),"") | K272: =IF(I272="","",IF(OR(H272="",J272=""),I272,(H272+4*I272+J272)/6)) | L272: =IFERROR(IF(INDEX('Test catalog'!$J$2:$J$200,MATCH($Y272,'Test catalog'!$A$2:$A$200,0))="","",INDEX('Test catalog'!$J$2:$J$200,MATCH($Y272,'Test catalog'!$A$2:$A$200,0))),"") | M272: =IFERROR(IF(INDEX('Test catalog'!$K$2:$K$200,MATCH($Y272,'Test catalog'!$A$2:$A$200,0))="","",INDEX('Test catalog'!$K$2:$K$200,MATCH($Y272,'Test catalog'!$A$2:$A$200,0))),"") | N272: =IFERROR(IF(INDEX('Test catalog'!$L$2:$L$200,MATCH($Y272,'Test catalog'!$A$2:$A$200,0))="","",INDEX('Test catalog'!$L$2:$L$200,MATCH($Y272,'Test catalog'!$A$2:$A$200,0))),"") | O272: =IFERROR(IF(INDEX('Test catalog'!$M$2:$M$200,MATCH($Y272,'Test catalog'!$A$2:$A$200,0))="","",INDEX('Test catalog'!$M$2:$M$200,MATCH($Y272,'Test catalog'!$A$2:$A$200,0))),"") | P272: =IFERROR(IF(INDEX('Test catalog'!$N$2:$N$200,MATCH($Y272,'Test catalog'!$A$2:$A$200,0))="","",INDEX('Test catalog'!$N$2:$N$200,MATCH($Y272,'Test catalog'!$A$2:$A$200,0))),"") | Q272: =IFERROR(IF(INDEX('Test catalog'!$O$2:$O$200,MATCH($Y272,'Test catalog'!$A$2:$A$200,0))="","",INDEX('Test catalog'!$O$2:$O$200,MATCH($Y272,'Test catalog'!$A$2:$A$200,0))),"") | R272: =IFERROR(IF(INDEX('Test catalog'!$P$2:$P$200,MATCH($Y272,'Test catalog'!$A$2:$A$200,0))="","",INDEX('Test catalog'!$P$2:$P$200,MATCH($Y272,'Test catalog'!$A$2:$A$200,0))),"") | T272: N | U272: =IFERROR(IF(INDEX('Test catalog'!$Q$2:$Q$200,MATCH($Y272,'Test catalog'!$A$2:$A$200,0))="","",INDEX('Test catalog'!$Q$2:$Q$200,MATCH($Y272,'Test catalog'!$A$2:$A$200,0))),"") | Y272: ECOLI | Z272: USP <1111> oral solid: TAMC, TYMC, absence of E. coli
A273: F03 | B273: FP | C273: Finerodyd 10; Finerodyd 20 | Finerenone | D273: Microbial enumeration - TAMC + TYMC (<61> / <2021>) | E273: Y | G273: =IFERROR(IF(INDEX('Test catalog'!$F$2:$F$200,MATCH($Y273,'Test catalog'!$A$2:$A$200,0))="","",INDEX('Test catalog'!$F$2:$F$200,MATCH($Y273,'Test catalog'!$A$2:$A$200,0))),"") | H273: =IFERROR(IF(INDEX('Test catalog'!$G$2:$G$200,MATCH($Y273,'Test catalog'!$A$2:$A$200,0))="","",INDEX('Test catalog'!$G$2:$G$200,MATCH($Y273,'Test catalog'!$A$2:$A$200,0))),"") | I273: =IFERROR(IF(INDEX('Test catalog'!$H$2:$H$200,MATCH($Y273,'Test catalog'!$A$2:$A$200,0))="","",INDEX('Test catalog'!$H$2:$H$200,MATCH($Y273,'Test catalog'!$A$2:$A$200,0))),"") | J273: =IFERROR(IF(INDEX('Test catalog'!$I$2:$I$200,MATCH($Y273,'Test catalog'!$A$2:$A$200,0))="","",INDEX('Test catalog'!$I$2:$I$200,MATCH($Y273,'Test catalog'!$A$2:$A$200,0))),"") | K273: =IF(I273="","",IF(OR(H273="",J273=""),I273,(H273+4*I273+J273)/6)) | L273: =IFERROR(IF(INDEX('Test catalog'!$J$2:$J$200,MATCH($Y273,'Test catalog'!$A$2:$A$200,0))="","",INDEX('Test catalog'!$J$2:$J$200,MATCH($Y273,'Test catalog'!$A$2:$A$200,0))),"") | M273: =IFERROR(IF(INDEX('Test catalog'!$K$2:$K$200,MATCH($Y273,'Test catalog'!$A$2:$A$200,0))="","",INDEX('Test catalog'!$K$2:$K$200,MATCH($Y273,'Test catalog'!$A$2:$A$200,0))),"") | N273: =IFERROR(IF(INDEX('Test catalog'!$L$2:$L$200,MATCH($Y273,'Test catalog'!$A$2:$A$200,0))="","",INDEX('Test catalog'!$L$2:$L$200,MATCH($Y273,'Test catalog'!$A$2:$A$200,0))),"") | O273: =IFERROR(IF(INDEX('Test catalog'!$M$2:$M$200,MATCH($Y273,'Test catalog'!$A$2:$A$200,0))="","",INDEX('Test catalog'!$M$2:$M$200,MATCH($Y273,'Test catalog'!$A$2:$A$200,0))),"") | P273: =IFERROR(IF(INDEX('Test catalog'!$N$2:$N$200,MATCH($Y273,'Test catalog'!$A$2:$A$200,0))="","",INDEX('Test catalog'!$N$2:$N$200,MATCH($Y273,'Test catalog'!$A$2:$A$200,0))),"") | Q273: =IFERROR(IF(INDEX('Test catalog'!$O$2:$O$200,MATCH($Y273,'Test catalog'!$A$2:$A$200,0))="","",INDEX('Test catalog'!$O$2:$O$200,MATCH($Y273,'Test catalog'!$A$2:$A$200,0))),"") | R273: =IFERROR(IF(INDEX('Test catalog'!$P$2:$P$200,MATCH($Y273,'Test catalog'!$A$2:$A$200,0))="","",INDEX('Test catalog'!$P$2:$P$200,MATCH($Y273,'Test catalog'!$A$2:$A$200,0))),"") | T273: Y | U273: =IFERROR(IF(INDEX('Test catalog'!$Q$2:$Q$200,MATCH($Y273,'Test catalog'!$A$2:$A$200,0))="","",INDEX('Test catalog'!$Q$2:$Q$200,MATCH($Y273,'Test catalog'!$A$2:$A$200,0))),"") | Y273: ENUM | Z273: USP <1111> oral solid: TAMC, TYMC, absence of E. coli
A274: F03 | B274: FP | C274: Finerodyd 10; Finerodyd 20 | Finerenone | D274: Absence of Escherichia coli (<62> / <2022>) | E274: Y | G274: =IFERROR(IF(INDEX('Test catalog'!$F$2:$F$200,MATCH($Y274,'Test catalog'!$A$2:$A$200,0))="","",INDEX('Test catalog'!$F$2:$F$200,MATCH($Y274,'Test catalog'!$A$2:$A$200,0))),"") | H274: =IFERROR(IF(INDEX('Test catalog'!$G$2:$G$200,MATCH($Y274,'Test catalog'!$A$2:$A$200,0))="","",INDEX('Test catalog'!$G$2:$G$200,MATCH($Y274,'Test catalog'!$A$2:$A$200,0))),"") | I274: =IFERROR(IF(INDEX('Test catalog'!$H$2:$H$200,MATCH($Y274,'Test catalog'!$A$2:$A$200,0))="","",INDEX('Test catalog'!$H$2:$H$200,MATCH($Y274,'Test catalog'!$A$2:$A$200,0))),"") | J274: =IFERROR(IF(INDEX('Test catalog'!$I$2:$I$200,MATCH($Y274,'Test catalog'!$A$2:$A$200,0))="","",INDEX('Test catalog'!$I$2:$I$200,MATCH($Y274,'Test catalog'!$A$2:$A$200,0))),"") | K274: =IF(I274="","",IF(OR(H274="",J274=""),I274,(H274+4*I274+J274)/6)) | L274: =IFERROR(IF(INDEX('Test catalog'!$J$2:$J$200,MATCH($Y274,'Test catalog'!$A$2:$A$200,0))="","",INDEX('Test catalog'!$J$2:$J$200,MATCH($Y274,'Test catalog'!$A$2:$A$200,0))),"") | M274: =IFERROR(IF(INDEX('Test catalog'!$K$2:$K$200,MATCH($Y274,'Test catalog'!$A$2:$A$200,0))="","",INDEX('Test catalog'!$K$2:$K$200,MATCH($Y274,'Test catalog'!$A$2:$A$200,0))),"") | N274: =IFERROR(IF(INDEX('Test catalog'!$L$2:$L$200,MATCH($Y274,'Test catalog'!$A$2:$A$200,0))="","",INDEX('Test catalog'!$L$2:$L$200,MATCH($Y274,'Test catalog'!$A$2:$A$200,0))),"") | O274: =IFERROR(IF(INDEX('Test catalog'!$M$2:$M$200,MATCH($Y274,'Test catalog'!$A$2:$A$200,0))="","",INDEX('Test catalog'!$M$2:$M$200,MATCH($Y274,'Test catalog'!$A$2:$A$200,0))),"") | P274: =IFERROR(IF(INDEX('Test catalog'!$N$2:$N$200,MATCH($Y274,'Test catalog'!$A$2:$A$200,0))="","",INDEX('Test catalog'!$N$2:$N$200,MATCH($Y274,'Test catalog'!$A$2:$A$200,0))),"") | Q274: =IFERROR(IF(INDEX('Test catalog'!$O$2:$O$200,MATCH($Y274,'Test catalog'!$A$2:$A$200,0))="","",INDEX('Test catalog'!$O$2:$O$200,MATCH($Y274,'Test catalog'!$A$2:$A$200,0))),"") | R274: =IFERROR(IF(INDEX('Test catalog'!$P$2:$P$200,MATCH($Y274,'Test catalog'!$A$2:$A$200,0))="","",INDEX('Test catalog'!$P$2:$P$200,MATCH($Y274,'Test catalog'!$A$2:$A$200,0))),"") | T274: N | U274: =IFERROR(IF(INDEX('Test catalog'!$Q$2:$Q$200,MATCH($Y274,'Test catalog'!$A$2:$A$200,0))="","",INDEX('Test catalog'!$Q$2:$Q$200,MATCH($Y274,'Test catalog'!$A$2:$A$200,0))),"") | Y274: ECOLI | Z274: USP <1111> oral solid: TAMC, TYMC, absence of E. coli
A275: F04 | B275: FP | C275: Cardyd 20; Cardyd 40; Cardyd 80 | Telmisartan | D275: Microbial enumeration - TAMC + TYMC (<61> / <2021>) | E275: Y | G275: =IFERROR(IF(INDEX('Test catalog'!$F$2:$F$200,MATCH($Y275,'Test catalog'!$A$2:$A$200,0))="","",INDEX('Test catalog'!$F$2:$F$200,MATCH($Y275,'Test catalog'!$A$2:$A$200,0))),"") | H275: =IFERROR(IF(INDEX('Test catalog'!$G$2:$G$200,MATCH($Y275,'Test catalog'!$A$2:$A$200,0))="","",INDEX('Test catalog'!$G$2:$G$200,MATCH($Y275,'Test catalog'!$A$2:$A$200,0))),"") | I275: =IFERROR(IF(INDEX('Test catalog'!$H$2:$H$200,MATCH($Y275,'Test catalog'!$A$2:$A$200,0))="","",INDEX('Test catalog'!$H$2:$H$200,MATCH($Y275,'Test catalog'!$A$2:$A$200,0))),"") | J275: =IFERROR(IF(INDEX('Test catalog'!$I$2:$I$200,MATCH($Y275,'Test catalog'!$A$2:$A$200,0))="","",INDEX('Test catalog'!$I$2:$I$200,MATCH($Y275,'Test catalog'!$A$2:$A$200,0))),"") | K275: =IF(I275="","",IF(OR(H275="",J275=""),I275,(H275+4*I275+J275)/6)) | L275: =IFERROR(IF(INDEX('Test catalog'!$J$2:$J$200,MATCH($Y275,'Test catalog'!$A$2:$A$200,0))="","",INDEX('Test catalog'!$J$2:$J$200,MATCH($Y275,'Test catalog'!$A$2:$A$200,0))),"") | M275: =IFERROR(IF(INDEX('Test catalog'!$K$2:$K$200,MATCH($Y275,'Test catalog'!$A$2:$A$200,0))="","",INDEX('Test catalog'!$K$2:$K$200,MATCH($Y275,'Test catalog'!$A$2:$A$200,0))),"") | N275: =IFERROR(IF(INDEX('Test catalog'!$L$2:$L$200,MATCH($Y275,'Test catalog'!$A$2:$A$200,0))="","",INDEX('Test catalog'!$L$2:$L$200,MATCH($Y275,'Test catalog'!$A$2:$A$200,0))),"") | O275: =IFERROR(IF(INDEX('Test catalog'!$M$2:$M$200,MATCH($Y275,'Test catalog'!$A$2:$A$200,0))="","",INDEX('Test catalog'!$M$2:$M$200,MATCH($Y275,'Test catalog'!$A$2:$A$200,0))),"") | P275: =IFERROR(IF(INDEX('Test catalog'!$N$2:$N$200,MATCH($Y275,'Test catalog'!$A$2:$A$200,0))="","",INDEX('Test catalog'!$N$2:$N$200,MATCH($Y275,'Test catalog'!$A$2:$A$200,0))),"") | Q275: =IFERROR(IF(INDEX('Test catalog'!$O$2:$O$200,MATCH($Y275,'Test catalog'!$A$2:$A$200,0))="","",INDEX('Test catalog'!$O$2:$O$200,MATCH($Y275,'Test catalog'!$A$2:$A$200,0))),"") | R275: =IFERROR(IF(INDEX('Test catalog'!$P$2:$P$200,MATCH($Y275,'Test catalog'!$A$2:$A$200,0))="","",INDEX('Test catalog'!$P$2:$P$200,MATCH($Y275,'Test catalog'!$A$2:$A$200,0))),"") | T275: Y | U275: =IFERROR(IF(INDEX('Test catalog'!$Q$2:$Q$200,MATCH($Y275,'Test catalog'!$A$2:$A$200,0))="","",INDEX('Test catalog'!$Q$2:$Q$200,MATCH($Y275,'Test catalog'!$A$2:$A$200,0))),"") | Y275: ENUM | Z275: USP <1111> oral solid: TAMC, TYMC, absence of E. coli
A276: F04 | B276: FP | C276: Cardyd 20; Cardyd 40; Cardyd 80 | Telmisartan | D276: Absence of Escherichia coli (<62> / <2022>) | E276: Y | G276: =IFERROR(IF(INDEX('Test catalog'!$F$2:$F$200,MATCH($Y276,'Test catalog'!$A$2:$A$200,0))="","",INDEX('Test catalog'!$F$2:$F$200,MATCH($Y276,'Test catalog'!$A$2:$A$200,0))),"") | H276: =IFERROR(IF(INDEX('Test catalog'!$G$2:$G$200,MATCH($Y276,'Test catalog'!$A$2:$A$200,0))="","",INDEX('Test catalog'!$G$2:$G$200,MATCH($Y276,'Test catalog'!$A$2:$A$200,0))),"") | I276: =IFERROR(IF(INDEX('Test catalog'!$H$2:$H$200,MATCH($Y276,'Test catalog'!$A$2:$A$200,0))="","",INDEX('Test catalog'!$H$2:$H$200,MATCH($Y276,'Test catalog'!$A$2:$A$200,0))),"") | J276: =IFERROR(IF(INDEX('Test catalog'!$I$2:$I$200,MATCH($Y276,'Test catalog'!$A$2:$A$200,0))="","",INDEX('Test catalog'!$I$2:$I$200,MATCH($Y276,'Test catalog'!$A$2:$A$200,0))),"") | K276: =IF(I276="","",IF(OR(H276="",J276=""),I276,(H276+4*I276+J276)/6)) | L276: =IFERROR(IF(INDEX('Test catalog'!$J$2:$J$200,MATCH($Y276,'Test catalog'!$A$2:$A$200,0))="","",INDEX('Test catalog'!$J$2:$J$200,MATCH($Y276,'Test catalog'!$A$2:$A$200,0))),"") | M276: =IFERROR(IF(INDEX('Test catalog'!$K$2:$K$200,MATCH($Y276,'Test catalog'!$A$2:$A$200,0))="","",INDEX('Test catalog'!$K$2:$K$200,MATCH($Y276,'Test catalog'!$A$2:$A$200,0))),"") | N276: =IFERROR(IF(INDEX('Test catalog'!$L$2:$L$200,MATCH($Y276,'Test catalog'!$A$2:$A$200,0))="","",INDEX('Test catalog'!$L$2:$L$200,MATCH($Y276,'Test catalog'!$A$2:$A$200,0))),"") | O276: =IFERROR(IF(INDEX('Test catalog'!$M$2:$M$200,MATCH($Y276,'Test catalog'!$A$2:$A$200,0))="","",INDEX('Test catalog'!$M$2:$M$200,MATCH($Y276,'Test catalog'!$A$2:$A$200,0))),"") | P276: =IFERROR(IF(INDEX('Test catalog'!$N$2:$N$200,MATCH($Y276,'Test catalog'!$A$2:$A$200,0))="","",INDEX('Test catalog'!$N$2:$N$200,MATCH($Y276,'Test catalog'!$A$2:$A$200,0))),"") | Q276: =IFERROR(IF(INDEX('Test catalog'!$O$2:$O$200,MATCH($Y276,'Test catalog'!$A$2:$A$200,0))="","",INDEX('Test catalog'!$O$2:$O$200,MATCH($Y276,'Test catalog'!$A$2:$A$200,0))),"") | R276: =IFERROR(IF(INDEX('Test catalog'!$P$2:$P$200,MATCH($Y276,'Test catalog'!$A$2:$A$200,0))="","",INDEX('Test catalog'!$P$2:$P$200,MATCH($Y276,'Test catalog'!$A$2:$A$200,0))),"") | T276: N | U276: =IFERROR(IF(INDEX('Test catalog'!$Q$2:$Q$200,MATCH($Y276,'Test catalog'!$A$2:$A$200,0))="","",INDEX('Test catalog'!$Q$2:$Q$200,MATCH($Y276,'Test catalog'!$A$2:$A$200,0))),"") | Y276: ECOLI | Z276: USP <1111> oral solid: TAMC, TYMC, absence of E. coli
A277: F05 | B277: FP | C277: Cardyd-AM 80/5; Cardyd-AM 80/10; Cardyd-AM 40/5; Cardyd-AM 40/10 | Telmisartan, Amlodipine Besylate | D277: Microbial enumeration - TAMC + TYMC (<61> / <2021>) | E277: Y | G277: =IFERROR(IF(INDEX('Test catalog'!$F$2:$F$200,MATCH($Y277,'Test catalog'!$A$2:$A$200,0))="","",INDEX('Test catalog'!$F$2:$F$200,MATCH($Y277,'Test catalog'!$A$2:$A$200,0))),"") | H277: =IFERROR(IF(INDEX('Test catalog'!$G$2:$G$200,MATCH($Y277,'Test catalog'!$A$2:$A$200,0))="","",INDEX('Test catalog'!$G$2:$G$200,MATCH($Y277,'Test catalog'!$A$2:$A$200,0))),"") | I277: =IFERROR(IF(INDEX('Test catalog'!$H$2:$H$200,MATCH($Y277,'Test catalog'!$A$2:$A$200,0))="","",INDEX('Test catalog'!$H$2:$H$200,MATCH($Y277,'Test catalog'!$A$2:$A$200,0))),"") | J277: =IFERROR(IF(INDEX('Test catalog'!$I$2:$I$200,MATCH($Y277,'Test catalog'!$A$2:$A$200,0))="","",INDEX('Test catalog'!$I$2:$I$200,MATCH($Y277,'Test catalog'!$A$2:$A$200,0))),"") | K277: =IF(I277="","",IF(OR(H277="",J277=""),I277,(H277+4*I277+J277)/6)) | L277: =IFERROR(IF(INDEX('Test catalog'!$J$2:$J$200,MATCH($Y277,'Test catalog'!$A$2:$A$200,0))="","",INDEX('Test catalog'!$J$2:$J$200,MATCH($Y277,'Test catalog'!$A$2:$A$200,0))),"") | M277: =IFERROR(IF(INDEX('Test catalog'!$K$2:$K$200,MATCH($Y277,'Test catalog'!$A$2:$A$200,0))="","",INDEX('Test catalog'!$K$2:$K$200,MATCH($Y277,'Test catalog'!$A$2:$A$200,0))),"") | N277: =IFERROR(IF(INDEX('Test catalog'!$L$2:$L$200,MATCH($Y277,'Test catalog'!$A$2:$A$200,0))="","",INDEX('Test catalog'!$L$2:$L$200,MATCH($Y277,'Test catalog'!$A$2:$A$200,0))),"") | O277: =IFERROR(IF(INDEX('Test catalog'!$M$2:$M$200,MATCH($Y277,'Test catalog'!$A$2:$A$200,0))="","",INDEX('Test catalog'!$M$2:$M$200,MATCH($Y277,'Test catalog'!$A$2:$A$200,0))),"") | P277: =IFERROR(IF(INDEX('Test catalog'!$N$2:$N$200,MATCH($Y277,'Test catalog'!$A$2:$A$200,0))="","",INDEX('Test catalog'!$N$2:$N$200,MATCH($Y277,'Test catalog'!$A$2:$A$200,0))),"") | Q277: =IFERROR(IF(INDEX('Test catalog'!$O$2:$O$200,MATCH($Y277,'Test catalog'!$A$2:$A$200,0))="","",INDEX('Test catalog'!$O$2:$O$200,MATCH($Y277,'Test catalog'!$A$2:$A$200,0))),"") | R277: =IFERROR(IF(INDEX('Test catalog'!$P$2:$P$200,MATCH($Y277,'Test catalog'!$A$2:$A$200,0))="","",INDEX('Test catalog'!$P$2:$P$200,MATCH($Y277,'Test catalog'!$A$2:$A$200,0))),"") | T277: Y | U277: =IFERROR(IF(INDEX('Test catalog'!$Q$2:$Q$200,MATCH($Y277,'Test catalog'!$A$2:$A$200,0))="","",INDEX('Test catalog'!$Q$2:$Q$200,MATCH($Y277,'Test catalog'!$A$2:$A$200,0))),"") | Y277: ENUM | Z277: USP <1111> oral solid: TAMC, TYMC, absence of E. coli
A278: F05 | B278: FP | C278: Cardyd-AM 80/5; Cardyd-AM 80/10; Cardyd-AM 40/5; Cardyd-AM 40/10 | Telmisartan, Amlodipine Besylate | D278: Absence of Escherichia coli (<62> / <2022>) | E278: Y | G278: =IFERROR(IF(INDEX('Test catalog'!$F$2:$F$200,MATCH($Y278,'Test catalog'!$A$2:$A$200,0))="","",INDEX('Test catalog'!$F$2:$F$200,MATCH($Y278,'Test catalog'!$A$2:$A$200,0))),"") | H278: =IFERROR(IF(INDEX('Test catalog'!$G$2:$G$200,MATCH($Y278,'Test catalog'!$A$2:$A$200,0))="","",INDEX('Test catalog'!$G$2:$G$200,MATCH($Y278,'Test catalog'!$A$2:$A$200,0))),"") | I278: =IFERROR(IF(INDEX('Test catalog'!$H$2:$H$200,MATCH($Y278,'Test catalog'!$A$2:$A$200,0))="","",INDEX('Test catalog'!$H$2:$H$200,MATCH($Y278,'Test catalog'!$A$2:$A$200,0))),"") | J278: =IFERROR(IF(INDEX('Test catalog'!$I$2:$I$200,MATCH($Y278,'Test catalog'!$A$2:$A$200,0))="","",INDEX('Test catalog'!$I$2:$I$200,MATCH($Y278,'Test catalog'!$A$2:$A$200,0))),"") | K278: =IF(I278="","",IF(OR(H278="",J278=""),I278,(H278+4*I278+J278)/6)) | L278: =IFERROR(IF(INDEX('Test catalog'!$J$2:$J$200,MATCH($Y278,'Test catalog'!$A$2:$A$200,0))="","",INDEX('Test catalog'!$J$2:$J$200,MATCH($Y278,'Test catalog'!$A$2:$A$200,0))),"") | M278: =IFERROR(IF(INDEX('Test catalog'!$K$2:$K$200,MATCH($Y278,'Test catalog'!$A$2:$A$200,0))="","",INDEX('Test catalog'!$K$2:$K$200,MATCH($Y278,'Test catalog'!$A$2:$A$200,0))),"") | N278: =IFERROR(IF(INDEX('Test catalog'!$L$2:$L$200,MATCH($Y278,'Test catalog'!$A$2:$A$200,0))="","",INDEX('Test catalog'!$L$2:$L$200,MATCH($Y278,'Test catalog'!$A$2:$A$200,0))),"") | O278: =IFERROR(IF(INDEX('Test catalog'!$M$2:$M$200,MATCH($Y278,'Test catalog'!$A$2:$A$200,0))="","",INDEX('Test catalog'!$M$2:$M$200,MATCH($Y278,'Test catalog'!$A$2:$A$200,0))),"") | P278: =IFERROR(IF(INDEX('Test catalog'!$N$2:$N$200,MATCH($Y278,'Test catalog'!$A$2:$A$200,0))="","",INDEX('Test catalog'!$N$2:$N$200,MATCH($Y278,'Test catalog'!$A$2:$A$200,0))),"") | Q278: =IFERROR(IF(INDEX('Test catalog'!$O$2:$O$200,MATCH($Y278,'Test catalog'!$A$2:$A$200,0))="","",INDEX('Test catalog'!$O$2:$O$200,MATCH($Y278,'Test catalog'!$A$2:$A$200,0))),"") | R278: =IFERROR(IF(INDEX('Test catalog'!$P$2:$P$200,MATCH($Y278,'Test catalog'!$A$2:$A$200,0))="","",INDEX('Test catalog'!$P$2:$P$200,MATCH($Y278,'Test catalog'!$A$2:$A$200,0))),"") | T278: N | U278: =IFERROR(IF(INDEX('Test catalog'!$Q$2:$Q$200,MATCH($Y278,'Test catalog'!$A$2:$A$200,0))="","",INDEX('Test catalog'!$Q$2:$Q$200,MATCH($Y278,'Test catalog'!$A$2:$A$200,0))),"") | Y278: ECOLI | Z278: USP <1111> oral solid: TAMC, TYMC, absence of E. coli
A279: F06 | B279: FP | C279: Cardyd-H 40/12.5; Cardyd-H 80/12.5; Cardyd-H 80/25 | Telmisartan, Hydrochlorothiazide | D279: Microbial enumeration - TAMC + TYMC (<61> / <2021>) | E279: Y | G279: =IFERROR(IF(INDEX('Test catalog'!$F$2:$F$200,MATCH($Y279,'Test catalog'!$A$2:$A$200,0))="","",INDEX('Test catalog'!$F$2:$F$200,MATCH($Y279,'Test catalog'!$A$2:$A$200,0))),"") | H279: =IFERROR(IF(INDEX('Test catalog'!$G$2:$G$200,MATCH($Y279,'Test catalog'!$A$2:$A$200,0))="","",INDEX('Test catalog'!$G$2:$G$200,MATCH($Y279,'Test catalog'!$A$2:$A$200,0))),"") | I279: =IFERROR(IF(INDEX('Test catalog'!$H$2:$H$200,MATCH($Y279,'Test catalog'!$A$2:$A$200,0))="","",INDEX('Test catalog'!$H$2:$H$200,MATCH($Y279,'Test catalog'!$A$2:$A$200,0))),"") | J279: =IFERROR(IF(INDEX('Test catalog'!$I$2:$I$200,MATCH($Y279,'Test catalog'!$A$2:$A$200,0))="","",INDEX('Test catalog'!$I$2:$I$200,MATCH($Y279,'Test catalog'!$A$2:$A$200,0))),"") | K279: =IF(I279="","",IF(OR(H279="",J279=""),I279,(H279+4*I279+J279)/6)) | L279: =IFERROR(IF(INDEX('Test catalog'!$J$2:$J$200,MATCH($Y279,'Test catalog'!$A$2:$A$200,0))="","",INDEX('Test catalog'!$J$2:$J$200,MATCH($Y279,'Test catalog'!$A$2:$A$200,0))),"") | M279: =IFERROR(IF(INDEX('Test catalog'!$K$2:$K$200,MATCH($Y279,'Test catalog'!$A$2:$A$200,0))="","",INDEX('Test catalog'!$K$2:$K$200,MATCH($Y279,'Test catalog'!$A$2:$A$200,0))),"") | N279: =IFERROR(IF(INDEX('Test catalog'!$L$2:$L$200,MATCH($Y279,'Test catalog'!$A$2:$A$200,0))="","",INDEX('Test catalog'!$L$2:$L$200,MATCH($Y279,'Test catalog'!$A$2:$A$200,0))),"") | O279: =IFERROR(IF(INDEX('Test catalog'!$M$2:$M$200,MATCH($Y279,'Test catalog'!$A$2:$A$200,0))="","",INDEX('Test catalog'!$M$2:$M$200,MATCH($Y279,'Test catalog'!$A$2:$A$200,0))),"") | P279: =IFERROR(IF(INDEX('Test catalog'!$N$2:$N$200,MATCH($Y279,'Test catalog'!$A$2:$A$200,0))="","",INDEX('Test catalog'!$N$2:$N$200,MATCH($Y279,'Test catalog'!$A$2:$A$200,0))),"") | Q279: =IFERROR(IF(INDEX('Test catalog'!$O$2:$O$200,MATCH($Y279,'Test catalog'!$A$2:$A$200,0))="","",INDEX('Test catalog'!$O$2:$O$200,MATCH($Y279,'Test catalog'!$A$2:$A$200,0))),"") | R279: =IFERROR(IF(INDEX('Test catalog'!$P$2:$P$200,MATCH($Y279,'Test catalog'!$A$2:$A$200,0))="","",INDEX('Test catalog'!$P$2:$P$200,MATCH($Y279,'Test catalog'!$A$2:$A$200,0))),"") | T279: Y | U279: =IFERROR(IF(INDEX('Test catalog'!$Q$2:$Q$200,MATCH($Y279,'Test catalog'!$A$2:$A$200,0))="","",INDEX('Test catalog'!$Q$2:$Q$200,MATCH($Y279,'Test catalog'!$A$2:$A$200,0))),"") | Y279: ENUM | Z279: USP <1111> oral solid: TAMC, TYMC, absence of E. coli
A280: F06 | B280: FP | C280: Cardyd-H 40/12.5; Cardyd-H 80/12.5; Cardyd-H 80/25 | Telmisartan, Hydrochlorothiazide | D280: Absence of Escherichia coli (<62> / <2022>) | E280: Y | G280: =IFERROR(IF(INDEX('Test catalog'!$F$2:$F$200,MATCH($Y280,'Test catalog'!$A$2:$A$200,0))="","",INDEX('Test catalog'!$F$2:$F$200,MATCH($Y280,'Test catalog'!$A$2:$A$200,0))),"") | H280: =IFERROR(IF(INDEX('Test catalog'!$G$2:$G$200,MATCH($Y280,'Test catalog'!$A$2:$A$200,0))="","",INDEX('Test catalog'!$G$2:$G$200,MATCH($Y280,'Test catalog'!$A$2:$A$200,0))),"") | I280: =IFERROR(IF(INDEX('Test catalog'!$H$2:$H$200,MATCH($Y280,'Test catalog'!$A$2:$A$200,0))="","",INDEX('Test catalog'!$H$2:$H$200,MATCH($Y280,'Test catalog'!$A$2:$A$200,0))),"") | J280: =IFERROR(IF(INDEX('Test catalog'!$I$2:$I$200,MATCH($Y280,'Test catalog'!$A$2:$A$200,0))="","",INDEX('Test catalog'!$I$2:$I$200,MATCH($Y280,'Test catalog'!$A$2:$A$200,0))),"") | K280: =IF(I280="","",IF(OR(H280="",J280=""),I280,(H280+4*I280+J280)/6)) | L280: =IFERROR(IF(INDEX('Test catalog'!$J$2:$J$200,MATCH($Y280,'Test catalog'!$A$2:$A$200,0))="","",INDEX('Test catalog'!$J$2:$J$200,MATCH($Y280,'Test catalog'!$A$2:$A$200,0))),"") | M280: =IFERROR(IF(INDEX('Test catalog'!$K$2:$K$200,MATCH($Y280,'Test catalog'!$A$2:$A$200,0))="","",INDEX('Test catalog'!$K$2:$K$200,MATCH($Y280,'Test catalog'!$A$2:$A$200,0))),"") | N280: =IFERROR(IF(INDEX('Test catalog'!$L$2:$L$200,MATCH($Y280,'Test catalog'!$A$2:$A$200,0))="","",INDEX('Test catalog'!$L$2:$L$200,MATCH($Y280,'Test catalog'!$A$2:$A$200,0))),"") | O280: =IFERROR(IF(INDEX('Test catalog'!$M$2:$M$200,MATCH($Y280,'Test catalog'!$A$2:$A$200,0))="","",INDEX('Test catalog'!$M$2:$M$200,MATCH($Y280,'Test catalog'!$A$2:$A$200,0))),"") | P280: =IFERROR(IF(INDEX('Test catalog'!$N$2:$N$200,MATCH($Y280,'Test catalog'!$A$2:$A$200,0))="","",INDEX('Test catalog'!$N$2:$N$200,MATCH($Y280,'Test catalog'!$A$2:$A$200,0))),"") | Q280: =IFERROR(IF(INDEX('Test catalog'!$O$2:$O$200,MATCH($Y280,'Test catalog'!$A$2:$A$200,0))="","",INDEX('Test catalog'!$O$2:$O$200,MATCH($Y280,'Test catalog'!$A$2:$A$200,0))),"") | R280: =IFERROR(IF(INDEX('Test catalog'!$P$2:$P$200,MATCH($Y280,'Test catalog'!$A$2:$A$200,0))="","",INDEX('Test catalog'!$P$2:$P$200,MATCH($Y280,'Test catalog'!$A$2:$A$200,0))),"") | T280: N | U280: =IFERROR(IF(INDEX('Test catalog'!$Q$2:$Q$200,MATCH($Y280,'Test catalog'!$A$2:$A$200,0))="","",INDEX('Test catalog'!$Q$2:$Q$200,MATCH($Y280,'Test catalog'!$A$2:$A$200,0))),"") | Y280: ECOLI | Z280: USP <1111> oral solid: TAMC, TYMC, absence of E. coli
... A297: F14 | B297: FP | C297: Azelastin+Fluticasone (Nasal Spray) | Azelastine Hydrochloride, Fluticasone Propionate | D297: Absence of Pseudomonas aeruginosa (<62>) | E297: Y | G297: =IFERROR(IF(INDEX('Test catalog'!$F$2:$F$200,MATCH($Y297,'Test catalog'!$A$2:$A$200,0))="","",INDEX('Test catalog'!$F$2:$F$200,MATCH($Y297,'Test catalog'!$A$2:$A$200,0))),"") | H297: =IFERROR(IF(INDEX('Test catalog'!$G$2:$G$200,MATCH($Y297,'Test catalog'!$A$2:$A$200,0))="","",INDEX('Test catalog'!$G$2:$G$200,MATCH($Y297,'Test catalog'!$A$2:$A$200,0))),"") | I297: =IFERROR(IF(INDEX('Test catalog'!$H$2:$H$200,MATCH($Y297,'Test catalog'!$A$2:$A$200,0))="","",INDEX('Test catalog'!$H$2:$H$200,MATCH($Y297,'Test catalog'!$A$2:$A$200,0))),"") | J297: =IFERROR(IF(INDEX('Test catalog'!$I$2:$I$200,MATCH($Y297,'Test catalog'!$A$2:$A$200,0))="","",INDEX('Test catalog'!$I$2:$I$200,MATCH($Y297,'Test catalog'!$A$2:$A$200,0))),"") | K297: =IF(I297="","",IF(OR(H297="",J297=""),I297,(H297+4*I297+J297)/6)) | L297: =IFERROR(IF(INDEX('Test catalog'!$J$2:$J$200,MATCH($Y297,'Test catalog'!$A$2:$A$200,0))="","",INDEX('Test catalog'!$J$2:$J$200,MATCH($Y297,'Test catalog'!$A$2:$A$200,0))),"") | M297: =IFERROR(IF(INDEX('Test catalog'!$K$2:$K$200,MATCH($Y297,'Test catalog'!$A$2:$A$200,0))="","",INDEX('Test catalog'!$K$2:$K$200,MATCH($Y297,'Test catalog'!$A$2:$A$200,0))),"") | N297: =IFERROR(IF(INDEX('Test catalog'!$L$2:$L$200,MATCH($Y297,'Test catalog'!$A$2:$A$200,0))="","",INDEX('Test catalog'!$L$2:$L$200,MATCH($Y297,'Test catalog'!$A$2:$A$200,0))),"") | O297: =IFERROR(IF(INDEX('Test catalog'!$M$2:$M$200,MATCH($Y297,'Test catalog'!$A$2:$A$200,0))="","",INDEX('Test catalog'!$M$2:$M$200,MATCH($Y297,'Test catalog'!$A$2:$A$200,0))),"") | P297: =IFERROR(IF(INDEX('Test catalog'!$N$2:$N$200,MATCH($Y297,'Test catalog'!$A$2:$A$200,0))="","",INDEX('Test catalog'!$N$2:$N$200,MATCH($Y297,'Test catalog'!$A$2:$A$200,0))),"") | Q297: =IFERROR(IF(INDEX('Test catalog'!$O$2:$O$200,MATCH($Y297,'Test catalog'!$A$2:$A$200,0))="","",INDEX('Test catalog'!$O$2:$O$200,MATCH($Y297,'Test catalog'!$A$2:$A$200,0))),"") | R297: =IFERROR(IF(INDEX('Test catalog'!$P$2:$P$200,MATCH($Y297,'Test catalog'!$A$2:$A$200,0))="","",INDEX('Test catalog'!$P$2:$P$200,MATCH($Y297,'Test catalog'!$A$2:$A$200,0))),"") | T297: N | U297: =IFERROR(IF(INDEX('Test catalog'!$Q$2:$Q$200,MATCH($Y297,'Test catalog'!$A$2:$A$200,0))="","",INDEX('Test catalog'!$Q$2:$Q$200,MATCH($Y297,'Test catalog'!$A$2:$A$200,0))),"") | Y297: PSAE | Z297: USP <1111> nasal use: TAMC, TYMC, absence of S. aureus and P. aeruginosa; <51> for a preserved product
A298: F14 | B298: FP | C298: Azelastin+Fluticasone (Nasal Spray) | Azelastine Hydrochloride, Fluticasone Propionate | D298: Antimicrobial effectiveness / preservative efficacy (<51>) | E298: Y | G298: =IFERROR(IF(INDEX('Test catalog'!$F$2:$F$200,MATCH($Y298,'Test catalog'!$A$2:$A$200,0))="","",INDEX('Test catalog'!$F$2:$F$200,MATCH($Y298,'Test catalog'!$A$2:$A$200,0))),"") | H298: =IFERROR(IF(INDEX('Test catalog'!$G$2:$G$200,MATCH($Y298,'Test catalog'!$A$2:$A$200,0))="","",INDEX('Test catalog'!$G$2:$G$200,MATCH($Y298,'Test catalog'!$A$2:$A$200,0))),"") | I298: =IFERROR(IF(INDEX('Test catalog'!$H$2:$H$200,MATCH($Y298,'Test catalog'!$A$2:$A$200,0))="","",INDEX('Test catalog'!$H$2:$H$200,MATCH($Y298,'Test catalog'!$A$2:$A$200,0))),"") | J298: =IFERROR(IF(INDEX('Test catalog'!$I$2:$I$200,MATCH($Y298,'Test catalog'!$A$2:$A$200,0))="","",INDEX('Test catalog'!$I$2:$I$200,MATCH($Y298,'Test catalog'!$A$2:$A$200,0))),"") | K298: =IF(I298="","",IF(OR(H298="",J298=""),I298,(H298+4*I298+J298)/6)) | L298: =IFERROR(IF(INDEX('Test catalog'!$J$2:$J$200,MATCH($Y298,'Test catalog'!$A$2:$A$200,0))="","",INDEX('Test catalog'!$J$2:$J$200,MATCH($Y298,'Test catalog'!$A$2:$A$200,0))),"") | M298: =IFERROR(IF(INDEX('Test catalog'!$K$2:$K$200,MATCH($Y298,'Test catalog'!$A$2:$A$200,0))="","",INDEX('Test catalog'!$K$2:$K$200,MATCH($Y298,'Test catalog'!$A$2:$A$200,0))),"") | N298: =IFERROR(IF(INDEX('Test catalog'!$L$2:$L$200,MATCH($Y298,'Test catalog'!$A$2:$A$200,0))="","",INDEX('Test catalog'!$L$2:$L$200,MATCH($Y298,'Test catalog'!$A$2:$A$200,0))),"") | O298: =IFERROR(IF(INDEX('Test catalog'!$M$2:$M$200,MATCH($Y298,'Test catalog'!$A$2:$A$200,0))="","",INDEX('Test catalog'!$M$2:$M$200,MATCH($Y298,'Test catalog'!$A$2:$A$200,0))),"") | P298: =IFERROR(IF(INDEX('Test catalog'!$N$2:$N$200,MATCH($Y298,'Test catalog'!$A$2:$A$200,0))="","",INDEX('Test catalog'!$N$2:$N$200,MATCH($Y298,'Test catalog'!$A$2:$A$200,0))),"") | Q298: =IFERROR(IF(INDEX('Test catalog'!$O$2:$O$200,MATCH($Y298,'Test catalog'!$A$2:$A$200,0))="","",INDEX('Test catalog'!$O$2:$O$200,MATCH($Y298,'Test catalog'!$A$2:$A$200,0))),"") | R298: =IFERROR(IF(INDEX('Test catalog'!$P$2:$P$200,MATCH($Y298,'Test catalog'!$A$2:$A$200,0))="","",INDEX('Test catalog'!$P$2:$P$200,MATCH($Y298,'Test catalog'!$A$2:$A$200,0))),"") | T298: Y | U298: =IFERROR(IF(INDEX('Test catalog'!$Q$2:$Q$200,MATCH($Y298,'Test catalog'!$A$2:$A$200,0))="","",INDEX('Test catalog'!$Q$2:$Q$200,MATCH($Y298,'Test catalog'!$A$2:$A$200,0))),"") | X298: Usually stability / validation batches only - give the % in column F | Y298: PET | Z298: USP <1111> nasal use: TAMC, TYMC, absence of S. aureus and P. aeruginosa; <51> for a preserved product
A299: F15 | B299: FP | C299: Scadia 50; Scadia 100; Scadia 200 | Sacubitril/Valsartan 3Sodium 2.5H2O Co-crystal | D299: Microbial enumeration - TAMC + TYMC (<61> / <2021>) | E299: Y | G299: =IFERROR(IF(INDEX('Test catalog'!$F$2:$F$200,MATCH($Y299,'Test catalog'!$A$2:$A$200,0))="","",INDEX('Test catalog'!$F$2:$F$200,MATCH($Y299,'Test catalog'!$A$2:$A$200,0))),"") | H299: =IFERROR(IF(INDEX('Test catalog'!$G$2:$G$200,MATCH($Y299,'Test catalog'!$A$2:$A$200,0))="","",INDEX('Test catalog'!$G$2:$G$200,MATCH($Y299,'Test catalog'!$A$2:$A$200,0))),"") | I299: =IFERROR(IF(INDEX('Test catalog'!$H$2:$H$200,MATCH($Y299,'Test catalog'!$A$2:$A$200,0))="","",INDEX('Test catalog'!$H$2:$H$200,MATCH($Y299,'Test catalog'!$A$2:$A$200,0))),"") | J299: =IFERROR(IF(INDEX('Test catalog'!$I$2:$I$200,MATCH($Y299,'Test catalog'!$A$2:$A$200,0))="","",INDEX('Test catalog'!$I$2:$I$200,MATCH($Y299,'Test catalog'!$A$2:$A$200,0))),"") | K299: =IF(I299="","",IF(OR(H299="",J299=""),I299,(H299+4*I299+J299)/6)) | L299: =IFERROR(IF(INDEX('Test catalog'!$J$2:$J$200,MATCH($Y299,'Test catalog'!$A$2:$A$200,0))="","",INDEX('Test catalog'!$J$2:$J$200,MATCH($Y299,'Test catalog'!$A$2:$A$200,0))),"") | M299: =IFERROR(IF(INDEX('Test catalog'!$K$2:$K$200,MATCH($Y299,'Test catalog'!$A$2:$A$200,0))="","",INDEX('Test catalog'!$K$2:$K$200,MATCH($Y299,'Test catalog'!$A$2:$A$200,0))),"") | N299: =IFERROR(IF(INDEX('Test catalog'!$L$2:$L$200,MATCH($Y299,'Test catalog'!$A$2:$A$200,0))="","",INDEX('Test catalog'!$L$2:$L$200,MATCH($Y299,'Test catalog'!$A$2:$A$200,0))),"") | O299: =IFERROR(IF(INDEX('Test catalog'!$M$2:$M$200,MATCH($Y299,'Test catalog'!$A$2:$A$200,0))="","",INDEX('Test catalog'!$M$2:$M$200,MATCH($Y299,'Test catalog'!$A$2:$A$200,0))),"") | P299: =IFERROR(IF(INDEX('Test catalog'!$N$2:$N$200,MATCH($Y299,'Test catalog'!$A$2:$A$200,0))="","",INDEX('Test catalog'!$N$2:$N$200,MATCH($Y299,'Test catalog'!$A$2:$A$200,0))),"") | Q299: =IFERROR(IF(INDEX('Test catalog'!$O$2:$O$200,MATCH($Y299,'Test catalog'!$A$2:$A$200,0))="","",INDEX('Test catalog'!$O$2:$O$200,MATCH($Y299,'Test catalog'!$A$2:$A$200,0))),"") | R299: =IFERROR(IF(INDEX('Test catalog'!$P$2:$P$200,MATCH($Y299,'Test catalog'!$A$2:$A$200,0))="","",INDEX('Test catalog'!$P$2:$P$200,MATCH($Y299,'Test catalog'!$A$2:$A$200,0))),"") | T299: Y | U299: =IFERROR(IF(INDEX('Test catalog'!$Q$2:$Q$200,MATCH($Y299,'Test catalog'!$A$2:$A$200,0))="","",INDEX('Test catalog'!$Q$2:$Q$200,MATCH($Y299,'Test catalog'!$A$2:$A$200,0))),"") | Y299: ENUM | Z299: USP <1111> oral solid: TAMC, TYMC, absence of E. coli
