Workbook

Sheet Overview
A1: Physical Lab Analyst Questionnaire
A2: Deliverable 2 - analyst edition. Part of the QC Laboratory Capacity, Staffing Gap and CAPEX Assessment.
A4: Area | B4: QC Physical Laboratory - finished products (release, stability, in-process checks), plus any raw-material and packaging physical tests
A5: Who fills it | B5: Each analyst who runs physical tests (2-3 people). Each person fills a separate copy.
A6: Time needed | B6: About 1.5 hours: questions 20 min, test catalog 30 min, the rest on the tables.
A8: Sheet: Guide | B8: Rules, and what each column means.
A9: Sheet: Questions | B9: Respondent profile, samples & IPC, methods, workload.
A10: Sheet: Volumes | B10: In-process checks per batch for each product (and release / stability numbers if you know them).
A11: Sheet: Test catalog | B11: Time each physical test once (weight, diameter, thickness, hardness, brittleness, friability, disintegration ...).
A12: Sheet: Test times | B12: One row per family x physical test: confirm Applicable (grey rows come from the catalog).
A13: Sheet: Extra tests | B13: Tests missing from the list: raw-material (particle size, bulk / tapped density), packaging (dimensions, leak test), dissolution bath work ...
A15: How to fill | B15: Read the 'Guide' sheet first: rules, which sheets take new rows, and what every column means.
A16: Data basis | B16: 107 products in 64 method families; dosage forms: 96 Tablet, 7 Capsule, 2 Sachet, 1 Nasal spray, 1 not stated.
A17: Data basis | B17: 480 family x test rows; the 10 physical tests are timed once on 'Test catalog' and linked by dosage form.
A18: Data basis | B18: No recorded physical test times exist yet, so all times are new estimates.
A20: Respondent
A21: Date
A22: Reviewed by (unit head)

Sheet Guide
A1: How to fill
A2: Colours | B2: Yellow = you type. Grey = pre-filled or automatic; type over a grey value only if it is wrong. Dark-grey row = Applicable = N or Outsourced = Y (outsourced rows still take the in-house Prep time).
A3: Units | B3: Times in HOURS (0.25 = 15 min) per sample unless the header says per sequence.
A4: Minimum effort | B4: Only 'Prep – MOST LIKELY' is required; MIN and MAX are optional. Blank = not known.
A5: Outsourced tests | B5: Outsourced = Y. Enter only in-house time (sampling, sending, checking the report) as Prep; leave instrument times blank.
A6: Columns | B6: Do not insert, delete or reorder columns - answers are collected by column position.
A7: Adding rows | B7: Use the empty rows at the bottom of a sheet. If you need more: select the last empty row, Ctrl+C, right-click the row number below it, 'Insert Copied Cells' - colours, dropdowns and formulas come with it.
A8: Hands-on vs instrument | B8: Analyst columns = hands-on time only. Unattended time (disintegration run, friabilator drum, dissolution bath) goes in 'Instrument run'.
A9: Fill order | B9: 1) Test catalog - each physical test is timed once and copied to every family that uses it. 2) Test times - confirm Applicable per family; type over a grey value only where one family differs. 3) Volumes (in-process checks), then Questions.
A10: Catalog time | B10: One catalog row = the time of ONE test on ONE sample (e.g. one friability test). Every Test times row with that Catalog code gets it, so each row is counted once.
A11: One test needs its own time | B11: e.g. Disintegration of film-coated tablets 40 min while the rest of DISINT stays 20: on Test catalog copy the DISINT row into a new row (Insert Copied Cells), give it a new Code (e.g. DIS_FC) and its own times; on Test times filter Test = Disintegration, pick the film-coated families and change Catalog code to DIS_FC. Those rows then follow the new row.
A12: One family differs | B12: Type over that row's grey cells on Test times (e.g. disintegration of an enteric-coated tablet that takes much longer). That cell then stops following the catalog.
A13: Missing / unused tests | B13: Unused test: Applicable = N (do not delete the row). Missing test: add it on 'Extra tests'.
... A126: AA · Outsourced (Y/N) | B126: Y = sent to an external lab. Then enter only in-house time (sampling, sending, checking the report) as Prep; leave instrument times blank.

Sheet Questions
A1: # | B1: Question | C1: Answer
A2: A. Respondent
A3: A1 | B3: Name / ID, role, years of QC experience.
A4: A2 | B4: Which instruments are you qualified on (balance, tablet tester, friabilator, disintegration tester, dissolution bath, moisture analyser, sieve shaker, density tester, leak tester)?
A5: A3 | B5: Contract hours per week and annual leave weeks.
A6: A4 | B6: In a normal week, what % of your time is: testing / reviewing others' data / documentation & LIMS / meetings & training / cleaning & housekeeping / investigations? (should add to 100%)
A7: A5 | B7: Average overtime hours per month over the last 6 months, and the main reason.
A8: A6 | B8: Is any method or instrument in your area done by only one qualified person? Which?
A9: B. Samples and in-process checks
A10: B1 | B10: Who does the in-process checks during compression / encapsulation / filling: the Physical lab, production operators, or both? How many checks per batch and how many units per check? (enter on 'Volumes')
A11: B2 | B11: Do you walk to the production line for in-process checks, or are samples brought to the lab? Minutes per round trip?
A12: B3 | B12: Stability: which physical tests are run at stability pulls (hardness, disintegration, ...)? How many stability samples per year?
A13: B4 | B13: Who checks appearance / description of finished products and raw materials: the Physical or the Chemical lab?
A14: B5 | B14: Does the Physical lab test raw materials (particle size, bulk / tapped density, sieve analysis, flow) or packaging materials (dimensions, foil thickness, leak test)? Which tests, and how many samples per year? (add them on 'Extra tests')
A15: C. Methods and instruments
A16: C1 | B16: Are weight, thickness, diameter and hardness measured on one automatic tablet tester in one run, or one by one (balance, caliper, hardness tester)?
A17: C2 | B17: Brittleness: how is it measured, on which instrument, and how is it different from hardness and friability?
A18: C3 | B18: Disintegration: how many baskets / stations? How long for uncoated, film-coated and enteric-coated tablets? How many runs at once?
A19: C4 | B19: Dissolution: does the Physical lab run the bath and take the samples (with UV / HPLC finish in the Chemical lab)? If yes, add it on 'Extra tests'.
A20: C5 | B20: How many days per month is each instrument down (breakdown, calibration, waiting for repair)?
A21: C6 | B21: Which instrument do you wait for most? How often per week and for how long?
A22: D. Workload and service level
A23: D1 | B23: Target time for an in-process result (minutes) and for release results (days); actual typical times. Has production waited for you?
A24: D2 | B24: How many samples are typically waiting at month end? Which months are busiest (production campaigns)?
A25: D3 | B25: Non-routine work - number per year and hours each: (a) instrument calibration / mechanical checks (disintegration tester, friabilator, hardness tester, dissolution bath, daily balance checks); (b) process validation batches with extra sampling; (c) OOS investigations; (d) complaint samples; (e) R&D or trial batches.
A26: D4 | B26: Which new products in the next 2-3 years need new physical tests (chewable, orodispersible, effervescent, coated, modified release)?
A27: E. Closing
A28: E1 | B28: If you had one more analyst or one more instrument, what would change first?
A29: E2 | B29: What is the biggest risk to on-time in-process and release results today?

Sheet Volumes
A1: Product | B1: Active(s) (from product formulas) | C1: # Actives | D1: Dosage form (verify) | E1: Family ID | F1: Release batches / yr (now) | G1: Stability samples / yr (now) | H1: Status | I1: Release batches / yr (future, blank = growth %) | J1: Stability samples / yr (future) | K1: Release used future (auto) | L1: Stability used future (auto) | M1: Notes | N1: IPC checks per batch (Physical lab) | O1: Units tested per IPC check
A2: Ezetimibe-Rosuvastatin 10-10 | B2: Ezetimibe, Rosuvastatin Calcium | C2: 2 | D2: Tablet | E2: F01 | H2: Marketed
A3: Ezetimibe-Rosuvastatin 10-20 | B3: Ezetimibe, Rosuvastatin Calcium | C3: 2 | D3: Tablet | E3: F01 | H3: Marketed
A4: Ezetimibe-Rosuvastatin 10-40 | B4: Ezetimibe, Rosuvastatin Calcium | C4: 2 | D4: Tablet | E4: F01 | H4: Marketed
A5: Resmitrom (Resffera) 60 | B5: Resmetirom | C5: 1 | D5: Tablet | E5: F02 | H5: Marketed
A6: Resmitrom (Resffera) 80 | B6: Resmetirom | C6: 1 | D6: Tablet | E6: F02 | H6: Marketed
A7: Resmitrom (Resffera) 100 | B7: Resmetirom | C7: 1 | D7: Tablet | E7: F02 | H7: Marketed
A8: Finerodyd 10 | B8: Finerenone | C8: 1 | D8: Tablet | E8: F03 | H8: Marketed
A9: Finerodyd 20 | B9: Finerenone | C9: 1 | D9: Tablet | E9: F03 | H9: Marketed
A10: Cardyd 20 | B10: Telmisartan | C10: 1 | D10: Tablet | E10: F04 | H10: Marketed
A11: Cardyd 40 | B11: Telmisartan | C11: 1 | D11: Tablet | E11: F04 | H11: Marketed
A12: Cardyd 80 | B12: Telmisartan | C12: 1 | D12: Tablet | E12: F04 | H12: Marketed
A13: Cardyd-AM 80/5 | B13: Telmisartan, Amlodipine Besylate | C13: 2 | D13: Tablet | E13: F05 | H13: Marketed
... A107: Hair and Skin | B107: Biotin (Vitamin B7), Folic Acid (Vitamin B9) (+7 more) | C107: 9 | D107: Tablet | E107: F64 | H107: Marketed
A108: Stability samples/yr = number of stability studies running x time points pulled per year (each pull = 1 sample).

Sheet Test catalog
A1: Code | B1: Test | C1: Instrument | D1: Rows using it (auto) | E1: Lab catalog time (min) | F1: Setup analyst h / sequence | G1: Setup instrument h / sequence | H1: Prep analyst h/sample – MIN | I1: Prep – MOST LIKELY | J1: Prep – MAX | K1: Instrument run h / sample | L1: Data processing + doc h / sample | M1: Review h / sample | N1: Samples per sequence / run | O1: Outsourced (Y/N) | P1: Notes
A2: AVG_WT | B2: Average weight / uniformity of mass | C2: Balance | D2: =COUNTIFS('Test times'!$AB:$AB,$A2,'Test times'!$F:$F,"Y")
A3: DIAM | B3: Diameter (or length / width) | C3: Tablet tester | D3: =COUNTIFS('Test times'!$AB:$AB,$A3,'Test times'!$F:$F,"Y")
A4: THICK | B4: Thickness | C4: Tablet tester | D4: =COUNTIFS('Test times'!$AB:$AB,$A4,'Test times'!$F:$F,"Y")
A5: HARD | B5: Hardness / breaking force | C5: Tablet tester | D5: =COUNTIFS('Test times'!$AB:$AB,$A5,'Test times'!$F:$F,"Y")
A6: BRITTLE | B6: Brittleness | C6: Other / bench | D6: =COUNTIFS('Test times'!$AB:$AB,$A6,'Test times'!$F:$F,"Y")
A7: FRIAB | B7: Friability | C7: Friabilator | D7: =COUNTIFS('Test times'!$AB:$AB,$A7,'Test times'!$F:$F,"Y")
A8: DISINT | B8: Disintegration | C8: Disintegration tester | D8: =COUNTIFS('Test times'!$AB:$AB,$A8,'Test times'!$F:$F,"Y")
A9: IPC | B9: In-process check at the machine (one check, all its tests) | C9: Tablet tester | D9: =COUNTIFS('Test times'!$AB:$AB,$A9,'Test times'!$F:$F,"Y")
A10: FILL | B10: Fill volume / deliverable volume | C10: Balance | D10: =COUNTIFS('Test times'!$AB:$AB,$A10,'Test times'!$F:$F,"Y")
A11: SPRAY | B11: Spray weight per actuation (shot weight) | C11: Balance | D11: =COUNTIFS('Test times'!$AB:$AB,$A11,'Test times'!$F:$F,"Y")

Sheet Test times
A1: Key (Family ID / Material) | B1: Type | C1: Description | D1: Test | E1: Lookup key (auto) | F1: Applicable (Y/N) | G1: Instrument | H1: Complexity | I1: No. of separate methods | J1: Campaign group code | K1: Setup analyst h / sequence | L1: Setup instrument h / sequence | M1: Prep analyst h/sample – MIN | N1: Prep – MOST LIKELY | O1: Prep – MAX | P1: Prep PERT (auto) | Q1: Instrument run h / sample | R1: Dissolution bath h / sample | S1: Data processing + doc h / sample | T1: Review h / sample | U1: Samples per sequence | V1: Retest / OOS % | W1: Applies to stability (Y/N) | X1: Respondent(s) / source | Y1: Confidence | Z1: Notes / difficulty | AA1: Outsourced (Y/N) | AB1: Catalog code
A2: F01 | B2: FP | C2: Ezetimibe-Rosuvastatin 10-10; Ezetimibe-Rosuvastatin 10-20; Ezetimibe-Rosuvastatin 10-40 | Ezetimibe, Rosuvastatin Calcium | D2: Average weight / uniformity of mass | E2: =IF(A2="","",A2&"|"&D2) | F2: Y | G2: Balance | H2: Low | I2: 1 | K2: =IFERROR(IF(INDEX('Test catalog'!$F$2:$F$200,MATCH($AB2,'Test catalog'!$A$2:$A$200,0))="","",INDEX('Test catalog'!$F$2:$F$200,MATCH($AB2,'Test catalog'!$A$2:$A$200,0))),"") | L2: =IFERROR(IF(INDEX('Test catalog'!$G$2:$G$200,MATCH($AB2,'Test catalog'!$A$2:$A$200,0))="","",INDEX('Test catalog'!$G$2:$G$200,MATCH($AB2,'Test catalog'!$A$2:$A$200,0))),"") | M2: =IFERROR(IF(INDEX('Test catalog'!$H$2:$H$200,MATCH($AB2,'Test catalog'!$A$2:$A$200,0))="","",INDEX('Test catalog'!$H$2:$H$200,MATCH($AB2,'Test catalog'!$A$2:$A$200,0))),"") | N2: =IFERROR(IF(INDEX('Test catalog'!$I$2:$I$200,MATCH($AB2,'Test catalog'!$A$2:$A$200,0))="","",INDEX('Test catalog'!$I$2:$I$200,MATCH($AB2,'Test catalog'!$A$2:$A$200,0))),"") | O2: =IFERROR(IF(INDEX('Test catalog'!$J$2:$J$200,MATCH($AB2,'Test catalog'!$A$2:$A$200,0))="","",INDEX('Test catalog'!$J$2:$J$200,MATCH($AB2,'Test catalog'!$A$2:$A$200,0))),"") | P2: =IF(N2="","",IF(OR(M2="",O2=""),N2,(M2+4*N2+O2)/6)) | Q2: =IFERROR(IF(INDEX('Test catalog'!$K$2:$K$200,MATCH($AB2,'Test catalog'!$A$2:$A$200,0))="","",INDEX('Test catalog'!$K$2:$K$200,MATCH($AB2,'Test catalog'!$A$2:$A$200,0))),"") | S2: =IFERROR(IF(INDEX('Test catalog'!$L$2:$L$200,MATCH($AB2,'Test catalog'!$A$2:$A$200,0))="","",INDEX('Test catalog'!$L$2:$L$200,MATCH($AB2,'Test catalog'!$A$2:$A$200,0))),"") | T2: =IFERROR(IF(INDEX('Test catalog'!$M$2:$M$200,MATCH($AB2,'Test catalog'!$A$2:$A$200,0))="","",INDEX('Test catalog'!$M$2:$M$200,MATCH($AB2,'Test catalog'!$A$2:$A$200,0))),"") | U2: =IFERROR(IF(INDEX('Test catalog'!$N$2:$N$200,MATCH($AB2,'Test catalog'!$A$2:$A$200,0))="","",INDEX('Test catalog'!$N$2:$N$200,MATCH($AB2,'Test catalog'!$A$2:$A$200,0))),"") | W2: N | AA2: =IFERROR(IF(INDEX('Test catalog'!$O$2:$O$200,MATCH($AB2,'Test catalog'!$A$2:$A$200,0))="","",INDEX('Test catalog'!$O$2:$O$200,MATCH($AB2,'Test catalog'!$A$2:$A$200,0))),"") | AB2: AVG_WT
A3: F01 | B3: FP | C3: Ezetimibe-Rosuvastatin 10-10; Ezetimibe-Rosuvastatin 10-20; Ezetimibe-Rosuvastatin 10-40 | Ezetimibe, Rosuvastatin Calcium | D3: Diameter (or length / width) | E3: =IF(A3="","",A3&"|"&D3) | F3: Y | G3: Tablet tester | H3: Low | I3: 1 | K3: =IFERROR(IF(INDEX('Test catalog'!$F$2:$F$200,MATCH($AB3,'Test catalog'!$A$2:$A$200,0))="","",INDEX('Test catalog'!$F$2:$F$200,MATCH($AB3,'Test catalog'!$A$2:$A$200,0))),"") | L3: =IFERROR(IF(INDEX('Test catalog'!$G$2:$G$200,MATCH($AB3,'Test catalog'!$A$2:$A$200,0))="","",INDEX('Test catalog'!$G$2:$G$200,MATCH($AB3,'Test catalog'!$A$2:$A$200,0))),"") | M3: =IFERROR(IF(INDEX('Test catalog'!$H$2:$H$200,MATCH($AB3,'Test catalog'!$A$2:$A$200,0))="","",INDEX('Test catalog'!$H$2:$H$200,MATCH($AB3,'Test catalog'!$A$2:$A$200,0))),"") | N3: =IFERROR(IF(INDEX('Test catalog'!$I$2:$I$200,MATCH($AB3,'Test catalog'!$A$2:$A$200,0))="","",INDEX('Test catalog'!$I$2:$I$200,MATCH($AB3,'Test catalog'!$A$2:$A$200,0))),"") | O3: =IFERROR(IF(INDEX('Test catalog'!$J$2:$J$200,MATCH($AB3,'Test catalog'!$A$2:$A$200,0))="","",INDEX('Test catalog'!$J$2:$J$200,MATCH($AB3,'Test catalog'!$A$2:$A$200,0))),"") | P3: =IF(N3="","",IF(OR(M3="",O3=""),N3,(M3+4*N3+O3)/6)) | Q3: =IFERROR(IF(INDEX('Test catalog'!$K$2:$K$200,MATCH($AB3,'Test catalog'!$A$2:$A$200,0))="","",INDEX('Test catalog'!$K$2:$K$200,MATCH($AB3,'Test catalog'!$A$2:$A$200,0))),"") | S3: =IFERROR(IF(INDEX('Test catalog'!$L$2:$L$200,MATCH($AB3,'Test catalog'!$A$2:$A$200,0))="","",INDEX('Test catalog'!$L$2:$L$200,MATCH($AB3,'Test catalog'!$A$2:$A$200,0))),"") | T3: =IFERROR(IF(INDEX('Test catalog'!$M$2:$M$200,MATCH($AB3,'Test catalog'!$A$2:$A$200,0))="","",INDEX('Test catalog'!$M$2:$M$200,MATCH($AB3,'Test catalog'!$A$2:$A$200,0))),"") | U3: =IFERROR(IF(INDEX('Test catalog'!$N$2:$N$200,MATCH($AB3,'Test catalog'!$A$2:$A$200,0))="","",INDEX('Test catalog'!$N$2:$N$200,MATCH($AB3,'Test catalog'!$A$2:$A$200,0))),"") | W3: N | AA3: =IFERROR(IF(INDEX('Test catalog'!$O$2:$O$200,MATCH($AB3,'Test catalog'!$A$2:$A$200,0))="","",INDEX('Test catalog'!$O$2:$O$200,MATCH($AB3,'Test catalog'!$A$2:$A$200,0))),"") | AB3: DIAM
A4: F01 | B4: FP | C4: Ezetimibe-Rosuvastatin 10-10; Ezetimibe-Rosuvastatin 10-20; Ezetimibe-Rosuvastatin 10-40 | Ezetimibe, Rosuvastatin Calcium | D4: Thickness | E4: =IF(A4="","",A4&"|"&D4) | F4: Y | G4: Tablet tester | H4: Low | I4: 1 | K4: =IFERROR(IF(INDEX('Test catalog'!$F$2:$F$200,MATCH($AB4,'Test catalog'!$A$2:$A$200,0))="","",INDEX('Test catalog'!$F$2:$F$200,MATCH($AB4,'Test catalog'!$A$2:$A$200,0))),"") | L4: =IFERROR(IF(INDEX('Test catalog'!$G$2:$G$200,MATCH($AB4,'Test catalog'!$A$2:$A$200,0))="","",INDEX('Test catalog'!$G$2:$G$200,MATCH($AB4,'Test catalog'!$A$2:$A$200,0))),"") | M4: =IFERROR(IF(INDEX('Test catalog'!$H$2:$H$200,MATCH($AB4,'Test catalog'!$A$2:$A$200,0))="","",INDEX('Test catalog'!$H$2:$H$200,MATCH($AB4,'Test catalog'!$A$2:$A$200,0))),"") | N4: =IFERROR(IF(INDEX('Test catalog'!$I$2:$I$200,MATCH($AB4,'Test catalog'!$A$2:$A$200,0))="","",INDEX('Test catalog'!$I$2:$I$200,MATCH($AB4,'Test catalog'!$A$2:$A$200,0))),"") | O4: =IFERROR(IF(INDEX('Test catalog'!$J$2:$J$200,MATCH($AB4,'Test catalog'!$A$2:$A$200,0))="","",INDEX('Test catalog'!$J$2:$J$200,MATCH($AB4,'Test catalog'!$A$2:$A$200,0))),"") | P4: =IF(N4="","",IF(OR(M4="",O4=""),N4,(M4+4*N4+O4)/6)) | Q4: =IFERROR(IF(INDEX('Test catalog'!$K$2:$K$200,MATCH($AB4,'Test catalog'!$A$2:$A$200,0))="","",INDEX('Test catalog'!$K$2:$K$200,MATCH($AB4,'Test catalog'!$A$2:$A$200,0))),"") | S4: =IFERROR(IF(INDEX('Test catalog'!$L$2:$L$200,MATCH($AB4,'Test catalog'!$A$2:$A$200,0))="","",INDEX('Test catalog'!$L$2:$L$200,MATCH($AB4,'Test catalog'!$A$2:$A$200,0))),"") | T4: =IFERROR(IF(INDEX('Test catalog'!$M$2:$M$200,MATCH($AB4,'Test catalog'!$A$2:$A$200,0))="","",INDEX('Test catalog'!$M$2:$M$200,MATCH($AB4,'Test catalog'!$A$2:$A$200,0))),"") | U4: =IFERROR(IF(INDEX('Test catalog'!$N$2:$N$200,MATCH($AB4,'Test catalog'!$A$2:$A$200,0))="","",INDEX('Test catalog'!$N$2:$N$200,MATCH($AB4,'Test catalog'!$A$2:$A$200,0))),"") | W4: N | AA4: =IFERROR(IF(INDEX('Test catalog'!$O$2:$O$200,MATCH($AB4,'Test catalog'!$A$2:$A$200,0))="","",INDEX('Test catalog'!$O$2:$O$200,MATCH($AB4,'Test catalog'!$A$2:$A$200,0))),"") | AB4: THICK
A5: F01 | B5: FP | C5: Ezetimibe-Rosuvastatin 10-10; Ezetimibe-Rosuvastatin 10-20; Ezetimibe-Rosuvastatin 10-40 | Ezetimibe, Rosuvastatin Calcium | D5: Hardness / breaking force | E5: =IF(A5="","",A5&"|"&D5) | F5: Y | G5: Tablet tester | H5: Low | I5: 1 | K5: =IFERROR(IF(INDEX('Test catalog'!$F$2:$F$200,MATCH($AB5,'Test catalog'!$A$2:$A$200,0))="","",INDEX('Test catalog'!$F$2:$F$200,MATCH($AB5,'Test catalog'!$A$2:$A$200,0))),"") | L5: =IFERROR(IF(INDEX('Test catalog'!$G$2:$G$200,MATCH($AB5,'Test catalog'!$A$2:$A$200,0))="","",INDEX('Test catalog'!$G$2:$G$200,MATCH($AB5,'Test catalog'!$A$2:$A$200,0))),"") | M5: =IFERROR(IF(INDEX('Test catalog'!$H$2:$H$200,MATCH($AB5,'Test catalog'!$A$2:$A$200,0))="","",INDEX('Test catalog'!$H$2:$H$200,MATCH($AB5,'Test catalog'!$A$2:$A$200,0))),"") | N5: =IFERROR(IF(INDEX('Test catalog'!$I$2:$I$200,MATCH($AB5,'Test catalog'!$A$2:$A$200,0))="","",INDEX('Test catalog'!$I$2:$I$200,MATCH($AB5,'Test catalog'!$A$2:$A$200,0))),"") | O5: =IFERROR(IF(INDEX('Test catalog'!$J$2:$J$200,MATCH($AB5,'Test catalog'!$A$2:$A$200,0))="","",INDEX('Test catalog'!$J$2:$J$200,MATCH($AB5,'Test catalog'!$A$2:$A$200,0))),"") | P5: =IF(N5="","",IF(OR(M5="",O5=""),N5,(M5+4*N5+O5)/6)) | Q5: =IFERROR(IF(INDEX('Test catalog'!$K$2:$K$200,MATCH($AB5,'Test catalog'!$A$2:$A$200,0))="","",INDEX('Test catalog'!$K$2:$K$200,MATCH($AB5,'Test catalog'!$A$2:$A$200,0))),"") | S5: =IFERROR(IF(INDEX('Test catalog'!$L$2:$L$200,MATCH($AB5,'Test catalog'!$A$2:$A$200,0))="","",INDEX('Test catalog'!$L$2:$L$200,MATCH($AB5,'Test catalog'!$A$2:$A$200,0))),"") | T5: =IFERROR(IF(INDEX('Test catalog'!$M$2:$M$200,MATCH($AB5,'Test catalog'!$A$2:$A$200,0))="","",INDEX('Test catalog'!$M$2:$M$200,MATCH($AB5,'Test catalog'!$A$2:$A$200,0))),"") | U5: =IFERROR(IF(INDEX('Test catalog'!$N$2:$N$200,MATCH($AB5,'Test catalog'!$A$2:$A$200,0))="","",INDEX('Test catalog'!$N$2:$N$200,MATCH($AB5,'Test catalog'!$A$2:$A$200,0))),"") | W5: Y | AA5: =IFERROR(IF(INDEX('Test catalog'!$O$2:$O$200,MATCH($AB5,'Test catalog'!$A$2:$A$200,0))="","",INDEX('Test catalog'!$O$2:$O$200,MATCH($AB5,'Test catalog'!$A$2:$A$200,0))),"") | AB5: HARD
A6: F01 | B6: FP | C6: Ezetimibe-Rosuvastatin 10-10; Ezetimibe-Rosuvastatin 10-20; Ezetimibe-Rosuvastatin 10-40 | Ezetimibe, Rosuvastatin Calcium | D6: Brittleness | E6: =IF(A6="","",A6&"|"&D6) | F6: Y | G6: Other / bench | H6: Low | I6: 1 | K6: =IFERROR(IF(INDEX('Test catalog'!$F$2:$F$200,MATCH($AB6,'Test catalog'!$A$2:$A$200,0))="","",INDEX('Test catalog'!$F$2:$F$200,MATCH($AB6,'Test catalog'!$A$2:$A$200,0))),"") | L6: =IFERROR(IF(INDEX('Test catalog'!$G$2:$G$200,MATCH($AB6,'Test catalog'!$A$2:$A$200,0))="","",INDEX('Test catalog'!$G$2:$G$200,MATCH($AB6,'Test catalog'!$A$2:$A$200,0))),"") | M6: =IFERROR(IF(INDEX('Test catalog'!$H$2:$H$200,MATCH($AB6,'Test catalog'!$A$2:$A$200,0))="","",INDEX('Test catalog'!$H$2:$H$200,MATCH($AB6,'Test catalog'!$A$2:$A$200,0))),"") | N6: =IFERROR(IF(INDEX('Test catalog'!$I$2:$I$200,MATCH($AB6,'Test catalog'!$A$2:$A$200,0))="","",INDEX('Test catalog'!$I$2:$I$200,MATCH($AB6,'Test catalog'!$A$2:$A$200,0))),"") | O6: =IFERROR(IF(INDEX('Test catalog'!$J$2:$J$200,MATCH($AB6,'Test catalog'!$A$2:$A$200,0))="","",INDEX('Test catalog'!$J$2:$J$200,MATCH($AB6,'Test catalog'!$A$2:$A$200,0))),"") | P6: =IF(N6="","",IF(OR(M6="",O6=""),N6,(M6+4*N6+O6)/6)) | Q6: =IFERROR(IF(INDEX('Test catalog'!$K$2:$K$200,MATCH($AB6,'Test catalog'!$A$2:$A$200,0))="","",INDEX('Test catalog'!$K$2:$K$200,MATCH($AB6,'Test catalog'!$A$2:$A$200,0))),"") | S6: =IFERROR(IF(INDEX('Test catalog'!$L$2:$L$200,MATCH($AB6,'Test catalog'!$A$2:$A$200,0))="","",INDEX('Test catalog'!$L$2:$L$200,MATCH($AB6,'Test catalog'!$A$2:$A$200,0))),"") | T6: =IFERROR(IF(INDEX('Test catalog'!$M$2:$M$200,MATCH($AB6,'Test catalog'!$A$2:$A$200,0))="","",INDEX('Test catalog'!$M$2:$M$200,MATCH($AB6,'Test catalog'!$A$2:$A$200,0))),"") | U6: =IFERROR(IF(INDEX('Test catalog'!$N$2:$N$200,MATCH($AB6,'Test catalog'!$A$2:$A$200,0))="","",INDEX('Test catalog'!$N$2:$N$200,MATCH($AB6,'Test catalog'!$A$2:$A$200,0))),"") | W6: N | AA6: =IFERROR(IF(INDEX('Test catalog'!$O$2:$O$200,MATCH($AB6,'Test catalog'!$A$2:$A$200,0))="","",INDEX('Test catalog'!$O$2:$O$200,MATCH($AB6,'Test catalog'!$A$2:$A$200,0))),"") | AB6: BRITTLE
A7: F01 | B7: FP | C7: Ezetimibe-Rosuvastatin 10-10; Ezetimibe-Rosuvastatin 10-20; Ezetimibe-Rosuvastatin 10-40 | Ezetimibe, Rosuvastatin Calcium | D7: Friability | E7: =IF(A7="","",A7&"|"&D7) | F7: Y | G7: Friabilator | H7: Low | I7: 1 | K7: =IFERROR(IF(INDEX('Test catalog'!$F$2:$F$200,MATCH($AB7,'Test catalog'!$A$2:$A$200,0))="","",INDEX('Test catalog'!$F$2:$F$200,MATCH($AB7,'Test catalog'!$A$2:$A$200,0))),"") | L7: =IFERROR(IF(INDEX('Test catalog'!$G$2:$G$200,MATCH($AB7,'Test catalog'!$A$2:$A$200,0))="","",INDEX('Test catalog'!$G$2:$G$200,MATCH($AB7,'Test catalog'!$A$2:$A$200,0))),"") | M7: =IFERROR(IF(INDEX('Test catalog'!$H$2:$H$200,MATCH($AB7,'Test catalog'!$A$2:$A$200,0))="","",INDEX('Test catalog'!$H$2:$H$200,MATCH($AB7,'Test catalog'!$A$2:$A$200,0))),"") | N7: =IFERROR(IF(INDEX('Test catalog'!$I$2:$I$200,MATCH($AB7,'Test catalog'!$A$2:$A$200,0))="","",INDEX('Test catalog'!$I$2:$I$200,MATCH($AB7,'Test catalog'!$A$2:$A$200,0))),"") | O7: =IFERROR(IF(INDEX('Test catalog'!$J$2:$J$200,MATCH($AB7,'Test catalog'!$A$2:$A$200,0))="","",INDEX('Test catalog'!$J$2:$J$200,MATCH($AB7,'Test catalog'!$A$2:$A$200,0))),"") | P7: =IF(N7="","",IF(OR(M7="",O7=""),N7,(M7+4*N7+O7)/6)) | Q7: =IFERROR(IF(INDEX('Test catalog'!$K$2:$K$200,MATCH($AB7,'Test catalog'!$A$2:$A$200,0))="","",INDEX('Test catalog'!$K$2:$K$200,MATCH($AB7,'Test catalog'!$A$2:$A$200,0))),"") | S7: =IFERROR(IF(INDEX('Test catalog'!$L$2:$L$200,MATCH($AB7,'Test catalog'!$A$2:$A$200,0))="","",INDEX('Test catalog'!$L$2:$L$200,MATCH($AB7,'Test catalog'!$A$2:$A$200,0))),"") | T7: =IFERROR(IF(INDEX('Test catalog'!$M$2:$M$200,MATCH($AB7,'Test catalog'!$A$2:$A$200,0))="","",INDEX('Test catalog'!$M$2:$M$200,MATCH($AB7,'Test catalog'!$A$2:$A$200,0))),"") | U7: =IFERROR(IF(INDEX('Test catalog'!$N$2:$N$200,MATCH($AB7,'Test catalog'!$A$2:$A$200,0))="","",INDEX('Test catalog'!$N$2:$N$200,MATCH($AB7,'Test catalog'!$A$2:$A$200,0))),"") | W7: N | AA7: =IFERROR(IF(INDEX('Test catalog'!$O$2:$O$200,MATCH($AB7,'Test catalog'!$A$2:$A$200,0))="","",INDEX('Test catalog'!$O$2:$O$200,MATCH($AB7,'Test catalog'!$A$2:$A$200,0))),"") | AB7: FRIAB
A8: F01 | B8: FP | C8: Ezetimibe-Rosuvastatin 10-10; Ezetimibe-Rosuvastatin 10-20; Ezetimibe-Rosuvastatin 10-40 | Ezetimibe, Rosuvastatin Calcium | D8: Disintegration | E8: =IF(A8="","",A8&"|"&D8) | F8: Y | G8: Disintegration tester | H8: Low | I8: 1 | K8: =IFERROR(IF(INDEX('Test catalog'!$F$2:$F$200,MATCH($AB8,'Test catalog'!$A$2:$A$200,0))="","",INDEX('Test catalog'!$F$2:$F$200,MATCH($AB8,'Test catalog'!$A$2:$A$200,0))),"") | L8: =IFERROR(IF(INDEX('Test catalog'!$G$2:$G$200,MATCH($AB8,'Test catalog'!$A$2:$A$200,0))="","",INDEX('Test catalog'!$G$2:$G$200,MATCH($AB8,'Test catalog'!$A$2:$A$200,0))),"") | M8: =IFERROR(IF(INDEX('Test catalog'!$H$2:$H$200,MATCH($AB8,'Test catalog'!$A$2:$A$200,0))="","",INDEX('Test catalog'!$H$2:$H$200,MATCH($AB8,'Test catalog'!$A$2:$A$200,0))),"") | N8: =IFERROR(IF(INDEX('Test catalog'!$I$2:$I$200,MATCH($AB8,'Test catalog'!$A$2:$A$200,0))="","",INDEX('Test catalog'!$I$2:$I$200,MATCH($AB8,'Test catalog'!$A$2:$A$200,0))),"") | O8: =IFERROR(IF(INDEX('Test catalog'!$J$2:$J$200,MATCH($AB8,'Test catalog'!$A$2:$A$200,0))="","",INDEX('Test catalog'!$J$2:$J$200,MATCH($AB8,'Test catalog'!$A$2:$A$200,0))),"") | P8: =IF(N8="","",IF(OR(M8="",O8=""),N8,(M8+4*N8+O8)/6)) | Q8: =IFERROR(IF(INDEX('Test catalog'!$K$2:$K$200,MATCH($AB8,'Test catalog'!$A$2:$A$200,0))="","",INDEX('Test catalog'!$K$2:$K$200,MATCH($AB8,'Test catalog'!$A$2:$A$200,0))),"") | S8: =IFERROR(IF(INDEX('Test catalog'!$L$2:$L$200,MATCH($AB8,'Test catalog'!$A$2:$A$200,0))="","",INDEX('Test catalog'!$L$2:$L$200,MATCH($AB8,'Test catalog'!$A$2:$A$200,0))),"") | T8: =IFERROR(IF(INDEX('Test catalog'!$M$2:$M$200,MATCH($AB8,'Test catalog'!$A$2:$A$200,0))="","",INDEX('Test catalog'!$M$2:$M$200,MATCH($AB8,'Test catalog'!$A$2:$A$200,0))),"") | U8: =IFERROR(IF(INDEX('Test catalog'!$N$2:$N$200,MATCH($AB8,'Test catalog'!$A$2:$A$200,0))="","",INDEX('Test catalog'!$N$2:$N$200,MATCH($AB8,'Test catalog'!$A$2:$A$200,0))),"") | W8: Y | AA8: =IFERROR(IF(INDEX('Test catalog'!$O$2:$O$200,MATCH($AB8,'Test catalog'!$A$2:$A$200,0))="","",INDEX('Test catalog'!$O$2:$O$200,MATCH($AB8,'Test catalog'!$A$2:$A$200,0))),"") | AB8: DISINT
A9: F01 | B9: FP | C9: Ezetimibe-Rosuvastatin 10-10; Ezetimibe-Rosuvastatin 10-20; Ezetimibe-Rosuvastatin 10-40 | Ezetimibe, Rosuvastatin Calcium | D9: In-process check at the machine (one check, all its tests) | E9: =IF(A9="","",A9&"|"&D9) | F9: Y | G9: Tablet tester | H9: Low | I9: 1 | K9: =IFERROR(IF(INDEX('Test catalog'!$F$2:$F$200,MATCH($AB9,'Test catalog'!$A$2:$A$200,0))="","",INDEX('Test catalog'!$F$2:$F$200,MATCH($AB9,'Test catalog'!$A$2:$A$200,0))),"") | L9: =IFERROR(IF(INDEX('Test catalog'!$G$2:$G$200,MATCH($AB9,'Test catalog'!$A$2:$A$200,0))="","",INDEX('Test catalog'!$G$2:$G$200,MATCH($AB9,'Test catalog'!$A$2:$A$200,0))),"") | M9: =IFERROR(IF(INDEX('Test catalog'!$H$2:$H$200,MATCH($AB9,'Test catalog'!$A$2:$A$200,0))="","",INDEX('Test catalog'!$H$2:$H$200,MATCH($AB9,'Test catalog'!$A$2:$A$200,0))),"") | N9: =IFERROR(IF(INDEX('Test catalog'!$I$2:$I$200,MATCH($AB9,'Test catalog'!$A$2:$A$200,0))="","",INDEX('Test catalog'!$I$2:$I$200,MATCH($AB9,'Test catalog'!$A$2:$A$200,0))),"") | O9: =IFERROR(IF(INDEX('Test catalog'!$J$2:$J$200,MATCH($AB9,'Test catalog'!$A$2:$A$200,0))="","",INDEX('Test catalog'!$J$2:$J$200,MATCH($AB9,'Test catalog'!$A$2:$A$200,0))),"") | P9: =IF(N9="","",IF(OR(M9="",O9=""),N9,(M9+4*N9+O9)/6)) | Q9: =IFERROR(IF(INDEX('Test catalog'!$K$2:$K$200,MATCH($AB9,'Test catalog'!$A$2:$A$200,0))="","",INDEX('Test catalog'!$K$2:$K$200,MATCH($AB9,'Test catalog'!$A$2:$A$200,0))),"") | S9: =IFERROR(IF(INDEX('Test catalog'!$L$2:$L$200,MATCH($AB9,'Test catalog'!$A$2:$A$200,0))="","",INDEX('Test catalog'!$L$2:$L$200,MATCH($AB9,'Test catalog'!$A$2:$A$200,0))),"") | T9: =IFERROR(IF(INDEX('Test catalog'!$M$2:$M$200,MATCH($AB9,'Test catalog'!$A$2:$A$200,0))="","",INDEX('Test catalog'!$M$2:$M$200,MATCH($AB9,'Test catalog'!$A$2:$A$200,0))),"") | U9: =IFERROR(IF(INDEX('Test catalog'!$N$2:$N$200,MATCH($AB9,'Test catalog'!$A$2:$A$200,0))="","",INDEX('Test catalog'!$N$2:$N$200,MATCH($AB9,'Test catalog'!$A$2:$A$200,0))),"") | W9: N | AA9: =IFERROR(IF(INDEX('Test catalog'!$O$2:$O$200,MATCH($AB9,'Test catalog'!$A$2:$A$200,0))="","",INDEX('Test catalog'!$O$2:$O$200,MATCH($AB9,'Test catalog'!$A$2:$A$200,0))),"") | AB9: IPC
A10: F02 | B10: FP | C10: Resmitrom (Resffera) 60; Resmitrom (Resffera) 80; Resmitrom (Resffera) 100 | Resmetirom | D10: Average weight / uniformity of mass | E10: =IF(A10="","",A10&"|"&D10) | F10: Y | G10: Balance | H10: Low | I10: 1 | K10: =IFERROR(IF(INDEX('Test catalog'!$F$2:$F$200,MATCH($AB10,'Test catalog'!$A$2:$A$200,0))="","",INDEX('Test catalog'!$F$2:$F$200,MATCH($AB10,'Test catalog'!$A$2:$A$200,0))),"") | L10: =IFERROR(IF(INDEX('Test catalog'!$G$2:$G$200,MATCH($AB10,'Test catalog'!$A$2:$A$200,0))="","",INDEX('Test catalog'!$G$2:$G$200,MATCH($AB10,'Test catalog'!$A$2:$A$200,0))),"") | M10: =IFERROR(IF(INDEX('Test catalog'!$H$2:$H$200,MATCH($AB10,'Test catalog'!$A$2:$A$200,0))="","",INDEX('Test catalog'!$H$2:$H$200,MATCH($AB10,'Test catalog'!$A$2:$A$200,0))),"") | N10: =IFERROR(IF(INDEX('Test catalog'!$I$2:$I$200,MATCH($AB10,'Test catalog'!$A$2:$A$200,0))="","",INDEX('Test catalog'!$I$2:$I$200,MATCH($AB10,'Test catalog'!$A$2:$A$200,0))),"") | O10: =IFERROR(IF(INDEX('Test catalog'!$J$2:$J$200,MATCH($AB10,'Test catalog'!$A$2:$A$200,0))="","",INDEX('Test catalog'!$J$2:$J$200,MATCH($AB10,'Test catalog'!$A$2:$A$200,0))),"") | P10: =IF(N10="","",IF(OR(M10="",O10=""),N10,(M10+4*N10+O10)/6)) | Q10: =IFERROR(IF(INDEX('Test catalog'!$K$2:$K$200,MATCH($AB10,'Test catalog'!$A$2:$A$200,0))="","",INDEX('Test catalog'!$K$2:$K$200,MATCH($AB10,'Test catalog'!$A$2:$A$200,0))),"") | S10: =IFERROR(IF(INDEX('Test catalog'!$L$2:$L$200,MATCH($AB10,'Test catalog'!$A$2:$A$200,0))="","",INDEX('Test catalog'!$L$2:$L$200,MATCH($AB10,'Test catalog'!$A$2:$A$200,0))),"") | T10: =IFERROR(IF(INDEX('Test catalog'!$M$2:$M$200,MATCH($AB10,'Test catalog'!$A$2:$A$200,0))="","",INDEX('Test catalog'!$M$2:$M$200,MATCH($AB10,'Test catalog'!$A$2:$A$200,0))),"") | U10: =IFERROR(IF(INDEX('Test catalog'!$N$2:$N$200,MATCH($AB10,'Test catalog'!$A$2:$A$200,0))="","",INDEX('Test catalog'!$N$2:$N$200,MATCH($AB10,'Test catalog'!$A$2:$A$200,0))),"") | W10: N | AA10: =IFERROR(IF(INDEX('Test catalog'!$O$2:$O$200,MATCH($AB10,'Test catalog'!$A$2:$A$200,0))="","",INDEX('Test catalog'!$O$2:$O$200,MATCH($AB10,'Test catalog'!$A$2:$A$200,0))),"") | AB10: AVG_WT
A11: F02 | B11: FP | C11: Resmitrom (Resffera) 60; Resmitrom (Resffera) 80; Resmitrom (Resffera) 100 | Resmetirom | D11: Diameter (or length / width) | E11: =IF(A11="","",A11&"|"&D11) | F11: Y | G11: Tablet tester | H11: Low | I11: 1 | K11: =IFERROR(IF(INDEX('Test catalog'!$F$2:$F$200,MATCH($AB11,'Test catalog'!$A$2:$A$200,0))="","",INDEX('Test catalog'!$F$2:$F$200,MATCH($AB11,'Test catalog'!$A$2:$A$200,0))),"") | L11: =IFERROR(IF(INDEX('Test catalog'!$G$2:$G$200,MATCH($AB11,'Test catalog'!$A$2:$A$200,0))="","",INDEX('Test catalog'!$G$2:$G$200,MATCH($AB11,'Test catalog'!$A$2:$A$200,0))),"") | M11: =IFERROR(IF(INDEX('Test catalog'!$H$2:$H$200,MATCH($AB11,'Test catalog'!$A$2:$A$200,0))="","",INDEX('Test catalog'!$H$2:$H$200,MATCH($AB11,'Test catalog'!$A$2:$A$200,0))),"") | N11: =IFERROR(IF(INDEX('Test catalog'!$I$2:$I$200,MATCH($AB11,'Test catalog'!$A$2:$A$200,0))="","",INDEX('Test catalog'!$I$2:$I$200,MATCH($AB11,'Test catalog'!$A$2:$A$200,0))),"") | O11: =IFERROR(IF(INDEX('Test catalog'!$J$2:$J$200,MATCH($AB11,'Test catalog'!$A$2:$A$200,0))="","",INDEX('Test catalog'!$J$2:$J$200,MATCH($AB11,'Test catalog'!$A$2:$A$200,0))),"") | P11: =IF(N11="","",IF(OR(M11="",O11=""),N11,(M11+4*N11+O11)/6)) | Q11: =IFERROR(IF(INDEX('Test catalog'!$K$2:$K$200,MATCH($AB11,'Test catalog'!$A$2:$A$200,0))="","",INDEX('Test catalog'!$K$2:$K$200,MATCH($AB11,'Test catalog'!$A$2:$A$200,0))),"") | S11: =IFERROR(IF(INDEX('Test catalog'!$L$2:$L$200,MATCH($AB11,'Test catalog'!$A$2:$A$200,0))="","",INDEX('Test catalog'!$L$2:$L$200,MATCH($AB11,'Test catalog'!$A$2:$A$200,0))),"") | T11: =IFERROR(IF(INDEX('Test catalog'!$M$2:$M$200,MATCH($AB11,'Test catalog'!$A$2:$A$200,0))="","",INDEX('Test catalog'!$M$2:$M$200,MATCH($AB11,'Test catalog'!$A$2:$A$200,0))),"") | U11: =IFERROR(IF(INDEX('Test catalog'!$N$2:$N$200,MATCH($AB11,'Test catalog'!$A$2:$A$200,0))="","",INDEX('Test catalog'!$N$2:$N$200,MATCH($AB11,'Test catalog'!$A$2:$A$200,0))),"") | W11: N | AA11: =IFERROR(IF(INDEX('Test catalog'!$O$2:$O$200,MATCH($AB11,'Test catalog'!$A$2:$A$200,0))="","",INDEX('Test catalog'!$O$2:$O$200,MATCH($AB11,'Test catalog'!$A$2:$A$200,0))),"") | AB11: DIAM
A12: F02 | B12: FP | C12: Resmitrom (Resffera) 60; Resmitrom (Resffera) 80; Resmitrom (Resffera) 100 | Resmetirom | D12: Thickness | E12: =IF(A12="","",A12&"|"&D12) | F12: Y | G12: Tablet tester | H12: Low | I12: 1 | K12: =IFERROR(IF(INDEX('Test catalog'!$F$2:$F$200,MATCH($AB12,'Test catalog'!$A$2:$A$200,0))="","",INDEX('Test catalog'!$F$2:$F$200,MATCH($AB12,'Test catalog'!$A$2:$A$200,0))),"") | L12: =IFERROR(IF(INDEX('Test catalog'!$G$2:$G$200,MATCH($AB12,'Test catalog'!$A$2:$A$200,0))="","",INDEX('Test catalog'!$G$2:$G$200,MATCH($AB12,'Test catalog'!$A$2:$A$200,0))),"") | M12: =IFERROR(IF(INDEX('Test catalog'!$H$2:$H$200,MATCH($AB12,'Test catalog'!$A$2:$A$200,0))="","",INDEX('Test catalog'!$H$2:$H$200,MATCH($AB12,'Test catalog'!$A$2:$A$200,0))),"") | N12: =IFERROR(IF(INDEX('Test catalog'!$I$2:$I$200,MATCH($AB12,'Test catalog'!$A$2:$A$200,0))="","",INDEX('Test catalog'!$I$2:$I$200,MATCH($AB12,'Test catalog'!$A$2:$A$200,0))),"") | O12: =IFERROR(IF(INDEX('Test catalog'!$J$2:$J$200,MATCH($AB12,'Test catalog'!$A$2:$A$200,0))="","",INDEX('Test catalog'!$J$2:$J$200,MATCH($AB12,'Test catalog'!$A$2:$A$200,0))),"") | P12: =IF(N12="","",IF(OR(M12="",O12=""),N12,(M12+4*N12+O12)/6)) | Q12: =IFERROR(IF(INDEX('Test catalog'!$K$2:$K$200,MATCH($AB12,'Test catalog'!$A$2:$A$200,0))="","",INDEX('Test catalog'!$K$2:$K$200,MATCH($AB12,'Test catalog'!$A$2:$A$200,0))),"") | S12: =IFERROR(IF(INDEX('Test catalog'!$L$2:$L$200,MATCH($AB12,'Test catalog'!$A$2:$A$200,0))="","",INDEX('Test catalog'!$L$2:$L$200,MATCH($AB12,'Test catalog'!$A$2:$A$200,0))),"") | T12: =IFERROR(IF(INDEX('Test catalog'!$M$2:$M$200,MATCH($AB12,'Test catalog'!$A$2:$A$200,0))="","",INDEX('Test catalog'!$M$2:$M$200,MATCH($AB12,'Test catalog'!$A$2:$A$200,0))),"") | U12: =IFERROR(IF(INDEX('Test catalog'!$N$2:$N$200,MATCH($AB12,'Test catalog'!$A$2:$A$200,0))="","",INDEX('Test catalog'!$N$2:$N$200,MATCH($AB12,'Test catalog'!$A$2:$A$200,0))),"") | W12: N | AA12: =IFERROR(IF(INDEX('Test catalog'!$O$2:$O$200,MATCH($AB12,'Test catalog'!$A$2:$A$200,0))="","",INDEX('Test catalog'!$O$2:$O$200,MATCH($AB12,'Test catalog'!$A$2:$A$200,0))),"") | AB12: THICK
A13: F02 | B13: FP | C13: Resmitrom (Resffera) 60; Resmitrom (Resffera) 80; Resmitrom (Resffera) 100 | Resmetirom | D13: Hardness / breaking force | E13: =IF(A13="","",A13&"|"&D13) | F13: Y | G13: Tablet tester | H13: Low | I13: 1 | K13: =IFERROR(IF(INDEX('Test catalog'!$F$2:$F$200,MATCH($AB13,'Test catalog'!$A$2:$A$200,0))="","",INDEX('Test catalog'!$F$2:$F$200,MATCH($AB13,'Test catalog'!$A$2:$A$200,0))),"") | L13: =IFERROR(IF(INDEX('Test catalog'!$G$2:$G$200,MATCH($AB13,'Test catalog'!$A$2:$A$200,0))="","",INDEX('Test catalog'!$G$2:$G$200,MATCH($AB13,'Test catalog'!$A$2:$A$200,0))),"") | M13: =IFERROR(IF(INDEX('Test catalog'!$H$2:$H$200,MATCH($AB13,'Test catalog'!$A$2:$A$200,0))="","",INDEX('Test catalog'!$H$2:$H$200,MATCH($AB13,'Test catalog'!$A$2:$A$200,0))),"") | N13: =IFERROR(IF(INDEX('Test catalog'!$I$2:$I$200,MATCH($AB13,'Test catalog'!$A$2:$A$200,0))="","",INDEX('Test catalog'!$I$2:$I$200,MATCH($AB13,'Test catalog'!$A$2:$A$200,0))),"") | O13: =IFERROR(IF(INDEX('Test catalog'!$J$2:$J$200,MATCH($AB13,'Test catalog'!$A$2:$A$200,0))="","",INDEX('Test catalog'!$J$2:$J$200,MATCH($AB13,'Test catalog'!$A$2:$A$200,0))),"") | P13: =IF(N13="","",IF(OR(M13="",O13=""),N13,(M13+4*N13+O13)/6)) | Q13: =IFERROR(IF(INDEX('Test catalog'!$K$2:$K$200,MATCH($AB13,'Test catalog'!$A$2:$A$200,0))="","",INDEX('Test catalog'!$K$2:$K$200,MATCH($AB13,'Test catalog'!$A$2:$A$200,0))),"") | S13: =IFERROR(IF(INDEX('Test catalog'!$L$2:$L$200,MATCH($AB13,'Test catalog'!$A$2:$A$200,0))="","",INDEX('Test catalog'!$L$2:$L$200,MATCH($AB13,'Test catalog'!$A$2:$A$200,0))),"") | T13: =IFERROR(IF(INDEX('Test catalog'!$M$2:$M$200,MATCH($AB13,'Test catalog'!$A$2:$A$200,0))="","",INDEX('Test catalog'!$M$2:$M$200,MATCH($AB13,'Test catalog'!$A$2:$A$200,0))),"") | U13: =IFERROR(IF(INDEX('Test catalog'!$N$2:$N$200,MATCH($AB13,'Test catalog'!$A$2:$A$200,0))="","",INDEX('Test catalog'!$N$2:$N$200,MATCH($AB13,'Test catalog'!$A$2:$A$200,0))),"") | W13: Y | AA13: =IFERROR(IF(INDEX('Test catalog'!$O$2:$O$200,MATCH($AB13,'Test catalog'!$A$2:$A$200,0))="","",INDEX('Test catalog'!$O$2:$O$200,MATCH($AB13,'Test catalog'!$A$2:$A$200,0))),"") | AB13: HARD
... A153: F21 | B153: FP | C153: Flusip Cold and Flu; Flusip Cold and Flu (Sugar Free) | Acetaminophen, Phenylephrine HCl (+1 more) | D153: In-process check at the machine (one check, all its tests) | E153: =IF(A153="","",A153&"|"&D153) | F153: Y | G153: Tablet tester | H153: Low | I153: 1 | K153: =IFERROR(IF(INDEX('Test catalog'!$F$2:$F$200,MATCH($AB153,'Test catalog'!$A$2:$A$200,0))="","",INDEX('Test catalog'!$F$2:$F$200,MATCH($AB153,'Test catalog'!$A$2:$A$200,0))),"") | L153: =IFERROR(IF(INDEX('Test catalog'!$G$2:$G$200,MATCH($AB153,'Test catalog'!$A$2:$A$200,0))="","",INDEX('Test catalog'!$G$2:$G$200,MATCH($AB153,'Test catalog'!$A$2:$A$200,0))),"") | M153: =IFERROR(IF(INDEX('Test catalog'!$H$2:$H$200,MATCH($AB153,'Test catalog'!$A$2:$A$200,0))="","",INDEX('Test catalog'!$H$2:$H$200,MATCH($AB153,'Test catalog'!$A$2:$A$200,0))),"") | N153: =IFERROR(IF(INDEX('Test catalog'!$I$2:$I$200,MATCH($AB153,'Test catalog'!$A$2:$A$200,0))="","",INDEX('Test catalog'!$I$2:$I$200,MATCH($AB153,'Test catalog'!$A$2:$A$200,0))),"") | O153: =IFERROR(IF(INDEX('Test catalog'!$J$2:$J$200,MATCH($AB153,'Test catalog'!$A$2:$A$200,0))="","",INDEX('Test catalog'!$J$2:$J$200,MATCH($AB153,'Test catalog'!$A$2:$A$200,0))),"") | P153: =IF(N153="","",IF(OR(M153="",O153=""),N153,(M153+4*N153+O153)/6)) | Q153: =IFERROR(IF(INDEX('Test catalog'!$K$2:$K$200,MATCH($AB153,'Test catalog'!$A$2:$A$200,0))="","",INDEX('Test catalog'!$K$2:$K$200,MATCH($AB153,'Test catalog'!$A$2:$A$200,0))),"") | S153: =IFERROR(IF(INDEX('Test catalog'!$L$2:$L$200,MATCH($AB153,'Test catalog'!$A$2:$A$200,0))="","",INDEX('Test catalog'!$L$2:$L$200,MATCH($AB153,'Test catalog'!$A$2:$A$200,0))),"") | T153: =IFERROR(IF(INDEX('Test catalog'!$M$2:$M$200,MATCH($AB153,'Test catalog'!$A$2:$A$200,0))="","",INDEX('Test catalog'!$M$2:$M$200,MATCH($AB153,'Test catalog'!$A$2:$A$200,0))),"") | U153: =IFERROR(IF(INDEX('Test catalog'!$N$2:$N$200,MATCH($AB153,'Test catalog'!$A$2:$A$200,0))="","",INDEX('Test catalog'!$N$2:$N$200,MATCH($AB153,'Test catalog'!$A$2:$A$200,0))),"") | W153: N | AA153: =IFERROR(IF(INDEX('Test catalog'!$O$2:$O$200,MATCH($AB153,'Test catalog'!$A$2:$A$200,0))="","",INDEX('Test catalog'!$O$2:$O$200,MATCH($AB153,'Test catalog'!$A$2:$A$200,0))),"") | AB153: IPC
A154: F22 | B154: FP | C154: Flusip-C | actives TBD: Flusip-C | D154: Average weight / uniformity of mass | E154: =IF(A154="","",A154&"|"&D154) | F154: Y | G154: Balance | H154: Low | I154: 1 | K154: =IFERROR(IF(INDEX('Test catalog'!$F$2:$F$200,MATCH($AB154,'Test catalog'!$A$2:$A$200,0))="","",INDEX('Test catalog'!$F$2:$F$200,MATCH($AB154,'Test catalog'!$A$2:$A$200,0))),"") | L154: =IFERROR(IF(INDEX('Test catalog'!$G$2:$G$200,MATCH($AB154,'Test catalog'!$A$2:$A$200,0))="","",INDEX('Test catalog'!$G$2:$G$200,MATCH($AB154,'Test catalog'!$A$2:$A$200,0))),"") | M154: =IFERROR(IF(INDEX('Test catalog'!$H$2:$H$200,MATCH($AB154,'Test catalog'!$A$2:$A$200,0))="","",INDEX('Test catalog'!$H$2:$H$200,MATCH($AB154,'Test catalog'!$A$2:$A$200,0))),"") | N154: =IFERROR(IF(INDEX('Test catalog'!$I$2:$I$200,MATCH($AB154,'Test catalog'!$A$2:$A$200,0))="","",INDEX('Test catalog'!$I$2:$I$200,MATCH($AB154,'Test catalog'!$A$2:$A$200,0))),"") | O154: =IFERROR(IF(INDEX('Test catalog'!$J$2:$J$200,MATCH($AB154,'Test catalog'!$A$2:$A$200,0))="","",INDEX('Test catalog'!$J$2:$J$200,MATCH($AB154,'Test catalog'!$A$2:$A$200,0))),"") | P154: =IF(N154="","",IF(OR(M154="",O154=""),N154,(M154+4*N154+O154)/6)) | Q154: =IFERROR(IF(INDEX('Test catalog'!$K$2:$K$200,MATCH($AB154,'Test catalog'!$A$2:$A$200,0))="","",INDEX('Test catalog'!$K$2:$K$200,MATCH($AB154,'Test catalog'!$A$2:$A$200,0))),"") | S154: =IFERROR(IF(INDEX('Test catalog'!$L$2:$L$200,MATCH($AB154,'Test catalog'!$A$2:$A$200,0))="","",INDEX('Test catalog'!$L$2:$L$200,MATCH($AB154,'Test catalog'!$A$2:$A$200,0))),"") | T154: =IFERROR(IF(INDEX('Test catalog'!$M$2:$M$200,MATCH($AB154,'Test catalog'!$A$2:$A$200,0))="","",INDEX('Test catalog'!$M$2:$M$200,MATCH($AB154,'Test catalog'!$A$2:$A$200,0))),"") | U154: =IFERROR(IF(INDEX('Test catalog'!$N$2:$N$200,MATCH($AB154,'Test catalog'!$A$2:$A$200,0))="","",INDEX('Test catalog'!$N$2:$N$200,MATCH($AB154,'Test catalog'!$A$2:$A$200,0))),"") | W154: N | Z154: Actives not on record – confirm tests | AA154: =IFERROR(IF(INDEX('Test catalog'!$O$2:$O$200,MATCH($AB154,'Test catalog'!$A$2:$A$200,0))="","",INDEX('Test catalog'!$O$2:$O$200,MATCH($AB154,'Test catalog'!$A$2:$A$200,0))),"") | AB154: AVG_WT
A155: F22 | B155: FP | C155: Flusip-C | actives TBD: Flusip-C | D155: Diameter (or length / width) | E155: =IF(A155="","",A155&"|"&D155) | F155: Y | G155: Tablet tester | H155: Low | I155: 1 | K155: =IFERROR(IF(INDEX('Test catalog'!$F$2:$F$200,MATCH($AB155,'Test catalog'!$A$2:$A$200,0))="","",INDEX('Test catalog'!$F$2:$F$200,MATCH($AB155,'Test catalog'!$A$2:$A$200,0))),"") | L155: =IFERROR(IF(INDEX('Test catalog'!$G$2:$G$200,MATCH($AB155,'Test catalog'!$A$2:$A$200,0))="","",INDEX('Test catalog'!$G$2:$G$200,MATCH($AB155,'Test catalog'!$A$2:$A$200,0))),"") | M155: =IFERROR(IF(INDEX('Test catalog'!$H$2:$H$200,MATCH($AB155,'Test catalog'!$A$2:$A$200,0))="","",INDEX('Test catalog'!$H$2:$H$200,MATCH($AB155,'Test catalog'!$A$2:$A$200,0))),"") | N155: =IFERROR(IF(INDEX('Test catalog'!$I$2:$I$200,MATCH($AB155,'Test catalog'!$A$2:$A$200,0))="","",INDEX('Test catalog'!$I$2:$I$200,MATCH($AB155,'Test catalog'!$A$2:$A$200,0))),"") | O155: =IFERROR(IF(INDEX('Test catalog'!$J$2:$J$200,MATCH($AB155,'Test catalog'!$A$2:$A$200,0))="","",INDEX('Test catalog'!$J$2:$J$200,MATCH($AB155,'Test catalog'!$A$2:$A$200,0))),"") | P155: =IF(N155="","",IF(OR(M155="",O155=""),N155,(M155+4*N155+O155)/6)) | Q155: =IFERROR(IF(INDEX('Test catalog'!$K$2:$K$200,MATCH($AB155,'Test catalog'!$A$2:$A$200,0))="","",INDEX('Test catalog'!$K$2:$K$200,MATCH($AB155,'Test catalog'!$A$2:$A$200,0))),"") | S155: =IFERROR(IF(INDEX('Test catalog'!$L$2:$L$200,MATCH($AB155,'Test catalog'!$A$2:$A$200,0))="","",INDEX('Test catalog'!$L$2:$L$200,MATCH($AB155,'Test catalog'!$A$2:$A$200,0))),"") | T155: =IFERROR(IF(INDEX('Test catalog'!$M$2:$M$200,MATCH($AB155,'Test catalog'!$A$2:$A$200,0))="","",INDEX('Test catalog'!$M$2:$M$200,MATCH($AB155,'Test catalog'!$A$2:$A$200,0))),"") | U155: =IFERROR(IF(INDEX('Test catalog'!$N$2:$N$200,MATCH($AB155,'Test catalog'!$A$2:$A$200,0))="","",INDEX('Test catalog'!$N$2:$N$200,MATCH($AB155,'Test catalog'!$A$2:$A$200,0))),"") | W155: N | Z155: Actives not on record – confirm tests | AA155: =IFERROR(IF(INDEX('Test catalog'!$O$2:$O$200,MATCH($AB155,'Test catalog'!$A$2:$A$200,0))="","",INDEX('Test catalog'!$O$2:$O$200,MATCH($AB155,'Test catalog'!$A$2:$A$200,0))),"") | AB155: DIAM
A156: F22 | B156: FP | C156: Flusip-C | actives TBD: Flusip-C | D156: Thickness | E156: =IF(A156="","",A156&"|"&D156) | F156: Y | G156: Tablet tester | H156: Low | I156: 1 | K156: =IFERROR(IF(INDEX('Test catalog'!$F$2:$F$200,MATCH($AB156,'Test catalog'!$A$2:$A$200,0))="","",INDEX('Test catalog'!$F$2:$F$200,MATCH($AB156,'Test catalog'!$A$2:$A$200,0))),"") | L156: =IFERROR(IF(INDEX('Test catalog'!$G$2:$G$200,MATCH($AB156,'Test catalog'!$A$2:$A$200,0))="","",INDEX('Test catalog'!$G$2:$G$200,MATCH($AB156,'Test catalog'!$A$2:$A$200,0))),"") | M156: =IFERROR(IF(INDEX('Test catalog'!$H$2:$H$200,MATCH($AB156,'Test catalog'!$A$2:$A$200,0))="","",INDEX('Test catalog'!$H$2:$H$200,MATCH($AB156,'Test catalog'!$A$2:$A$200,0))),"") | N156: =IFERROR(IF(INDEX('Test catalog'!$I$2:$I$200,MATCH($AB156,'Test catalog'!$A$2:$A$200,0))="","",INDEX('Test catalog'!$I$2:$I$200,MATCH($AB156,'Test catalog'!$A$2:$A$200,0))),"") | O156: =IFERROR(IF(INDEX('Test catalog'!$J$2:$J$200,MATCH($AB156,'Test catalog'!$A$2:$A$200,0))="","",INDEX('Test catalog'!$J$2:$J$200,MATCH($AB156,'Test catalog'!$A$2:$A$200,0))),"") | P156: =IF(N156="","",IF(OR(M156="",O156=""),N156,(M156+4*N156+O156)/6)) | Q156: =IFERROR(IF(INDEX('Test catalog'!$K$2:$K$200,MATCH($AB156,'Test catalog'!$A$2:$A$200,0))="","",INDEX('Test catalog'!$K$2:$K$200,MATCH($AB156,'Test catalog'!$A$2:$A$200,0))),"") | S156: =IFERROR(IF(INDEX('Test catalog'!$L$2:$L$200,MATCH($AB156,'Test catalog'!$A$2:$A$200,0))="","",INDEX('Test catalog'!$L$2:$L$200,MATCH($AB156,'Test catalog'!$A$2:$A$200,0))),"") | T156: =IFERROR(IF(INDEX('Test catalog'!$M$2:$M$200,MATCH($AB156,'Test catalog'!$A$2:$A$200,0))="","",INDEX('Test catalog'!$M$2:$M$200,MATCH($AB156,'Test catalog'!$A$2:$A$200,0))),"") | U156: =IFERROR(IF(INDEX('Test catalog'!$N$2:$N$200,MATCH($AB156,'Test catalog'!$A$2:$A$200,0))="","",INDEX('Test catalog'!$N$2:$N$200,MATCH($AB156,'Test catalog'!$A$2:$A$200,0))),"") | W156: N | Z156: Actives not on record – confirm tests | AA156: =IFERROR(IF(INDEX('Test catalog'!$O$2:$O$200,MATCH($AB156,'Test catalog'!$A$2:$A$200,0))="","",INDEX('Test catalog'!$O$2:$O$200,MATCH($AB156,'Test catalog'!$A$2:$A$200,0))),"") | AB156: THICK
A157: F22 | B157: FP | C157: Flusip-C | actives TBD: Flusip-C | D157: Hardness / breaking force | E157: =IF(A157="","",A157&"|"&D157) | F157: Y | G157: Tablet tester | H157: Low | I157: 1 | K157: =IFERROR(IF(INDEX('Test catalog'!$F$2:$F$200,MATCH($AB157,'Test catalog'!$A$2:$A$200,0))="","",INDEX('Test catalog'!$F$2:$F$200,MATCH($AB157,'Test catalog'!$A$2:$A$200,0))),"") | L157: =IFERROR(IF(INDEX('Test catalog'!$G$2:$G$200,MATCH($AB157,'Test catalog'!$A$2:$A$200,0))="","",INDEX('Test catalog'!$G$2:$G$200,MATCH($AB157,'Test catalog'!$A$2:$A$200,0))),"") | M157: =IFERROR(IF(INDEX('Test catalog'!$H$2:$H$200,MATCH($AB157,'Test catalog'!$A$2:$A$200,0))="","",INDEX('Test catalog'!$H$2:$H$200,MATCH($AB157,'Test catalog'!$A$2:$A$200,0))),"") | N157: =IFERROR(IF(INDEX('Test catalog'!$I$2:$I$200,MATCH($AB157,'Test catalog'!$A$2:$A$200,0))="","",INDEX('Test catalog'!$I$2:$I$200,MATCH($AB157,'Test catalog'!$A$2:$A$200,0))),"") | O157: =IFERROR(IF(INDEX('Test catalog'!$J$2:$J$200,MATCH($AB157,'Test catalog'!$A$2:$A$200,0))="","",INDEX('Test catalog'!$J$2:$J$200,MATCH($AB157,'Test catalog'!$A$2:$A$200,0))),"") | P157: =IF(N157="","",IF(OR(M157="",O157=""),N157,(M157+4*N157+O157)/6)) | Q157: =IFERROR(IF(INDEX('Test catalog'!$K$2:$K$200,MATCH($AB157,'Test catalog'!$A$2:$A$200,0))="","",INDEX('Test catalog'!$K$2:$K$200,MATCH($AB157,'Test catalog'!$A$2:$A$200,0))),"") | S157: =IFERROR(IF(INDEX('Test catalog'!$L$2:$L$200,MATCH($AB157,'Test catalog'!$A$2:$A$200,0))="","",INDEX('Test catalog'!$L$2:$L$200,MATCH($AB157,'Test catalog'!$A$2:$A$200,0))),"") | T157: =IFERROR(IF(INDEX('Test catalog'!$M$2:$M$200,MATCH($AB157,'Test catalog'!$A$2:$A$200,0))="","",INDEX('Test catalog'!$M$2:$M$200,MATCH($AB157,'Test catalog'!$A$2:$A$200,0))),"") | U157: =IFERROR(IF(INDEX('Test catalog'!$N$2:$N$200,MATCH($AB157,'Test catalog'!$A$2:$A$200,0))="","",INDEX('Test catalog'!$N$2:$N$200,MATCH($AB157,'Test catalog'!$A$2:$A$200,0))),"") | W157: Y | Z157: Actives not on record – confirm tests | AA157: =IFERROR(IF(INDEX('Test catalog'!$O$2:$O$200,MATCH($AB157,'Test catalog'!$A$2:$A$200,0))="","",INDEX('Test catalog'!$O$2:$O$200,MATCH($AB157,'Test catalog'!$A$2:$A$200,0))),"") | AB157: HARD
A158: F22 | B158: FP | C158: Flusip-C | actives TBD: Flusip-C | D158: Brittleness | E158: =IF(A158="","",A158&"|"&D158) | F158: Y | G158: Other / bench | H158: Low | I158: 1 | K158: =IFERROR(IF(INDEX('Test catalog'!$F$2:$F$200,MATCH($AB158,'Test catalog'!$A$2:$A$200,0))="","",INDEX('Test catalog'!$F$2:$F$200,MATCH($AB158,'Test catalog'!$A$2:$A$200,0))),"") | L158: =IFERROR(IF(INDEX('Test catalog'!$G$2:$G$200,MATCH($AB158,'Test catalog'!$A$2:$A$200,0))="","",INDEX('Test catalog'!$G$2:$G$200,MATCH($AB158,'Test catalog'!$A$2:$A$200,0))),"") | M158: =IFERROR(IF(INDEX('Test catalog'!$H$2:$H$200,MATCH($AB158,'Test catalog'!$A$2:$A$200,0))="","",INDEX('Test catalog'!$H$2:$H$200,MATCH($AB158,'Test catalog'!$A$2:$A$200,0))),"") | N158: =IFERROR(IF(INDEX('Test catalog'!$I$2:$I$200,MATCH($AB158,'Test catalog'!$A$2:$A$200,0))="","",INDEX('Test catalog'!$I$2:$I$200,MATCH($AB158,'Test catalog'!$A$2:$A$200,0))),"") | O158: =IFERROR(IF(INDEX('Test catalog'!$J$2:$J$200,MATCH($AB158,'Test catalog'!$A$2:$A$200,0))="","",INDEX('Test catalog'!$J$2:$J$200,MATCH($AB158,'Test catalog'!$A$2:$A$200,0))),"") | P158: =IF(N158="","",IF(OR(M158="",O158=""),N158,(M158+4*N158+O158)/6)) | Q158: =IFERROR(IF(INDEX('Test catalog'!$K$2:$K$200,MATCH($AB158,'Test catalog'!$A$2:$A$200,0))="","",INDEX('Test catalog'!$K$2:$K$200,MATCH($AB158,'Test catalog'!$A$2:$A$200,0))),"") | S158: =IFERROR(IF(INDEX('Test catalog'!$L$2:$L$200,MATCH($AB158,'Test catalog'!$A$2:$A$200,0))="","",INDEX('Test catalog'!$L$2:$L$200,MATCH($AB158,'Test catalog'!$A$2:$A$200,0))),"") | T158: =IFERROR(IF(INDEX('Test catalog'!$M$2:$M$200,MATCH($AB158,'Test catalog'!$A$2:$A$200,0))="","",INDEX('Test catalog'!$M$2:$M$200,MATCH($AB158,'Test catalog'!$A$2:$A$200,0))),"") | U158: =IFERROR(IF(INDEX('Test catalog'!$N$2:$N$200,MATCH($AB158,'Test catalog'!$A$2:$A$200,0))="","",INDEX('Test catalog'!$N$2:$N$200,MATCH($AB158,'Test catalog'!$A$2:$A$200,0))),"") | W158: N | Z158: Actives not on record – confirm tests | AA158: =IFERROR(IF(INDEX('Test catalog'!$O$2:$O$200,MATCH($AB158,'Test catalog'!$A$2:$A$200,0))="","",INDEX('Test catalog'!$O$2:$O$200,MATCH($AB158,'Test catalog'!$A$2:$A$200,0))),"") | AB158: BRITTLE
A159: F22 | B159: FP | C159: Flusip-C | actives TBD: Flusip-C | D159: Friability | E159: =IF(A159="","",A159&"|"&D159) | F159: Y | G159: Friabilator | H159: Low | I159: 1 | K159: =IFERROR(IF(INDEX('Test catalog'!$F$2:$F$200,MATCH($AB159,'Test catalog'!$A$2:$A$200,0))="","",INDEX('Test catalog'!$F$2:$F$200,MATCH($AB159,'Test catalog'!$A$2:$A$200,0))),"") | L159: =IFERROR(IF(INDEX('Test catalog'!$G$2:$G$200,MATCH($AB159,'Test catalog'!$A$2:$A$200,0))="","",INDEX('Test catalog'!$G$2:$G$200,MATCH($AB159,'Test catalog'!$A$2:$A$200,0))),"") | M159: =IFERROR(IF(INDEX('Test catalog'!$H$2:$H$200,MATCH($AB159,'Test catalog'!$A$2:$A$200,0))="","",INDEX('Test catalog'!$H$2:$H$200,MATCH($AB159,'Test catalog'!$A$2:$A$200,0))),"") | N159: =IFERROR(IF(INDEX('Test catalog'!$I$2:$I$200,MATCH($AB159,'Test catalog'!$A$2:$A$200,0))="","",INDEX('Test catalog'!$I$2:$I$200,MATCH($AB159,'Test catalog'!$A$2:$A$200,0))),"") | O159: =IFERROR(IF(INDEX('Test catalog'!$J$2:$J$200,MATCH($AB159,'Test catalog'!$A$2:$A$200,0))="","",INDEX('Test catalog'!$J$2:$J$200,MATCH($AB159,'Test catalog'!$A$2:$A$200,0))),"") | P159: =IF(N159="","",IF(OR(M159="",O159=""),N159,(M159+4*N159+O159)/6)) | Q159: =IFERROR(IF(INDEX('Test catalog'!$K$2:$K$200,MATCH($AB159,'Test catalog'!$A$2:$A$200,0))="","",INDEX('Test catalog'!$K$2:$K$200,MATCH($AB159,'Test catalog'!$A$2:$A$200,0))),"") | S159: =IFERROR(IF(INDEX('Test catalog'!$L$2:$L$200,MATCH($AB159,'Test catalog'!$A$2:$A$200,0))="","",INDEX('Test catalog'!$L$2:$L$200,MATCH($AB159,'Test catalog'!$A$2:$A$200,0))),"") | T159: =IFERROR(IF(INDEX('Test catalog'!$M$2:$M$200,MATCH($AB159,'Test catalog'!$A$2:$A$200,0))="","",INDEX('Test catalog'!$M$2:$M$200,MATCH($AB159,'Test catalog'!$A$2:$A$200,0))),"") | U159: =IFERROR(IF(INDEX('Test catalog'!$N$2:$N$200,MATCH($AB159,'Test catalog'!$A$2:$A$200,0))="","",INDEX('Test catalog'!$N$2:$N$200,MATCH($AB159,'Test catalog'!$A$2:$A$200,0))),"") | W159: N | Z159: Actives not on record – confirm tests | AA159: =IFERROR(IF(INDEX('Test catalog'!$O$2:$O$200,MATCH($AB159,'Test catalog'!$A$2:$A$200,0))="","",INDEX('Test catalog'!$O$2:$O$200,MATCH($AB159,'Test catalog'!$A$2:$A$200,0))),"") | AB159: FRIAB
A160: F22 | B160: FP | C160: Flusip-C | actives TBD: Flusip-C | D160: Disintegration | E160: =IF(A160="","",A160&"|"&D160) | F160: Y | G160: Disintegration tester | H160: Low | I160: 1 | K160: =IFERROR(IF(INDEX('Test catalog'!$F$2:$F$200,MATCH($AB160,'Test catalog'!$A$2:$A$200,0))="","",INDEX('Test catalog'!$F$2:$F$200,MATCH($AB160,'Test catalog'!$A$2:$A$200,0))),"") | L160: =IFERROR(IF(INDEX('Test catalog'!$G$2:$G$200,MATCH($AB160,'Test catalog'!$A$2:$A$200,0))="","",INDEX('Test catalog'!$G$2:$G$200,MATCH($AB160,'Test catalog'!$A$2:$A$200,0))),"") | M160: =IFERROR(IF(INDEX('Test catalog'!$H$2:$H$200,MATCH($AB160,'Test catalog'!$A$2:$A$200,0))="","",INDEX('Test catalog'!$H$2:$H$200,MATCH($AB160,'Test catalog'!$A$2:$A$200,0))),"") | N160: =IFERROR(IF(INDEX('Test catalog'!$I$2:$I$200,MATCH($AB160,'Test catalog'!$A$2:$A$200,0))="","",INDEX('Test catalog'!$I$2:$I$200,MATCH($AB160,'Test catalog'!$A$2:$A$200,0))),"") | O160: =IFERROR(IF(INDEX('Test catalog'!$J$2:$J$200,MATCH($AB160,'Test catalog'!$A$2:$A$200,0))="","",INDEX('Test catalog'!$J$2:$J$200,MATCH($AB160,'Test catalog'!$A$2:$A$200,0))),"") | P160: =IF(N160="","",IF(OR(M160="",O160=""),N160,(M160+4*N160+O160)/6)) | Q160: =IFERROR(IF(INDEX('Test catalog'!$K$2:$K$200,MATCH($AB160,'Test catalog'!$A$2:$A$200,0))="","",INDEX('Test catalog'!$K$2:$K$200,MATCH($AB160,'Test catalog'!$A$2:$A$200,0))),"") | S160: =IFERROR(IF(INDEX('Test catalog'!$L$2:$L$200,MATCH($AB160,'Test catalog'!$A$2:$A$200,0))="","",INDEX('Test catalog'!$L$2:$L$200,MATCH($AB160,'Test catalog'!$A$2:$A$200,0))),"") | T160: =IFERROR(IF(INDEX('Test catalog'!$M$2:$M$200,MATCH($AB160,'Test catalog'!$A$2:$A$200,0))="","",INDEX('Test catalog'!$M$2:$M$200,MATCH($AB160,'Test catalog'!$A$2:$A$200,0))),"") | U160: =IFERROR(IF(INDEX('Test catalog'!$N$2:$N$200,MATCH($AB160,'Test catalog'!$A$2:$A$200,0))="","",INDEX('Test catalog'!$N$2:$N$200,MATCH($AB160,'Test catalog'!$A$2:$A$200,0))),"") | W160: Y | Z160: Actives not on record – confirm tests | AA160: =IFERROR(IF(INDEX('Test catalog'!$O$2:$O$200,MATCH($AB160,'Test catalog'!$A$2:$A$200,0))="","",INDEX('Test catalog'!$O$2:$O$200,MATCH($AB160,'Test catalog'!$A$2:$A$200,0))),"") | AB160: DISINT
A161: F22 | B161: FP | C161: Flusip-C | actives TBD: Flusip-C | D161: In-process check at the machine (one check, all its tests) | E161: =IF(A161="","",A161&"|"&D161) | F161: Y | G161: Tablet tester | H161: Low | I161: 1 | K161: =IFERROR(IF(INDEX('Test catalog'!$F$2:$F$200,MATCH($AB161,'Test catalog'!$A$2:$A$200,0))="","",INDEX('Test catalog'!$F$2:$F$200,MATCH($AB161,'Test catalog'!$A$2:$A$200,0))),"") | L161: =IFERROR(IF(INDEX('Test catalog'!$G$2:$G$200,MATCH($AB161,'Test catalog'!$A$2:$A$200,0))="","",INDEX('Test catalog'!$G$2:$G$200,MATCH($AB161,'Test catalog'!$A$2:$A$200,0))),"") | M161: =IFERROR(IF(INDEX('Test catalog'!$H$2:$H$200,MATCH($AB161,'Test catalog'!$A$2:$A$200,0))="","",INDEX('Test catalog'!$H$2:$H$200,MATCH($AB161,'Test catalog'!$A$2:$A$200,0))),"") | N161: =IFERROR(IF(INDEX('Test catalog'!$I$2:$I$200,MATCH($AB161,'Test catalog'!$A$2:$A$200,0))="","",INDEX('Test catalog'!$I$2:$I$200,MATCH($AB161,'Test catalog'!$A$2:$A$200,0))),"") | O161: =IFERROR(IF(INDEX('Test catalog'!$J$2:$J$200,MATCH($AB161,'Test catalog'!$A$2:$A$200,0))="","",INDEX('Test catalog'!$J$2:$J$200,MATCH($AB161,'Test catalog'!$A$2:$A$200,0))),"") | P161: =IF(N161="","",IF(OR(M161="",O161=""),N161,(M161+4*N161+O161)/6)) | Q161: =IFERROR(IF(INDEX('Test catalog'!$K$2:$K$200,MATCH($AB161,'Test catalog'!$A$2:$A$200,0))="","",INDEX('Test catalog'!$K$2:$K$200,MATCH($AB161,'Test catalog'!$A$2:$A$200,0))),"") | S161: =IFERROR(IF(INDEX('Test catalog'!$L$2:$L$200,MATCH($AB161,'Test catalog'!$A$2:$A$200,0))="","",INDEX('Test catalog'!$L$2:$L$200,MATCH($AB161,'Test catalog'!$A$2:$A$200,0))),"") | T161: =IFERROR(IF(INDEX('Test catalog'!$M$2:$M$200,MATCH($AB161,'Test catalog'!$A$2:$A$200,0))="","",INDEX('Test catalog'!$M$2:$M$200,MATCH($AB161,'Test catalog'!$A$2:$A$200,0))),"") | U161: =IFERROR(IF(INDEX('Test catalog'!$N$2:$N$200,MATCH($AB161,'Test catalog'!$A$2:$A$200,0))="","",INDEX('Test catalog'!$N$2:$N$200,MATCH($AB161,'Test catalog'!$A$2:$A$200,0))),"") | W161: N | Z161: Actives not on record – confirm tests | AA161: =IFERROR(IF(INDEX('Test catalog'!$O$2:$O$200,MATCH($AB161,'Test catalog'!$A$2:$A$200,0))="","",INDEX('Test catalog'!$O$2:$O$200,MATCH($AB161,'Test catalog'!$A$2:$A$200,0))),"") | AB161: IPC
A162: F23 | B162: FP | C162: Empagliflozin 10 mg; Empaglose 25 | Empagliflozin | D162: Average weight / uniformity of mass | E162: =IF(A162="","",A162&"|"&D162) | F162: Y | G162: Balance | H162: Low | I162: 1 | K162: =IFERROR(IF(INDEX('Test catalog'!$F$2:$F$200,MATCH($AB162,'Test catalog'!$A$2:$A$200,0))="","",INDEX('Test catalog'!$F$2:$F$200,MATCH($AB162,'Test catalog'!$A$2:$A$200,0))),"") | L162: =IFERROR(IF(INDEX('Test catalog'!$G$2:$G$200,MATCH($AB162,'Test catalog'!$A$2:$A$200,0))="","",INDEX('Test catalog'!$G$2:$G$200,MATCH($AB162,'Test catalog'!$A$2:$A$200,0))),"") | M162: =IFERROR(IF(INDEX('Test catalog'!$H$2:$H$200,MATCH($AB162,'Test catalog'!$A$2:$A$200,0))="","",INDEX('Test catalog'!$H$2:$H$200,MATCH($AB162,'Test catalog'!$A$2:$A$200,0))),"") | N162: =IFERROR(IF(INDEX('Test catalog'!$I$2:$I$200,MATCH($AB162,'Test catalog'!$A$2:$A$200,0))="","",INDEX('Test catalog'!$I$2:$I$200,MATCH($AB162,'Test catalog'!$A$2:$A$200,0))),"") | O162: =IFERROR(IF(INDEX('Test catalog'!$J$2:$J$200,MATCH($AB162,'Test catalog'!$A$2:$A$200,0))="","",INDEX('Test catalog'!$J$2:$J$200,MATCH($AB162,'Test catalog'!$A$2:$A$200,0))),"") | P162: =IF(N162="","",IF(OR(M162="",O162=""),N162,(M162+4*N162+O162)/6)) | Q162: =IFERROR(IF(INDEX('Test catalog'!$K$2:$K$200,MATCH($AB162,'Test catalog'!$A$2:$A$200,0))="","",INDEX('Test catalog'!$K$2:$K$200,MATCH($AB162,'Test catalog'!$A$2:$A$200,0))),"") | S162: =IFERROR(IF(INDEX('Test catalog'!$L$2:$L$200,MATCH($AB162,'Test catalog'!$A$2:$A$200,0))="","",INDEX('Test catalog'!$L$2:$L$200,MATCH($AB162,'Test catalog'!$A$2:$A$200,0))),"") | T162: =IFERROR(IF(INDEX('Test catalog'!$M$2:$M$200,MATCH($AB162,'Test catalog'!$A$2:$A$200,0))="","",INDEX('Test catalog'!$M$2:$M$200,MATCH($AB162,'Test catalog'!$A$2:$A$200,0))),"") | U162: =IFERROR(IF(INDEX('Test catalog'!$N$2:$N$200,MATCH($AB162,'Test catalog'!$A$2:$A$200,0))="","",INDEX('Test catalog'!$N$2:$N$200,MATCH($AB162,'Test catalog'!$A$2:$A$200,0))),"") | W162: N | AA162: =IFERROR(IF(INDEX('Test catalog'!$O$2:$O$200,MATCH($AB162,'Test catalog'!$A$2:$A$200,0))="","",INDEX('Test catalog'!$O$2:$O$200,MATCH($AB162,'Test catalog'!$A$2:$A$200,0))),"") | AB162: AVG_WT
A163: F23 | B163: FP | C163: Empagliflozin 10 mg; Empaglose 25 | Empagliflozin | D163: Diameter (or length / width) | E163: =IF(A163="","",A163&"|"&D163) | F163: Y | G163: Tablet tester | H163: Low | I163: 1 | K163: =IFERROR(IF(INDEX('Test catalog'!$F$2:$F$200,MATCH($AB163,'Test catalog'!$A$2:$A$200,0))="","",INDEX('Test catalog'!$F$2:$F$200,MATCH($AB163,'Test catalog'!$A$2:$A$200,0))),"") | L163: =IFERROR(IF(INDEX('Test catalog'!$G$2:$G$200,MATCH($AB163,'Test catalog'!$A$2:$A$200,0))="","",INDEX('Test catalog'!$G$2:$G$200,MATCH($AB163,'Test catalog'!$A$2:$A$200,0))),"") | M163: =IFERROR(IF(INDEX('Test catalog'!$H$2:$H$200,MATCH($AB163,'Test catalog'!$A$2:$A$200,0))="","",INDEX('Test catalog'!$H$2:$H$200,MATCH($AB163,'Test catalog'!$A$2:$A$200,0))),"") | N163: =IFERROR(IF(INDEX('Test catalog'!$I$2:$I$200,MATCH($AB163,'Test catalog'!$A$2:$A$200,0))="","",INDEX('Test catalog'!$I$2:$I$200,MATCH($AB163,'Test catalog'!$A$2:$A$200,0))),"") | O163: =IFERROR(IF(INDEX('Test catalog'!$J$2:$J$200,MATCH($AB163,'Test catalog'!$A$2:$A$200,0))="","",INDEX('Test catalog'!$J$2:$J$200,MATCH($AB163,'Test catalog'!$A$2:$A$200,0))),"") | P163: =IF(N163="","",IF(OR(M163="",O163=""),N163,(M163+4*N163+O163)/6)) | Q163: =IFERROR(IF(INDEX('Test catalog'!$K$2:$K$200,MATCH($AB163,'Test catalog'!$A$2:$A$200,0))="","",INDEX('Test catalog'!$K$2:$K$200,MATCH($AB163,'Test catalog'!$A$2:$A$200,0))),"") | S163: =IFERROR(IF(INDEX('Test catalog'!$L$2:$L$200,MATCH($AB163,'Test catalog'!$A$2:$A$200,0))="","",INDEX('Test catalog'!$L$2:$L$200,MATCH($AB163,'Test catalog'!$A$2:$A$200,0))),"") | T163: =IFERROR(IF(INDEX('Test catalog'!$M$2:$M$200,MATCH($AB163,'Test catalog'!$A$2:$A$200,0))="","",INDEX('Test catalog'!$M$2:$M$200,MATCH($AB163,'Test catalog'!$A$2:$A$200,0))),"") | U163: =IFERROR(IF(INDEX('Test catalog'!$N$2:$N$200,MATCH($AB163,'Test catalog'!$A$2:$A$200,0))="","",INDEX('Test catalog'!$N$2:$N$200,MATCH($AB163,'Test catalog'!$A$2:$A$200,0))),"") | W163: N | AA163: =IFERROR(IF(INDEX('Test catalog'!$O$2:$O$200,MATCH($AB163,'Test catalog'!$A$2:$A$200,0))="","",INDEX('Test catalog'!$O$2:$O$200,MATCH($AB163,'Test catalog'!$A$2:$A$200,0))),"") | AB163: DIAM
A164: F23 | B164: FP | C164: Empagliflozin 10 mg; Empaglose 25 | Empagliflozin | D164: Thickness | E164: =IF(A164="","",A164&"|"&D164) | F164: Y | G164: Tablet tester | H164: Low | I164: 1 | K164: =IFERROR(IF(INDEX('Test catalog'!$F$2:$F$200,MATCH($AB164,'Test catalog'!$A$2:$A$200,0))="","",INDEX('Test catalog'!$F$2:$F$200,MATCH($AB164,'Test catalog'!$A$2:$A$200,0))),"") | L164: =IFERROR(IF(INDEX('Test catalog'!$G$2:$G$200,MATCH($AB164,'Test catalog'!$A$2:$A$200,0))="","",INDEX('Test catalog'!$G$2:$G$200,MATCH($AB164,'Test catalog'!$A$2:$A$200,0))),"") | M164: =IFERROR(IF(INDEX('Test catalog'!$H$2:$H$200,MATCH($AB164,'Test catalog'!$A$2:$A$200,0))="","",INDEX('Test catalog'!$H$2:$H$200,MATCH($AB164,'Test catalog'!$A$2:$A$200,0))),"") | N164: =IFERROR(IF(INDEX('Test catalog'!$I$2:$I$200,MATCH($AB164,'Test catalog'!$A$2:$A$200,0))="","",INDEX('Test catalog'!$I$2:$I$200,MATCH($AB164,'Test catalog'!$A$2:$A$200,0))),"") | O164: =IFERROR(IF(INDEX('Test catalog'!$J$2:$J$200,MATCH($AB164,'Test catalog'!$A$2:$A$200,0))="","",INDEX('Test catalog'!$J$2:$J$200,MATCH($AB164,'Test catalog'!$A$2:$A$200,0))),"") | P164: =IF(N164="","",IF(OR(M164="",O164=""),N164,(M164+4*N164+O164)/6)) | Q164: =IFERROR(IF(INDEX('Test catalog'!$K$2:$K$200,MATCH($AB164,'Test catalog'!$A$2:$A$200,0))="","",INDEX('Test catalog'!$K$2:$K$200,MATCH($AB164,'Test catalog'!$A$2:$A$200,0))),"") | S164: =IFERROR(IF(INDEX('Test catalog'!$L$2:$L$200,MATCH($AB164,'Test catalog'!$A$2:$A$200,0))="","",INDEX('Test catalog'!$L$2:$L$200,MATCH($AB164,'Test catalog'!$A$2:$A$200,0))),"") | T164: =IFERROR(IF(INDEX('Test catalog'!$M$2:$M$200,MATCH($AB164,'Test catalog'!$A$2:$A$200,0))="","",INDEX('Test catalog'!$M$2:$M$200,MATCH($AB164,'Test catalog'!$A$2:$A$200,0))),"") | U164: =IFERROR(IF(INDEX('Test catalog'!$N$2:$N$200,MATCH($AB164,'Test catalog'!$A$2:$A$200,0))="","",INDEX('Test catalog'!$N$2:$N$200,MATCH($AB164,'Test catalog'!$A$2:$A$200,0))),"") | W164: N | AA164: =IFERROR(IF(INDEX('Test catalog'!$O$2:$O$200,MATCH($AB164,'Test catalog'!$A$2:$A$200,0))="","",INDEX('Test catalog'!$O$2:$O$200,MATCH($AB164,'Test catalog'!$A$2:$A$200,0))),"") | AB164: THICK
A165: F23 | B165: FP | C165: Empagliflozin 10 mg; Empaglose 25 | Empagliflozin | D165: Hardness / breaking force | E165: =IF(A165="","",A165&"|"&D165) | F165: Y | G165: Tablet tester | H165: Low | I165: 1 | K165: =IFERROR(IF(INDEX('Test catalog'!$F$2:$F$200,MATCH($AB165,'Test catalog'!$A$2:$A$200,0))="","",INDEX('Test catalog'!$F$2:$F$200,MATCH($AB165,'Test catalog'!$A$2:$A$200,0))),"") | L165: =IFERROR(IF(INDEX('Test catalog'!$G$2:$G$200,MATCH($AB165,'Test catalog'!$A$2:$A$200,0))="","",INDEX('Test catalog'!$G$2:$G$200,MATCH($AB165,'Test catalog'!$A$2:$A$200,0))),"") | M165: =IFERROR(IF(INDEX('Test catalog'!$H$2:$H$200,MATCH($AB165,'Test catalog'!$A$2:$A$200,0))="","",INDEX('Test catalog'!$H$2:$H$200,MATCH($AB165,'Test catalog'!$A$2:$A$200,0))),"") | N165: =IFERROR(IF(INDEX('Test catalog'!$I$2:$I$200,MATCH($AB165,'Test catalog'!$A$2:$A$200,0))="","",INDEX('Test catalog'!$I$2:$I$200,MATCH($AB165,'Test catalog'!$A$2:$A$200,0))),"") | O165: =IFERROR(IF(INDEX('Test catalog'!$J$2:$J$200,MATCH($AB165,'Test catalog'!$A$2:$A$200,0))="","",INDEX('Test catalog'!$J$2:$J$200,MATCH($AB165,'Test catalog'!$A$2:$A$200,0))),"") | P165: =IF(N165="","",IF(OR(M165="",O165=""),N165,(M165+4*N165+O165)/6)) | Q165: =IFERROR(IF(INDEX('Test catalog'!$K$2:$K$200,MATCH($AB165,'Test catalog'!$A$2:$A$200,0))="","",INDEX('Test catalog'!$K$2:$K$200,MATCH($AB165,'Test catalog'!$A$2:$A$200,0))),"") | S165: =IFERROR(IF(INDEX('Test catalog'!$L$2:$L$200,MATCH($AB165,'Test catalog'!$A$2:$A$200,0))="","",INDEX('Test catalog'!$L$2:$L$200,MATCH($AB165,'Test catalog'!$A$2:$A$200,0))),"") | T165: =IFERROR(IF(INDEX('Test catalog'!$M$2:$M$200,MATCH($AB165,'Test catalog'!$A$2:$A$200,0))="","",INDEX('Test catalog'!$M$2:$M$200,MATCH($AB165,'Test catalog'!$A$2:$A$200,0))),"") | U165: =IFERROR(IF(INDEX('Test catalog'!$N$2:$N$200,MATCH($AB165,'Test catalog'!$A$2:$A$200,0))="","",INDEX('Test catalog'!$N$2:$N$200,MATCH($AB165,'Test catalog'!$A$2:$A$200,0))),"") | W165: Y | AA165: =IFERROR(IF(INDEX('Test catalog'!$O$2:$O$200,MATCH($AB165,'Test catalog'!$A$2:$A$200,0))="","",INDEX('Test catalog'!$O$2:$O$200,MATCH($AB165,'Test catalog'!$A$2:$A$200,0))),"") | AB165: HARD
A166: F23 | B166: FP | C166: Empagliflozin 10 mg; Empaglose 25 | Empagliflozin | D166: Brittleness | E166: =IF(A166="","",A166&"|"&D166) | F166: Y | G166: Other / bench | H166: Low | I166: 1 | K166: =IFERROR(IF(INDEX('Test catalog'!$F$2:$F$200,MATCH($AB166,'Test catalog'!$A$2:$A$200,0))="","",INDEX('Test catalog'!$F$2:$F$200,MATCH($AB166,'Test catalog'!$A$2:$A$200,0))),"") | L166: =IFERROR(IF(INDEX('Test catalog'!$G$2:$G$200,MATCH($AB166,'Test catalog'!$A$2:$A$200,0))="","",INDEX('Test catalog'!$G$2:$G$200,MATCH($AB166,'Test catalog'!$A$2:$A$200,0))),"") | M166: =IFERROR(IF(INDEX('Test catalog'!$H$2:$H$200,MATCH($AB166,'Test catalog'!$A$2:$A$200,0))="","",INDEX('Test catalog'!$H$2:$H$200,MATCH($AB166,'Test catalog'!$A$2:$A$200,0))),"") | N166: =IFERROR(IF(INDEX('Test catalog'!$I$2:$I$200,MATCH($AB166,'Test catalog'!$A$2:$A$200,0))="","",INDEX('Test catalog'!$I$2:$I$200,MATCH($AB166,'Test catalog'!$A$2:$A$200,0))),"") | O166: =IFERROR(IF(INDEX('Test catalog'!$J$2:$J$200,MATCH($AB166,'Test catalog'!$A$2:$A$200,0))="","",INDEX('Test catalog'!$J$2:$J$200,MATCH($AB166,'Test catalog'!$A$2:$A$200,0))),"") | P166: =IF(N166="","",IF(OR(M166="",O166=""),N166,(M166+4*N166+O166)/6)) | Q166: =IFERROR(IF(INDEX('Test catalog'!$K$2:$K$200,MATCH($AB166,'Test catalog'!$A$2:$A$200,0))="","",INDEX('Test catalog'!$K$2:$K$200,MATCH($AB166,'Test catalog'!$A$2:$A$200,0))),"") | S166: =IFERROR(IF(INDEX('Test catalog'!$L$2:$L$200,MATCH($AB166,'Test catalog'!$A$2:$A$200,0))="","",INDEX('Test catalog'!$L$2:$L$200,MATCH($AB166,'Test catalog'!$A$2:$A$200,0))),"") | T166: =IFERROR(IF(INDEX('Test catalog'!$M$2:$M$200,MATCH($AB166,'Test catalog'!$A$2:$A$200,0))="","",INDEX('Test catalog'!$M$2:$M$200,MATCH($AB166,'Test catalog'!$A$2:$A$200,0))),"") | U166: =IFERROR(IF(INDEX('Test catalog'!$N$2:$N$200,MATCH($AB166,'Test catalog'!$A$2:$A$200,0))="","",INDEX('Test catalog'!$N$2:$N$200,MATCH($AB166,'Test catalog'!$A$2:$A$200,0))),"") | W166: N | AA166: =IFERROR(IF(INDEX('Test catalog'!$O$2:$O$200,MATCH($AB166,'Test catalog'!$A$2:$A$200,0))="","",INDEX('Test catalog'!$O$2:$O$200,MATCH($AB166,'Test catalog'!$A$2:$A$200,0))),"") | AB166: BRITTLE
A167: F23 | B167: FP | C167: Empagliflozin 10 mg; Empaglose 25 | Empagliflozin | D167: Friability | E167: =IF(A167="","",A167&"|"&D167) | F167: Y | G167: Friabilator | H167: Low | I167: 1 | K167: =IFERROR(IF(INDEX('Test catalog'!$F$2:$F$200,MATCH($AB167,'Test catalog'!$A$2:$A$200,0))="","",INDEX('Test catalog'!$F$2:$F$200,MATCH($AB167,'Test catalog'!$A$2:$A$200,0))),"") | L167: =IFERROR(IF(INDEX('Test catalog'!$G$2:$G$200,MATCH($AB167,'Test catalog'!$A$2:$A$200,0))="","",INDEX('Test catalog'!$G$2:$G$200,MATCH($AB167,'Test catalog'!$A$2:$A$200,0))),"") | M167: =IFERROR(IF(INDEX('Test catalog'!$H$2:$H$200,MATCH($AB167,'Test catalog'!$A$2:$A$200,0))="","",INDEX('Test catalog'!$H$2:$H$200,MATCH($AB167,'Test catalog'!$A$2:$A$200,0))),"") | N167: =IFERROR(IF(INDEX('Test catalog'!$I$2:$I$200,MATCH($AB167,'Test catalog'!$A$2:$A$200,0))="","",INDEX('Test catalog'!$I$2:$I$200,MATCH($AB167,'Test catalog'!$A$2:$A$200,0))),"") | O167: =IFERROR(IF(INDEX('Test catalog'!$J$2:$J$200,MATCH($AB167,'Test catalog'!$A$2:$A$200,0))="","",INDEX('Test catalog'!$J$2:$J$200,MATCH($AB167,'Test catalog'!$A$2:$A$200,0))),"") | P167: =IF(N167="","",IF(OR(M167="",O167=""),N167,(M167+4*N167+O167)/6)) | Q167: =IFERROR(IF(INDEX('Test catalog'!$K$2:$K$200,MATCH($AB167,'Test catalog'!$A$2:$A$200,0))="","",INDEX('Test catalog'!$K$2:$K$200,MATCH($AB167,'Test catalog'!$A$2:$A$200,0))),"") | S167: =IFERROR(IF(INDEX('Test catalog'!$L$2:$L$200,MATCH($AB167,'Test catalog'!$A$2:$A$200,0))="","",INDEX('Test catalog'!$L$2:$L$200,MATCH($AB167,'Test catalog'!$A$2:$A$200,0))),"") | T167: =IFERROR(IF(INDEX('Test catalog'!$M$2:$M$200,MATCH($AB167,'Test catalog'!$A$2:$A$200,0))="","",INDEX('Test catalog'!$M$2:$M$200,MATCH($AB167,'Test catalog'!$A$2:$A$200,0))),"") | U167: =IFERROR(IF(INDEX('Test catalog'!$N$2:$N$200,MATCH($AB167,'Test catalog'!$A$2:$A$200,0))="","",INDEX('Test catalog'!$N$2:$N$200,MATCH($AB167,'Test catalog'!$A$2:$A$200,0))),"") | W167: N | AA167: =IFERROR(IF(INDEX('Test catalog'!$O$2:$O$200,MATCH($AB167,'Test catalog'!$A$2:$A$200,0))="","",INDEX('Test catalog'!$O$2:$O$200,MATCH($AB167,'Test catalog'!$A$2:$A$200,0))),"") | AB167: FRIAB
A168: F23 | B168: FP | C168: Empagliflozin 10 mg; Empaglose 25 | Empagliflozin | D168: Disintegration | E168: =IF(A168="","",A168&"|"&D168) | F168: Y | G168: Disintegration tester | H168: Low | I168: 1 | K168: =IFERROR(IF(INDEX('Test catalog'!$F$2:$F$200,MATCH($AB168,'Test catalog'!$A$2:$A$200,0))="","",INDEX('Test catalog'!$F$2:$F$200,MATCH($AB168,'Test catalog'!$A$2:$A$200,0))),"") | L168: =IFERROR(IF(INDEX('Test catalog'!$G$2:$G$200,MATCH($AB168,'Test catalog'!$A$2:$A$200,0))="","",INDEX('Test catalog'!$G$2:$G$200,MATCH($AB168,'Test catalog'!$A$2:$A$200,0))),"") | M168: =IFERROR(IF(INDEX('Test catalog'!$H$2:$H$200,MATCH($AB168,'Test catalog'!$A$2:$A$200,0))="","",INDEX('Test catalog'!$H$2:$H$200,MATCH($AB168,'Test catalog'!$A$2:$A$200,0))),"") | N168: =IFERROR(IF(INDEX('Test catalog'!$I$2:$I$200,MATCH($AB168,'Test catalog'!$A$2:$A$200,0))="","",INDEX('Test catalog'!$I$2:$I$200,MATCH($AB168,'Test catalog'!$A$2:$A$200,0))),"") | O168: =IFERROR(IF(INDEX('Test catalog'!$J$2:$J$200,MATCH($AB168,'Test catalog'!$A$2:$A$200,0))="","",INDEX('Test catalog'!$J$2:$J$200,MATCH($AB168,'Test catalog'!$A$2:$A$200,0))),"") | P168: =IF(N168="","",IF(OR(M168="",O168=""),N168,(M168+4*N168+O168)/6)) | Q168: =IFERROR(IF(INDEX('Test catalog'!$K$2:$K$200,MATCH($AB168,'Test catalog'!$A$2:$A$200,0))="","",INDEX('Test catalog'!$K$2:$K$200,MATCH($AB168,'Test catalog'!$A$2:$A$200,0))),"") | S168: =IFERROR(IF(INDEX('Test catalog'!$L$2:$L$200,MATCH($AB168,'Test catalog'!$A$2:$A$200,0))="","",INDEX('Test catalog'!$L$2:$L$200,MATCH($AB168,'Test catalog'!$A$2:$A$200,0))),"") | T168: =IFERROR(IF(INDEX('Test catalog'!$M$2:$M$200,MATCH($AB168,'Test catalog'!$A$2:$A$200,0))="","",INDEX('Test catalog'!$M$2:$M$200,MATCH($AB168,'Test catalog'!$A$2:$A$200,0))),"") | U168: =IFERROR(IF(INDEX('Test catalog'!$N$2:$N$200,MATCH($AB168,'Test catalog'!$A$2:$A$200,0))="","",INDEX('Test catalog'!$N$2:$N$200,MATCH($AB168,'Test catalog'!$A$2:$A$200,0))),"") | W168: Y | AA168: =IFERROR(IF(INDEX('Test catalog'!$O$2:$O$200,MATCH($AB168,'Test catalog'!$A$2:$A$200,0))="","",INDEX('Test catalog'!$O$2:$O$200,MATCH($AB168,'Test catalog'!$A$2:$A$200,0))),"") | AB168: DISINT
A169: F23 | B169: FP | C169: Empagliflozin 10 mg; Empaglose 25 | Empagliflozin | D169: In-process check at the machine (one check, all its tests) | E169: =IF(A169="","",A169&"|"&D169) | F169: Y | G169: Tablet tester | H169: Low | I169: 1 | K169: =IFERROR(IF(INDEX('Test catalog'!$F$2:$F$200,MATCH($AB169,'Test catalog'!$A$2:$A$200,0))="","",INDEX('Test catalog'!$F$2:$F$200,MATCH($AB169,'Test catalog'!$A$2:$A$200,0))),"") | L169: =IFERROR(IF(INDEX('Test catalog'!$G$2:$G$200,MATCH($AB169,'Test catalog'!$A$2:$A$200,0))="","",INDEX('Test catalog'!$G$2:$G$200,MATCH($AB169,'Test catalog'!$A$2:$A$200,0))),"") | M169: =IFERROR(IF(INDEX('Test catalog'!$H$2:$H$200,MATCH($AB169,'Test catalog'!$A$2:$A$200,0))="","",INDEX('Test catalog'!$H$2:$H$200,MATCH($AB169,'Test catalog'!$A$2:$A$200,0))),"") | N169: =IFERROR(IF(INDEX('Test catalog'!$I$2:$I$200,MATCH($AB169,'Test catalog'!$A$2:$A$200,0))="","",INDEX('Test catalog'!$I$2:$I$200,MATCH($AB169,'Test catalog'!$A$2:$A$200,0))),"") | O169: =IFERROR(IF(INDEX('Test catalog'!$J$2:$J$200,MATCH($AB169,'Test catalog'!$A$2:$A$200,0))="","",INDEX('Test catalog'!$J$2:$J$200,MATCH($AB169,'Test catalog'!$A$2:$A$200,0))),"") | P169: =IF(N169="","",IF(OR(M169="",O169=""),N169,(M169+4*N169+O169)/6)) | Q169: =IFERROR(IF(INDEX('Test catalog'!$K$2:$K$200,MATCH($AB169,'Test catalog'!$A$2:$A$200,0))="","",INDEX('Test catalog'!$K$2:$K$200,MATCH($AB169,'Test catalog'!$A$2:$A$200,0))),"") | S169: =IFERROR(IF(INDEX('Test catalog'!$L$2:$L$200,MATCH($AB169,'Test catalog'!$A$2:$A$200,0))="","",INDEX('Test catalog'!$L$2:$L$200,MATCH($AB169,'Test catalog'!$A$2:$A$200,0))),"") | T169: =IFERROR(IF(INDEX('Test catalog'!$M$2:$M$200,MATCH($AB169,'Test catalog'!$A$2:$A$200,0))="","",INDEX('Test catalog'!$M$2:$M$200,MATCH($AB169,'Test catalog'!$A$2:$A$200,0))),"") | U169: =IFERROR(IF(INDEX('Test catalog'!$N$2:$N$200,MATCH($AB169,'Test catalog'!$A$2:$A$200,0))="","",INDEX('Test catalog'!$N$2:$N$200,MATCH($AB169,'Test catalog'!$A$2:$A$200,0))),"") | W169: N | AA169: =IFERROR(IF(INDEX('Test catalog'!$O$2:$O$200,MATCH($AB169,'Test catalog'!$A$2:$A$200,0))="","",INDEX('Test catalog'!$O$2:$O$200,MATCH($AB169,'Test catalog'!$A$2:$A$200,0))),"") | AB169: IPC
A170: F24 | B170: FP | C170: Lixiban 2.5; Lixiban 5 | Apixaban | D170: Average weight / uniformity of mass | E170: =IF(A170="","",A170&"|"&D170) | F170: Y | G170: Balance | H170: Low | I170: 1 | K170: =IFERROR(IF(INDEX('Test catalog'!$F$2:$F$200,MATCH($AB170,'Test catalog'!$A$2:$A$200,0))="","",INDEX('Test catalog'!$F$2:$F$200,MATCH($AB170,'Test catalog'!$A$2:$A$200,0))),"") | L170: =IFERROR(IF(INDEX('Test catalog'!$G$2:$G$200,MATCH($AB170,'Test catalog'!$A$2:$A$200,0))="","",INDEX('Test catalog'!$G$2:$G$200,MATCH($AB170,'Test catalog'!$A$2:$A$200,0))),"") | M170: =IFERROR(IF(INDEX('Test catalog'!$H$2:$H$200,MATCH($AB170,'Test catalog'!$A$2:$A$200,0))="","",INDEX('Test catalog'!$H$2:$H$200,MATCH($AB170,'Test catalog'!$A$2:$A$200,0))),"") | N170: =IFERROR(IF(INDEX('Test catalog'!$I$2:$I$200,MATCH($AB170,'Test catalog'!$A$2:$A$200,0))="","",INDEX('Test catalog'!$I$2:$I$200,MATCH($AB170,'Test catalog'!$A$2:$A$200,0))),"") | O170: =IFERROR(IF(INDEX('Test catalog'!$J$2:$J$200,MATCH($AB170,'Test catalog'!$A$2:$A$200,0))="","",INDEX('Test catalog'!$J$2:$J$200,MATCH($AB170,'Test catalog'!$A$2:$A$200,0))),"") | P170: =IF(N170="","",IF(OR(M170="",O170=""),N170,(M170+4*N170+O170)/6)) | Q170: =IFERROR(IF(INDEX('Test catalog'!$K$2:$K$200,MATCH($AB170,'Test catalog'!$A$2:$A$200,0))="","",INDEX('Test catalog'!$K$2:$K$200,MATCH($AB170,'Test catalog'!$A$2:$A$200,0))),"") | S170: =IFERROR(IF(INDEX('Test catalog'!$L$2:$L$200,MATCH($AB170,'Test catalog'!$A$2:$A$200,0))="","",INDEX('Test catalog'!$L$2:$L$200,MATCH($AB170,'Test catalog'!$A$2:$A$200,0))),"") | T170: =IFERROR(IF(INDEX('Test catalog'!$M$2:$M$200,MATCH($AB170,'Test catalog'!$A$2:$A$200,0))="","",INDEX('Test catalog'!$M$2:$M$200,MATCH($AB170,'Test catalog'!$A$2:$A$200,0))),"") | U170: =IFERROR(IF(INDEX('Test catalog'!$N$2:$N$200,MATCH($AB170,'Test catalog'!$A$2:$A$200,0))="","",INDEX('Test catalog'!$N$2:$N$200,MATCH($AB170,'Test catalog'!$A$2:$A$200,0))),"") | W170: N | AA170: =IFERROR(IF(INDEX('Test catalog'!$O$2:$O$200,MATCH($AB170,'Test catalog'!$A$2:$A$200,0))="","",INDEX('Test catalog'!$O$2:$O$200,MATCH($AB170,'Test catalog'!$A$2:$A$200,0))),"") | AB170: AVG_WT
A171: F24 | B171: FP | C171: Lixiban 2.5; Lixiban 5 | Apixaban | D171: Diameter (or length / width) | E171: =IF(A171="","",A171&"|"&D171) | F171: Y | G171: Tablet tester | H171: Low | I171: 1 | K171: =IFERROR(IF(INDEX('Test catalog'!$F$2:$F$200,MATCH($AB171,'Test catalog'!$A$2:$A$200,0))="","",INDEX('Test catalog'!$F$2:$F$200,MATCH($AB171,'Test catalog'!$A$2:$A$200,0))),"") | L171: =IFERROR(IF(INDEX('Test catalog'!$G$2:$G$200,MATCH($AB171,'Test catalog'!$A$2:$A$200,0))="","",INDEX('Test catalog'!$G$2:$G$200,MATCH($AB171,'Test catalog'!$A$2:$A$200,0))),"") | M171: =IFERROR(IF(INDEX('Test catalog'!$H$2:$H$200,MATCH($AB171,'Test catalog'!$A$2:$A$200,0))="","",INDEX('Test catalog'!$H$2:$H$200,MATCH($AB171,'Test catalog'!$A$2:$A$200,0))),"") | N171: =IFERROR(IF(INDEX('Test catalog'!$I$2:$I$200,MATCH($AB171,'Test catalog'!$A$2:$A$200,0))="","",INDEX('Test catalog'!$I$2:$I$200,MATCH($AB171,'Test catalog'!$A$2:$A$200,0))),"") | O171: =IFERROR(IF(INDEX('Test catalog'!$J$2:$J$200,MATCH($AB171,'Test catalog'!$A$2:$A$200,0))="","",INDEX('Test catalog'!$J$2:$J$200,MATCH($AB171,'Test catalog'!$A$2:$A$200,0))),"") | P171: =IF(N171="","",IF(OR(M171="",O171=""),N171,(M171+4*N171+O171)/6)) | Q171: =IFERROR(IF(INDEX('Test catalog'!$K$2:$K$200,MATCH($AB171,'Test catalog'!$A$2:$A$200,0))="","",INDEX('Test catalog'!$K$2:$K$200,MATCH($AB171,'Test catalog'!$A$2:$A$200,0))),"") | S171: =IFERROR(IF(INDEX('Test catalog'!$L$2:$L$200,MATCH($AB171,'Test catalog'!$A$2:$A$200,0))="","",INDEX('Test catalog'!$L$2:$L$200,MATCH($AB171,'Test catalog'!$A$2:$A$200,0))),"") | T171: =IFERROR(IF(INDEX('Test catalog'!$M$2:$M$200,MATCH($AB171,'Test catalog'!$A$2:$A$200,0))="","",INDEX('Test catalog'!$M$2:$M$200,MATCH($AB171,'Test catalog'!$A$2:$A$200,0))),"") | U171: =IFERROR(IF(INDEX('Test catalog'!$N$2:$N$200,MATCH($AB171,'Test catalog'!$A$2:$A$200,0))="","",INDEX('Test catalog'!$N$2:$N$200,MATCH($AB171,'Test catalog'!$A$2:$A$200,0))),"") | W171: N | AA171: =IFERROR(IF(INDEX('Test catalog'!$O$2:$O$200,MATCH($AB171,'Test catalog'!$A$2:$A$200,0))="","",INDEX('Test catalog'!$O$2:$O$200,MATCH($AB171,'Test catalog'!$A$2:$A$200,0))),"") | AB171: DIAM
A172: F24 | B172: FP | C172: Lixiban 2.5; Lixiban 5 | Apixaban | D172: Thickness | E172: =IF(A172="","",A172&"|"&D172) | F172: Y | G172: Tablet tester | H172: Low | I172: 1 | K172: =IFERROR(IF(INDEX('Test catalog'!$F$2:$F$200,MATCH($AB172,'Test catalog'!$A$2:$A$200,0))="","",INDEX('Test catalog'!$F$2:$F$200,MATCH($AB172,'Test catalog'!$A$2:$A$200,0))),"") | L172: =IFERROR(IF(INDEX('Test catalog'!$G$2:$G$200,MATCH($AB172,'Test catalog'!$A$2:$A$200,0))="","",INDEX('Test catalog'!$G$2:$G$200,MATCH($AB172,'Test catalog'!$A$2:$A$200,0))),"") | M172: =IFERROR(IF(INDEX('Test catalog'!$H$2:$H$200,MATCH($AB172,'Test catalog'!$A$2:$A$200,0))="","",INDEX('Test catalog'!$H$2:$H$200,MATCH($AB172,'Test catalog'!$A$2:$A$200,0))),"") | N172: =IFERROR(IF(INDEX('Test catalog'!$I$2:$I$200,MATCH($AB172,'Test catalog'!$A$2:$A$200,0))="","",INDEX('Test catalog'!$I$2:$I$200,MATCH($AB172,'Test catalog'!$A$2:$A$200,0))),"") | O172: =IFERROR(IF(INDEX('Test catalog'!$J$2:$J$200,MATCH($AB172,'Test catalog'!$A$2:$A$200,0))="","",INDEX('Test catalog'!$J$2:$J$200,MATCH($AB172,'Test catalog'!$A$2:$A$200,0))),"") | P172: =IF(N172="","",IF(OR(M172="",O172=""),N172,(M172+4*N172+O172)/6)) | Q172: =IFERROR(IF(INDEX('Test catalog'!$K$2:$K$200,MATCH($AB172,'Test catalog'!$A$2:$A$200,0))="","",INDEX('Test catalog'!$K$2:$K$200,MATCH($AB172,'Test catalog'!$A$2:$A$200,0))),"") | S172: =IFERROR(IF(INDEX('Test catalog'!$L$2:$L$200,MATCH($AB172,'Test catalog'!$A$2:$A$200,0))="","",INDEX('Test catalog'!$L$2:$L$200,MATCH($AB172,'Test catalog'!$A$2:$A$200,0))),"") | T172: =IFERROR(IF(INDEX('Test catalog'!$M$2:$M$200,MATCH($AB172,'Test catalog'!$A$2:$A$200,0))="","",INDEX('Test catalog'!$M$2:$M$200,MATCH($AB172,'Test catalog'!$A$2:$A$200,0))),"") | U172: =IFERROR(IF(INDEX('Test catalog'!$N$2:$N$200,MATCH($AB172,'Test catalog'!$A$2:$A$200,0))="","",INDEX('Test catalog'!$N$2:$N$200,MATCH($AB172,'Test catalog'!$A$2:$A$200,0))),"") | W172: N | AA172: =IFERROR(IF(INDEX('Test catalog'!$O$2:$O$200,MATCH($AB172,'Test catalog'!$A$2:$A$200,0))="","",INDEX('Test catalog'!$O$2:$O$200,MATCH($AB172,'Test catalog'!$A$2:$A$200,0))),"") | AB172: THICK
A173: F24 | B173: FP | C173: Lixiban 2.5; Lixiban 5 | Apixaban | D173: Hardness / breaking force | E173: =IF(A173="","",A173&"|"&D173) | F173: Y | G173: Tablet tester | H173: Low | I173: 1 | K173: =IFERROR(IF(INDEX('Test catalog'!$F$2:$F$200,MATCH($AB173,'Test catalog'!$A$2:$A$200,0))="","",INDEX('Test catalog'!$F$2:$F$200,MATCH($AB173,'Test catalog'!$A$2:$A$200,0))),"") | L173: =IFERROR(IF(INDEX('Test catalog'!$G$2:$G$200,MATCH($AB173,'Test catalog'!$A$2:$A$200,0))="","",INDEX('Test catalog'!$G$2:$G$200,MATCH($AB173,'Test catalog'!$A$2:$A$200,0))),"") | M173: =IFERROR(IF(INDEX('Test catalog'!$H$2:$H$200,MATCH($AB173,'Test catalog'!$A$2:$A$200,0))="","",INDEX('Test catalog'!$H$2:$H$200,MATCH($AB173,'Test catalog'!$A$2:$A$200,0))),"") | N173: =IFERROR(IF(INDEX('Test catalog'!$I$2:$I$200,MATCH($AB173,'Test catalog'!$A$2:$A$200,0))="","",INDEX('Test catalog'!$I$2:$I$200,MATCH($AB173,'Test catalog'!$A$2:$A$200,0))),"") | O173: =IFERROR(IF(INDEX('Test catalog'!$J$2:$J$200,MATCH($AB173,'Test catalog'!$A$2:$A$200,0))="","",INDEX('Test catalog'!$J$2:$J$200,MATCH($AB173,'Test catalog'!$A$2:$A$200,0))),"") | P173: =IF(N173="","",IF(OR(M173="",O173=""),N173,(M173+4*N173+O173)/6)) | Q173: =IFERROR(IF(INDEX('Test catalog'!$K$2:$K$200,MATCH($AB173,'Test catalog'!$A$2:$A$200,0))="","",INDEX('Test catalog'!$K$2:$K$200,MATCH($AB173,'Test catalog'!$A$2:$A$200,0))),"") | S173: =IFERROR(IF(INDEX('Test catalog'!$L$2:$L$200,MATCH($AB173,'Test catalog'!$A$2:$A$200,0))="","",INDEX('Test catalog'!$L$2:$L$200,MATCH($AB173,'Test catalog'!$A$2:$A$200,0))),"") | T173: =IFERROR(IF(INDEX('Test catalog'!$M$2:$M$200,MATCH($AB173,'Test catalog'!$A$2:$A$200,0))="","",INDEX('Test catalog'!$M$2:$M$200,MATCH($AB173,'Test catalog'!$A$2:$A$200,0))),"") | U173: =IFERROR(IF(INDEX('Test catalog'!$N$2:$N$200,MATCH($AB173,'Test catalog'!$A$2:$A$200,0))="","",INDEX('Test catalog'!$N$2:$N$200,MATCH($AB173,'Test catalog'!$A$2:$A$200,0))),"") | W173: Y | AA173: =IFERROR(IF(INDEX('Test catalog'!$O$2:$O$200,MATCH($AB173,'Test catalog'!$A$2:$A$200,0))="","",INDEX('Test catalog'!$O$2:$O$200,MATCH($AB173,'Test catalog'!$A$2:$A$200,0))),"") | AB173: HARD
... A267: F36 | B267: FP | C267: Ca+k+D3 | Calcium Carbonate, Vitamin D3 (+1 more) | D267: In-process check at the machine (one check, all its tests) | E267: =IF(A267="","",A267&"|"&D267) | F267: Y | G267: Tablet tester | H267: Low | I267: 1 | K267: =IFERROR(IF(INDEX('Test catalog'!$F$2:$F$200,MATCH($AB267,'Test catalog'!$A$2:$A$200,0))="","",INDEX('Test catalog'!$F$2:$F$200,MATCH($AB267,'Test catalog'!$A$2:$A$200,0))),"") | L267: =IFERROR(IF(INDEX('Test catalog'!$G$2:$G$200,MATCH($AB267,'Test catalog'!$A$2:$A$200,0))="","",INDEX('Test catalog'!$G$2:$G$200,MATCH($AB267,'Test catalog'!$A$2:$A$200,0))),"") | M267: =IFERROR(IF(INDEX('Test catalog'!$H$2:$H$200,MATCH($AB267,'Test catalog'!$A$2:$A$200,0))="","",INDEX('Test catalog'!$H$2:$H$200,MATCH($AB267,'Test catalog'!$A$2:$A$200,0))),"") | N267: =IFERROR(IF(INDEX('Test catalog'!$I$2:$I$200,MATCH($AB267,'Test catalog'!$A$2:$A$200,0))="","",INDEX('Test catalog'!$I$2:$I$200,MATCH($AB267,'Test catalog'!$A$2:$A$200,0))),"") | O267: =IFERROR(IF(INDEX('Test catalog'!$J$2:$J$200,MATCH($AB267,'Test catalog'!$A$2:$A$200,0))="","",INDEX('Test catalog'!$J$2:$J$200,MATCH($AB267,'Test catalog'!$A$2:$A$200,0))),"") | P267: =IF(N267="","",IF(OR(M267="",O267=""),N267,(M267+4*N267+O267)/6)) | Q267: =IFERROR(IF(INDEX('Test catalog'!$K$2:$K$200,MATCH($AB267,'Test catalog'!$A$2:$A$200,0))="","",INDEX('Test catalog'!$K$2:$K$200,MATCH($AB267,'Test catalog'!$A$2:$A$200,0))),"") | S267: =IFERROR(IF(INDEX('Test catalog'!$L$2:$L$200,MATCH($AB267,'Test catalog'!$A$2:$A$200,0))="","",INDEX('Test catalog'!$L$2:$L$200,MATCH($AB267,'Test catalog'!$A$2:$A$200,0))),"") | T267: =IFERROR(IF(INDEX('Test catalog'!$M$2:$M$200,MATCH($AB267,'Test catalog'!$A$2:$A$200,0))="","",INDEX('Test catalog'!$M$2:$M$200,MATCH($AB267,'Test catalog'!$A$2:$A$200,0))),"") | U267: =IFERROR(IF(INDEX('Test catalog'!$N$2:$N$200,MATCH($AB267,'Test catalog'!$A$2:$A$200,0))="","",INDEX('Test catalog'!$N$2:$N$200,MATCH($AB267,'Test catalog'!$A$2:$A$200,0))),"") | W267: N | AA267: =IFERROR(IF(INDEX('Test catalog'!$O$2:$O$200,MATCH($AB267,'Test catalog'!$A$2:$A$200,0))="","",INDEX('Test catalog'!$O$2:$O$200,MATCH($AB267,'Test catalog'!$A$2:$A$200,0))),"") | AB267: IPC
A268: F37 | B268: FP | C268: Zinc+Vitamin C | actives TBD: Zinc+Vitamin C | D268: Average weight / uniformity of mass | E268: =IF(A268="","",A268&"|"&D268) | F268: Y | G268: Balance | H268: Low | I268: 1 | K268: =IFERROR(IF(INDEX('Test catalog'!$F$2:$F$200,MATCH($AB268,'Test catalog'!$A$2:$A$200,0))="","",INDEX('Test catalog'!$F$2:$F$200,MATCH($AB268,'Test catalog'!$A$2:$A$200,0))),"") | L268: =IFERROR(IF(INDEX('Test catalog'!$G$2:$G$200,MATCH($AB268,'Test catalog'!$A$2:$A$200,0))="","",INDEX('Test catalog'!$G$2:$G$200,MATCH($AB268,'Test catalog'!$A$2:$A$200,0))),"") | M268: =IFERROR(IF(INDEX('Test catalog'!$H$2:$H$200,MATCH($AB268,'Test catalog'!$A$2:$A$200,0))="","",INDEX('Test catalog'!$H$2:$H$200,MATCH($AB268,'Test catalog'!$A$2:$A$200,0))),"") | N268: =IFERROR(IF(INDEX('Test catalog'!$I$2:$I$200,MATCH($AB268,'Test catalog'!$A$2:$A$200,0))="","",INDEX('Test catalog'!$I$2:$I$200,MATCH($AB268,'Test catalog'!$A$2:$A$200,0))),"") | O268: =IFERROR(IF(INDEX('Test catalog'!$J$2:$J$200,MATCH($AB268,'Test catalog'!$A$2:$A$200,0))="","",INDEX('Test catalog'!$J$2:$J$200,MATCH($AB268,'Test catalog'!$A$2:$A$200,0))),"") | P268: =IF(N268="","",IF(OR(M268="",O268=""),N268,(M268+4*N268+O268)/6)) | Q268: =IFERROR(IF(INDEX('Test catalog'!$K$2:$K$200,MATCH($AB268,'Test catalog'!$A$2:$A$200,0))="","",INDEX('Test catalog'!$K$2:$K$200,MATCH($AB268,'Test catalog'!$A$2:$A$200,0))),"") | S268: =IFERROR(IF(INDEX('Test catalog'!$L$2:$L$200,MATCH($AB268,'Test catalog'!$A$2:$A$200,0))="","",INDEX('Test catalog'!$L$2:$L$200,MATCH($AB268,'Test catalog'!$A$2:$A$200,0))),"") | T268: =IFERROR(IF(INDEX('Test catalog'!$M$2:$M$200,MATCH($AB268,'Test catalog'!$A$2:$A$200,0))="","",INDEX('Test catalog'!$M$2:$M$200,MATCH($AB268,'Test catalog'!$A$2:$A$200,0))),"") | U268: =IFERROR(IF(INDEX('Test catalog'!$N$2:$N$200,MATCH($AB268,'Test catalog'!$A$2:$A$200,0))="","",INDEX('Test catalog'!$N$2:$N$200,MATCH($AB268,'Test catalog'!$A$2:$A$200,0))),"") | W268: N | Z268: Actives not on record – confirm tests | AA268: =IFERROR(IF(INDEX('Test catalog'!$O$2:$O$200,MATCH($AB268,'Test catalog'!$A$2:$A$200,0))="","",INDEX('Test catalog'!$O$2:$O$200,MATCH($AB268,'Test catalog'!$A$2:$A$200,0))),"") | AB268: AVG_WT
A269: F37 | B269: FP | C269: Zinc+Vitamin C | actives TBD: Zinc+Vitamin C | D269: Diameter (or length / width) | E269: =IF(A269="","",A269&"|"&D269) | F269: Y | G269: Tablet tester | H269: Low | I269: 1 | K269: =IFERROR(IF(INDEX('Test catalog'!$F$2:$F$200,MATCH($AB269,'Test catalog'!$A$2:$A$200,0))="","",INDEX('Test catalog'!$F$2:$F$200,MATCH($AB269,'Test catalog'!$A$2:$A$200,0))),"") | L269: =IFERROR(IF(INDEX('Test catalog'!$G$2:$G$200,MATCH($AB269,'Test catalog'!$A$2:$A$200,0))="","",INDEX('Test catalog'!$G$2:$G$200,MATCH($AB269,'Test catalog'!$A$2:$A$200,0))),"") | M269: =IFERROR(IF(INDEX('Test catalog'!$H$2:$H$200,MATCH($AB269,'Test catalog'!$A$2:$A$200,0))="","",INDEX('Test catalog'!$H$2:$H$200,MATCH($AB269,'Test catalog'!$A$2:$A$200,0))),"") | N269: =IFERROR(IF(INDEX('Test catalog'!$I$2:$I$200,MATCH($AB269,'Test catalog'!$A$2:$A$200,0))="","",INDEX('Test catalog'!$I$2:$I$200,MATCH($AB269,'Test catalog'!$A$2:$A$200,0))),"") | O269: =IFERROR(IF(INDEX('Test catalog'!$J$2:$J$200,MATCH($AB269,'Test catalog'!$A$2:$A$200,0))="","",INDEX('Test catalog'!$J$2:$J$200,MATCH($AB269,'Test catalog'!$A$2:$A$200,0))),"") | P269: =IF(N269="","",IF(OR(M269="",O269=""),N269,(M269+4*N269+O269)/6)) | Q269: =IFERROR(IF(INDEX('Test catalog'!$K$2:$K$200,MATCH($AB269,'Test catalog'!$A$2:$A$200,0))="","",INDEX('Test catalog'!$K$2:$K$200,MATCH($AB269,'Test catalog'!$A$2:$A$200,0))),"") | S269: =IFERROR(IF(INDEX('Test catalog'!$L$2:$L$200,MATCH($AB269,'Test catalog'!$A$2:$A$200,0))="","",INDEX('Test catalog'!$L$2:$L$200,MATCH($AB269,'Test catalog'!$A$2:$A$200,0))),"") | T269: =IFERROR(IF(INDEX('Test catalog'!$M$2:$M$200,MATCH($AB269,'Test catalog'!$A$2:$A$200,0))="","",INDEX('Test catalog'!$M$2:$M$200,MATCH($AB269,'Test catalog'!$A$2:$A$200,0))),"") | U269: =IFERROR(IF(INDEX('Test catalog'!$N$2:$N$200,MATCH($AB269,'Test catalog'!$A$2:$A$200,0))="","",INDEX('Test catalog'!$N$2:$N$200,MATCH($AB269,'Test catalog'!$A$2:$A$200,0))),"") | W269: N | Z269: Actives not on record – confirm tests | AA269: =IFERROR(IF(INDEX('Test catalog'!$O$2:$O$200,MATCH($AB269,'Test catalog'!$A$2:$A$200,0))="","",INDEX('Test catalog'!$O$2:$O$200,MATCH($AB269,'Test catalog'!$A$2:$A$200,0))),"") | AB269: DIAM
A270: F37 | B270: FP | C270: Zinc+Vitamin C | actives TBD: Zinc+Vitamin C | D270: Thickness | E270: =IF(A270="","",A270&"|"&D270) | F270: Y | G270: Tablet tester | H270: Low | I270: 1 | K270: =IFERROR(IF(INDEX('Test catalog'!$F$2:$F$200,MATCH($AB270,'Test catalog'!$A$2:$A$200,0))="","",INDEX('Test catalog'!$F$2:$F$200,MATCH($AB270,'Test catalog'!$A$2:$A$200,0))),"") | L270: =IFERROR(IF(INDEX('Test catalog'!$G$2:$G$200,MATCH($AB270,'Test catalog'!$A$2:$A$200,0))="","",INDEX('Test catalog'!$G$2:$G$200,MATCH($AB270,'Test catalog'!$A$2:$A$200,0))),"") | M270: =IFERROR(IF(INDEX('Test catalog'!$H$2:$H$200,MATCH($AB270,'Test catalog'!$A$2:$A$200,0))="","",INDEX('Test catalog'!$H$2:$H$200,MATCH($AB270,'Test catalog'!$A$2:$A$200,0))),"") | N270: =IFERROR(IF(INDEX('Test catalog'!$I$2:$I$200,MATCH($AB270,'Test catalog'!$A$2:$A$200,0))="","",INDEX('Test catalog'!$I$2:$I$200,MATCH($AB270,'Test catalog'!$A$2:$A$200,0))),"") | O270: =IFERROR(IF(INDEX('Test catalog'!$J$2:$J$200,MATCH($AB270,'Test catalog'!$A$2:$A$200,0))="","",INDEX('Test catalog'!$J$2:$J$200,MATCH($AB270,'Test catalog'!$A$2:$A$200,0))),"") | P270: =IF(N270="","",IF(OR(M270="",O270=""),N270,(M270+4*N270+O270)/6)) | Q270: =IFERROR(IF(INDEX('Test catalog'!$K$2:$K$200,MATCH($AB270,'Test catalog'!$A$2:$A$200,0))="","",INDEX('Test catalog'!$K$2:$K$200,MATCH($AB270,'Test catalog'!$A$2:$A$200,0))),"") | S270: =IFERROR(IF(INDEX('Test catalog'!$L$2:$L$200,MATCH($AB270,'Test catalog'!$A$2:$A$200,0))="","",INDEX('Test catalog'!$L$2:$L$200,MATCH($AB270,'Test catalog'!$A$2:$A$200,0))),"") | T270: =IFERROR(IF(INDEX('Test catalog'!$M$2:$M$200,MATCH($AB270,'Test catalog'!$A$2:$A$200,0))="","",INDEX('Test catalog'!$M$2:$M$200,MATCH($AB270,'Test catalog'!$A$2:$A$200,0))),"") | U270: =IFERROR(IF(INDEX('Test catalog'!$N$2:$N$200,MATCH($AB270,'Test catalog'!$A$2:$A$200,0))="","",INDEX('Test catalog'!$N$2:$N$200,MATCH($AB270,'Test catalog'!$A$2:$A$200,0))),"") | W270: N | Z270: Actives not on record – confirm tests | AA270: =IFERROR(IF(INDEX('Test catalog'!$O$2:$O$200,MATCH($AB270,'Test catalog'!$A$2:$A$200,0))="","",INDEX('Test catalog'!$O$2:$O$200,MATCH($AB270,'Test catalog'!$A$2:$A$200,0))),"") | AB270: THICK
A271: F37 | B271: FP | C271: Zinc+Vitamin C | actives TBD: Zinc+Vitamin C | D271: Hardness / breaking force | E271: =IF(A271="","",A271&"|"&D271) | F271: Y | G271: Tablet tester | H271: Low | I271: 1 | K271: =IFERROR(IF(INDEX('Test catalog'!$F$2:$F$200,MATCH($AB271,'Test catalog'!$A$2:$A$200,0))="","",INDEX('Test catalog'!$F$2:$F$200,MATCH($AB271,'Test catalog'!$A$2:$A$200,0))),"") | L271: =IFERROR(IF(INDEX('Test catalog'!$G$2:$G$200,MATCH($AB271,'Test catalog'!$A$2:$A$200,0))="","",INDEX('Test catalog'!$G$2:$G$200,MATCH($AB271,'Test catalog'!$A$2:$A$200,0))),"") | M271: =IFERROR(IF(INDEX('Test catalog'!$H$2:$H$200,MATCH($AB271,'Test catalog'!$A$2:$A$200,0))="","",INDEX('Test catalog'!$H$2:$H$200,MATCH($AB271,'Test catalog'!$A$2:$A$200,0))),"") | N271: =IFERROR(IF(INDEX('Test catalog'!$I$2:$I$200,MATCH($AB271,'Test catalog'!$A$2:$A$200,0))="","",INDEX('Test catalog'!$I$2:$I$200,MATCH($AB271,'Test catalog'!$A$2:$A$200,0))),"") | O271: =IFERROR(IF(INDEX('Test catalog'!$J$2:$J$200,MATCH($AB271,'Test catalog'!$A$2:$A$200,0))="","",INDEX('Test catalog'!$J$2:$J$200,MATCH($AB271,'Test catalog'!$A$2:$A$200,0))),"") | P271: =IF(N271="","",IF(OR(M271="",O271=""),N271,(M271+4*N271+O271)/6)) | Q271: =IFERROR(IF(INDEX('Test catalog'!$K$2:$K$200,MATCH($AB271,'Test catalog'!$A$2:$A$200,0))="","",INDEX('Test catalog'!$K$2:$K$200,MATCH($AB271,'Test catalog'!$A$2:$A$200,0))),"") | S271: =IFERROR(IF(INDEX('Test catalog'!$L$2:$L$200,MATCH($AB271,'Test catalog'!$A$2:$A$200,0))="","",INDEX('Test catalog'!$L$2:$L$200,MATCH($AB271,'Test catalog'!$A$2:$A$200,0))),"") | T271: =IFERROR(IF(INDEX('Test catalog'!$M$2:$M$200,MATCH($AB271,'Test catalog'!$A$2:$A$200,0))="","",INDEX('Test catalog'!$M$2:$M$200,MATCH($AB271,'Test catalog'!$A$2:$A$200,0))),"") | U271: =IFERROR(IF(INDEX('Test catalog'!$N$2:$N$200,MATCH($AB271,'Test catalog'!$A$2:$A$200,0))="","",INDEX('Test catalog'!$N$2:$N$200,MATCH($AB271,'Test catalog'!$A$2:$A$200,0))),"") | W271: Y | Z271: Actives not on record – confirm tests | AA271: =IFERROR(IF(INDEX('Test catalog'!$O$2:$O$200,MATCH($AB271,'Test catalog'!$A$2:$A$200,0))="","",INDEX('Test catalog'!$O$2:$O$200,MATCH($AB271,'Test catalog'!$A$2:$A$200,0))),"") | AB271: HARD
A272: F37 | B272: FP | C272: Zinc+Vitamin C | actives TBD: Zinc+Vitamin C | D272: Brittleness | E272: =IF(A272="","",A272&"|"&D272) | F272: Y | G272: Other / bench | H272: Low | I272: 1 | K272: =IFERROR(IF(INDEX('Test catalog'!$F$2:$F$200,MATCH($AB272,'Test catalog'!$A$2:$A$200,0))="","",INDEX('Test catalog'!$F$2:$F$200,MATCH($AB272,'Test catalog'!$A$2:$A$200,0))),"") | L272: =IFERROR(IF(INDEX('Test catalog'!$G$2:$G$200,MATCH($AB272,'Test catalog'!$A$2:$A$200,0))="","",INDEX('Test catalog'!$G$2:$G$200,MATCH($AB272,'Test catalog'!$A$2:$A$200,0))),"") | M272: =IFERROR(IF(INDEX('Test catalog'!$H$2:$H$200,MATCH($AB272,'Test catalog'!$A$2:$A$200,0))="","",INDEX('Test catalog'!$H$2:$H$200,MATCH($AB272,'Test catalog'!$A$2:$A$200,0))),"") | N272: =IFERROR(IF(INDEX('Test catalog'!$I$2:$I$200,MATCH($AB272,'Test catalog'!$A$2:$A$200,0))="","",INDEX('Test catalog'!$I$2:$I$200,MATCH($AB272,'Test catalog'!$A$2:$A$200,0))),"") | O272: =IFERROR(IF(INDEX('Test catalog'!$J$2:$J$200,MATCH($AB272,'Test catalog'!$A$2:$A$200,0))="","",INDEX('Test catalog'!$J$2:$J$200,MATCH($AB272,'Test catalog'!$A$2:$A$200,0))),"") | P272: =IF(N272="","",IF(OR(M272="",O272=""),N272,(M272+4*N272+O272)/6)) | Q272: =IFERROR(IF(INDEX('Test catalog'!$K$2:$K$200,MATCH($AB272,'Test catalog'!$A$2:$A$200,0))="","",INDEX('Test catalog'!$K$2:$K$200,MATCH($AB272,'Test catalog'!$A$2:$A$200,0))),"") | S272: =IFERROR(IF(INDEX('Test catalog'!$L$2:$L$200,MATCH($AB272,'Test catalog'!$A$2:$A$200,0))="","",INDEX('Test catalog'!$L$2:$L$200,MATCH($AB272,'Test catalog'!$A$2:$A$200,0))),"") | T272: =IFERROR(IF(INDEX('Test catalog'!$M$2:$M$200,MATCH($AB272,'Test catalog'!$A$2:$A$200,0))="","",INDEX('Test catalog'!$M$2:$M$200,MATCH($AB272,'Test catalog'!$A$2:$A$200,0))),"") | U272: =IFERROR(IF(INDEX('Test catalog'!$N$2:$N$200,MATCH($AB272,'Test catalog'!$A$2:$A$200,0))="","",INDEX('Test catalog'!$N$2:$N$200,MATCH($AB272,'Test catalog'!$A$2:$A$200,0))),"") | W272: N | Z272: Actives not on record – confirm tests | AA272: =IFERROR(IF(INDEX('Test catalog'!$O$2:$O$200,MATCH($AB272,'Test catalog'!$A$2:$A$200,0))="","",INDEX('Test catalog'!$O$2:$O$200,MATCH($AB272,'Test catalog'!$A$2:$A$200,0))),"") | AB272: BRITTLE
A273: F37 | B273: FP | C273: Zinc+Vitamin C | actives TBD: Zinc+Vitamin C | D273: Friability | E273: =IF(A273="","",A273&"|"&D273) | F273: Y | G273: Friabilator | H273: Low | I273: 1 | K273: =IFERROR(IF(INDEX('Test catalog'!$F$2:$F$200,MATCH($AB273,'Test catalog'!$A$2:$A$200,0))="","",INDEX('Test catalog'!$F$2:$F$200,MATCH($AB273,'Test catalog'!$A$2:$A$200,0))),"") | L273: =IFERROR(IF(INDEX('Test catalog'!$G$2:$G$200,MATCH($AB273,'Test catalog'!$A$2:$A$200,0))="","",INDEX('Test catalog'!$G$2:$G$200,MATCH($AB273,'Test catalog'!$A$2:$A$200,0))),"") | M273: =IFERROR(IF(INDEX('Test catalog'!$H$2:$H$200,MATCH($AB273,'Test catalog'!$A$2:$A$200,0))="","",INDEX('Test catalog'!$H$2:$H$200,MATCH($AB273,'Test catalog'!$A$2:$A$200,0))),"") | N273: =IFERROR(IF(INDEX('Test catalog'!$I$2:$I$200,MATCH($AB273,'Test catalog'!$A$2:$A$200,0))="","",INDEX('Test catalog'!$I$2:$I$200,MATCH($AB273,'Test catalog'!$A$2:$A$200,0))),"") | O273: =IFERROR(IF(INDEX('Test catalog'!$J$2:$J$200,MATCH($AB273,'Test catalog'!$A$2:$A$200,0))="","",INDEX('Test catalog'!$J$2:$J$200,MATCH($AB273,'Test catalog'!$A$2:$A$200,0))),"") | P273: =IF(N273="","",IF(OR(M273="",O273=""),N273,(M273+4*N273+O273)/6)) | Q273: =IFERROR(IF(INDEX('Test catalog'!$K$2:$K$200,MATCH($AB273,'Test catalog'!$A$2:$A$200,0))="","",INDEX('Test catalog'!$K$2:$K$200,MATCH($AB273,'Test catalog'!$A$2:$A$200,0))),"") | S273: =IFERROR(IF(INDEX('Test catalog'!$L$2:$L$200,MATCH($AB273,'Test catalog'!$A$2:$A$200,0))="","",INDEX('Test catalog'!$L$2:$L$200,MATCH($AB273,'Test catalog'!$A$2:$A$200,0))),"") | T273: =IFERROR(IF(INDEX('Test catalog'!$M$2:$M$200,MATCH($AB273,'Test catalog'!$A$2:$A$200,0))="","",INDEX('Test catalog'!$M$2:$M$200,MATCH($AB273,'Test catalog'!$A$2:$A$200,0))),"") | U273: =IFERROR(IF(INDEX('Test catalog'!$N$2:$N$200,MATCH($AB273,'Test catalog'!$A$2:$A$200,0))="","",INDEX('Test catalog'!$N$2:$N$200,MATCH($AB273,'Test catalog'!$A$2:$A$200,0))),"") | W273: N | Z273: Actives not on record – confirm tests | AA273: =IFERROR(IF(INDEX('Test catalog'!$O$2:$O$200,MATCH($AB273,'Test catalog'!$A$2:$A$200,0))="","",INDEX('Test catalog'!$O$2:$O$200,MATCH($AB273,'Test catalog'!$A$2:$A$200,0))),"") | AB273: FRIAB
A274: F37 | B274: FP | C274: Zinc+Vitamin C | actives TBD: Zinc+Vitamin C | D274: Disintegration | E274: =IF(A274="","",A274&"|"&D274) | F274: Y | G274: Disintegration tester | H274: Low | I274: 1 | K274: =IFERROR(IF(INDEX('Test catalog'!$F$2:$F$200,MATCH($AB274,'Test catalog'!$A$2:$A$200,0))="","",INDEX('Test catalog'!$F$2:$F$200,MATCH($AB274,'Test catalog'!$A$2:$A$200,0))),"") | L274: =IFERROR(IF(INDEX('Test catalog'!$G$2:$G$200,MATCH($AB274,'Test catalog'!$A$2:$A$200,0))="","",INDEX('Test catalog'!$G$2:$G$200,MATCH($AB274,'Test catalog'!$A$2:$A$200,0))),"") | M274: =IFERROR(IF(INDEX('Test catalog'!$H$2:$H$200,MATCH($AB274,'Test catalog'!$A$2:$A$200,0))="","",INDEX('Test catalog'!$H$2:$H$200,MATCH($AB274,'Test catalog'!$A$2:$A$200,0))),"") | N274: =IFERROR(IF(INDEX('Test catalog'!$I$2:$I$200,MATCH($AB274,'Test catalog'!$A$2:$A$200,0))="","",INDEX('Test catalog'!$I$2:$I$200,MATCH($AB274,'Test catalog'!$A$2:$A$200,0))),"") | O274: =IFERROR(IF(INDEX('Test catalog'!$J$2:$J$200,MATCH($AB274,'Test catalog'!$A$2:$A$200,0))="","",INDEX('Test catalog'!$J$2:$J$200,MATCH($AB274,'Test catalog'!$A$2:$A$200,0))),"") | P274: =IF(N274="","",IF(OR(M274="",O274=""),N274,(M274+4*N274+O274)/6)) | Q274: =IFERROR(IF(INDEX('Test catalog'!$K$2:$K$200,MATCH($AB274,'Test catalog'!$A$2:$A$200,0))="","",INDEX('Test catalog'!$K$2:$K$200,MATCH($AB274,'Test catalog'!$A$2:$A$200,0))),"") | S274: =IFERROR(IF(INDEX('Test catalog'!$L$2:$L$200,MATCH($AB274,'Test catalog'!$A$2:$A$200,0))="","",INDEX('Test catalog'!$L$2:$L$200,MATCH($AB274,'Test catalog'!$A$2:$A$200,0))),"") | T274: =IFERROR(IF(INDEX('Test catalog'!$M$2:$M$200,MATCH($AB274,'Test catalog'!$A$2:$A$200,0))="","",INDEX('Test catalog'!$M$2:$M$200,MATCH($AB274,'Test catalog'!$A$2:$A$200,0))),"") | U274: =IFERROR(IF(INDEX('Test catalog'!$N$2:$N$200,MATCH($AB274,'Test catalog'!$A$2:$A$200,0))="","",INDEX('Test catalog'!$N$2:$N$200,MATCH($AB274,'Test catalog'!$A$2:$A$200,0))),"") | W274: Y | Z274: Actives not on record – confirm tests | AA274: =IFERROR(IF(INDEX('Test catalog'!$O$2:$O$200,MATCH($AB274,'Test catalog'!$A$2:$A$200,0))="","",INDEX('Test catalog'!$O$2:$O$200,MATCH($AB274,'Test catalog'!$A$2:$A$200,0))),"") | AB274: DISINT
A275: F37 | B275: FP | C275: Zinc+Vitamin C | actives TBD: Zinc+Vitamin C | D275: In-process check at the machine (one check, all its tests) | E275: =IF(A275="","",A275&"|"&D275) | F275: Y | G275: Tablet tester | H275: Low | I275: 1 | K275: =IFERROR(IF(INDEX('Test catalog'!$F$2:$F$200,MATCH($AB275,'Test catalog'!$A$2:$A$200,0))="","",INDEX('Test catalog'!$F$2:$F$200,MATCH($AB275,'Test catalog'!$A$2:$A$200,0))),"") | L275: =IFERROR(IF(INDEX('Test catalog'!$G$2:$G$200,MATCH($AB275,'Test catalog'!$A$2:$A$200,0))="","",INDEX('Test catalog'!$G$2:$G$200,MATCH($AB275,'Test catalog'!$A$2:$A$200,0))),"") | M275: =IFERROR(IF(INDEX('Test catalog'!$H$2:$H$200,MATCH($AB275,'Test catalog'!$A$2:$A$200,0))="","",INDEX('Test catalog'!$H$2:$H$200,MATCH($AB275,'Test catalog'!$A$2:$A$200,0))),"") | N275: =IFERROR(IF(INDEX('Test catalog'!$I$2:$I$200,MATCH($AB275,'Test catalog'!$A$2:$A$200,0))="","",INDEX('Test catalog'!$I$2:$I$200,MATCH($AB275,'Test catalog'!$A$2:$A$200,0))),"") | O275: =IFERROR(IF(INDEX('Test catalog'!$J$2:$J$200,MATCH($AB275,'Test catalog'!$A$2:$A$200,0))="","",INDEX('Test catalog'!$J$2:$J$200,MATCH($AB275,'Test catalog'!$A$2:$A$200,0))),"") | P275: =IF(N275="","",IF(OR(M275="",O275=""),N275,(M275+4*N275+O275)/6)) | Q275: =IFERROR(IF(INDEX('Test catalog'!$K$2:$K$200,MATCH($AB275,'Test catalog'!$A$2:$A$200,0))="","",INDEX('Test catalog'!$K$2:$K$200,MATCH($AB275,'Test catalog'!$A$2:$A$200,0))),"") | S275: =IFERROR(IF(INDEX('Test catalog'!$L$2:$L$200,MATCH($AB275,'Test catalog'!$A$2:$A$200,0))="","",INDEX('Test catalog'!$L$2:$L$200,MATCH($AB275,'Test catalog'!$A$2:$A$200,0))),"") | T275: =IFERROR(IF(INDEX('Test catalog'!$M$2:$M$200,MATCH($AB275,'Test catalog'!$A$2:$A$200,0))="","",INDEX('Test catalog'!$M$2:$M$200,MATCH($AB275,'Test catalog'!$A$2:$A$200,0))),"") | U275: =IFERROR(IF(INDEX('Test catalog'!$N$2:$N$200,MATCH($AB275,'Test catalog'!$A$2:$A$200,0))="","",INDEX('Test catalog'!$N$2:$N$200,MATCH($AB275,'Test catalog'!$A$2:$A$200,0))),"") | W275: N | Z275: Actives not on record – confirm tests | AA275: =IFERROR(IF(INDEX('Test catalog'!$O$2:$O$200,MATCH($AB275,'Test catalog'!$A$2:$A$200,0))="","",INDEX('Test catalog'!$O$2:$O$200,MATCH($AB275,'Test catalog'!$A$2:$A$200,0))),"") | AB275: IPC
A276: F38 | B276: FP | C276: Vitamin C 1000 mg | Ascorbic Acid Coated 97% | D276: Average weight / uniformity of mass | E276: =IF(A276="","",A276&"|"&D276) | F276: Y | G276: Balance | H276: Low | I276: 1 | K276: =IFERROR(IF(INDEX('Test catalog'!$F$2:$F$200,MATCH($AB276,'Test catalog'!$A$2:$A$200,0))="","",INDEX('Test catalog'!$F$2:$F$200,MATCH($AB276,'Test catalog'!$A$2:$A$200,0))),"") | L276: =IFERROR(IF(INDEX('Test catalog'!$G$2:$G$200,MATCH($AB276,'Test catalog'!$A$2:$A$200,0))="","",INDEX('Test catalog'!$G$2:$G$200,MATCH($AB276,'Test catalog'!$A$2:$A$200,0))),"") | M276: =IFERROR(IF(INDEX('Test catalog'!$H$2:$H$200,MATCH($AB276,'Test catalog'!$A$2:$A$200,0))="","",INDEX('Test catalog'!$H$2:$H$200,MATCH($AB276,'Test catalog'!$A$2:$A$200,0))),"") | N276: =IFERROR(IF(INDEX('Test catalog'!$I$2:$I$200,MATCH($AB276,'Test catalog'!$A$2:$A$200,0))="","",INDEX('Test catalog'!$I$2:$I$200,MATCH($AB276,'Test catalog'!$A$2:$A$200,0))),"") | O276: =IFERROR(IF(INDEX('Test catalog'!$J$2:$J$200,MATCH($AB276,'Test catalog'!$A$2:$A$200,0))="","",INDEX('Test catalog'!$J$2:$J$200,MATCH($AB276,'Test catalog'!$A$2:$A$200,0))),"") | P276: =IF(N276="","",IF(OR(M276="",O276=""),N276,(M276+4*N276+O276)/6)) | Q276: =IFERROR(IF(INDEX('Test catalog'!$K$2:$K$200,MATCH($AB276,'Test catalog'!$A$2:$A$200,0))="","",INDEX('Test catalog'!$K$2:$K$200,MATCH($AB276,'Test catalog'!$A$2:$A$200,0))),"") | S276: =IFERROR(IF(INDEX('Test catalog'!$L$2:$L$200,MATCH($AB276,'Test catalog'!$A$2:$A$200,0))="","",INDEX('Test catalog'!$L$2:$L$200,MATCH($AB276,'Test catalog'!$A$2:$A$200,0))),"") | T276: =IFERROR(IF(INDEX('Test catalog'!$M$2:$M$200,MATCH($AB276,'Test catalog'!$A$2:$A$200,0))="","",INDEX('Test catalog'!$M$2:$M$200,MATCH($AB276,'Test catalog'!$A$2:$A$200,0))),"") | U276: =IFERROR(IF(INDEX('Test catalog'!$N$2:$N$200,MATCH($AB276,'Test catalog'!$A$2:$A$200,0))="","",INDEX('Test catalog'!$N$2:$N$200,MATCH($AB276,'Test catalog'!$A$2:$A$200,0))),"") | W276: N | AA276: =IFERROR(IF(INDEX('Test catalog'!$O$2:$O$200,MATCH($AB276,'Test catalog'!$A$2:$A$200,0))="","",INDEX('Test catalog'!$O$2:$O$200,MATCH($AB276,'Test catalog'!$A$2:$A$200,0))),"") | AB276: AVG_WT
A277: F38 | B277: FP | C277: Vitamin C 1000 mg | Ascorbic Acid Coated 97% | D277: Diameter (or length / width) | E277: =IF(A277="","",A277&"|"&D277) | F277: Y | G277: Tablet tester | H277: Low | I277: 1 | K277: =IFERROR(IF(INDEX('Test catalog'!$F$2:$F$200,MATCH($AB277,'Test catalog'!$A$2:$A$200,0))="","",INDEX('Test catalog'!$F$2:$F$200,MATCH($AB277,'Test catalog'!$A$2:$A$200,0))),"") | L277: =IFERROR(IF(INDEX('Test catalog'!$G$2:$G$200,MATCH($AB277,'Test catalog'!$A$2:$A$200,0))="","",INDEX('Test catalog'!$G$2:$G$200,MATCH($AB277,'Test catalog'!$A$2:$A$200,0))),"") | M277: =IFERROR(IF(INDEX('Test catalog'!$H$2:$H$200,MATCH($AB277,'Test catalog'!$A$2:$A$200,0))="","",INDEX('Test catalog'!$H$2:$H$200,MATCH($AB277,'Test catalog'!$A$2:$A$200,0))),"") | N277: =IFERROR(IF(INDEX('Test catalog'!$I$2:$I$200,MATCH($AB277,'Test catalog'!$A$2:$A$200,0))="","",INDEX('Test catalog'!$I$2:$I$200,MATCH($AB277,'Test catalog'!$A$2:$A$200,0))),"") | O277: =IFERROR(IF(INDEX('Test catalog'!$J$2:$J$200,MATCH($AB277,'Test catalog'!$A$2:$A$200,0))="","",INDEX('Test catalog'!$J$2:$J$200,MATCH($AB277,'Test catalog'!$A$2:$A$200,0))),"") | P277: =IF(N277="","",IF(OR(M277="",O277=""),N277,(M277+4*N277+O277)/6)) | Q277: =IFERROR(IF(INDEX('Test catalog'!$K$2:$K$200,MATCH($AB277,'Test catalog'!$A$2:$A$200,0))="","",INDEX('Test catalog'!$K$2:$K$200,MATCH($AB277,'Test catalog'!$A$2:$A$200,0))),"") | S277: =IFERROR(IF(INDEX('Test catalog'!$L$2:$L$200,MATCH($AB277,'Test catalog'!$A$2:$A$200,0))="","",INDEX('Test catalog'!$L$2:$L$200,MATCH($AB277,'Test catalog'!$A$2:$A$200,0))),"") | T277: =IFERROR(IF(INDEX('Test catalog'!$M$2:$M$200,MATCH($AB277,'Test catalog'!$A$2:$A$200,0))="","",INDEX('Test catalog'!$M$2:$M$200,MATCH($AB277,'Test catalog'!$A$2:$A$200,0))),"") | U277: =IFERROR(IF(INDEX('Test catalog'!$N$2:$N$200,MATCH($AB277,'Test catalog'!$A$2:$A$200,0))="","",INDEX('Test catalog'!$N$2:$N$200,MATCH($AB277,'Test catalog'!$A$2:$A$200,0))),"") | W277: N | AA277: =IFERROR(IF(INDEX('Test catalog'!$O$2:$O$200,MATCH($AB277,'Test catalog'!$A$2:$A$200,0))="","",INDEX('Test catalog'!$O$2:$O$200,MATCH($AB277,'Test catalog'!$A$2:$A$200,0))),"") | AB277: DIAM
A278: F38 | B278: FP | C278: Vitamin C 1000 mg | Ascorbic Acid Coated 97% | D278: Thickness | E278: =IF(A278="","",A278&"|"&D278) | F278: Y | G278: Tablet tester | H278: Low | I278: 1 | K278: =IFERROR(IF(INDEX('Test catalog'!$F$2:$F$200,MATCH($AB278,'Test catalog'!$A$2:$A$200,0))="","",INDEX('Test catalog'!$F$2:$F$200,MATCH($AB278,'Test catalog'!$A$2:$A$200,0))),"") | L278: =IFERROR(IF(INDEX('Test catalog'!$G$2:$G$200,MATCH($AB278,'Test catalog'!$A$2:$A$200,0))="","",INDEX('Test catalog'!$G$2:$G$200,MATCH($AB278,'Test catalog'!$A$2:$A$200,0))),"") | M278: =IFERROR(IF(INDEX('Test catalog'!$H$2:$H$200,MATCH($AB278,'Test catalog'!$A$2:$A$200,0))="","",INDEX('Test catalog'!$H$2:$H$200,MATCH($AB278,'Test catalog'!$A$2:$A$200,0))),"") | N278: =IFERROR(IF(INDEX('Test catalog'!$I$2:$I$200,MATCH($AB278,'Test catalog'!$A$2:$A$200,0))="","",INDEX('Test catalog'!$I$2:$I$200,MATCH($AB278,'Test catalog'!$A$2:$A$200,0))),"") | O278: =IFERROR(IF(INDEX('Test catalog'!$J$2:$J$200,MATCH($AB278,'Test catalog'!$A$2:$A$200,0))="","",INDEX('Test catalog'!$J$2:$J$200,MATCH($AB278,'Test catalog'!$A$2:$A$200,0))),"") | P278: =IF(N278="","",IF(OR(M278="",O278=""),N278,(M278+4*N278+O278)/6)) | Q278: =IFERROR(IF(INDEX('Test catalog'!$K$2:$K$200,MATCH($AB278,'Test catalog'!$A$2:$A$200,0))="","",INDEX('Test catalog'!$K$2:$K$200,MATCH($AB278,'Test catalog'!$A$2:$A$200,0))),"") | S278: =IFERROR(IF(INDEX('Test catalog'!$L$2:$L$200,MATCH($AB278,'Test catalog'!$A$2:$A$200,0))="","",INDEX('Test catalog'!$L$2:$L$200,MATCH($AB278,'Test catalog'!$A$2:$A$200,0))),"") | T278: =IFERROR(IF(INDEX('Test catalog'!$M$2:$M$200,MATCH($AB278,'Test catalog'!$A$2:$A$200,0))="","",INDEX('Test catalog'!$M$2:$M$200,MATCH($AB278,'Test catalog'!$A$2:$A$200,0))),"") | U278: =IFERROR(IF(INDEX('Test catalog'!$N$2:$N$200,MATCH($AB278,'Test catalog'!$A$2:$A$200,0))="","",INDEX('Test catalog'!$N$2:$N$200,MATCH($AB278,'Test catalog'!$A$2:$A$200,0))),"") | W278: N | AA278: =IFERROR(IF(INDEX('Test catalog'!$O$2:$O$200,MATCH($AB278,'Test catalog'!$A$2:$A$200,0))="","",INDEX('Test catalog'!$O$2:$O$200,MATCH($AB278,'Test catalog'!$A$2:$A$200,0))),"") | AB278: THICK
A279: F38 | B279: FP | C279: Vitamin C 1000 mg | Ascorbic Acid Coated 97% | D279: Hardness / breaking force | E279: =IF(A279="","",A279&"|"&D279) | F279: Y | G279: Tablet tester | H279: Low | I279: 1 | K279: =IFERROR(IF(INDEX('Test catalog'!$F$2:$F$200,MATCH($AB279,'Test catalog'!$A$2:$A$200,0))="","",INDEX('Test catalog'!$F$2:$F$200,MATCH($AB279,'Test catalog'!$A$2:$A$200,0))),"") | L279: =IFERROR(IF(INDEX('Test catalog'!$G$2:$G$200,MATCH($AB279,'Test catalog'!$A$2:$A$200,0))="","",INDEX('Test catalog'!$G$2:$G$200,MATCH($AB279,'Test catalog'!$A$2:$A$200,0))),"") | M279: =IFERROR(IF(INDEX('Test catalog'!$H$2:$H$200,MATCH($AB279,'Test catalog'!$A$2:$A$200,0))="","",INDEX('Test catalog'!$H$2:$H$200,MATCH($AB279,'Test catalog'!$A$2:$A$200,0))),"") | N279: =IFERROR(IF(INDEX('Test catalog'!$I$2:$I$200,MATCH($AB279,'Test catalog'!$A$2:$A$200,0))="","",INDEX('Test catalog'!$I$2:$I$200,MATCH($AB279,'Test catalog'!$A$2:$A$200,0))),"") | O279: =IFERROR(IF(INDEX('Test catalog'!$J$2:$J$200,MATCH($AB279,'Test catalog'!$A$2:$A$200,0))="","",INDEX('Test catalog'!$J$2:$J$200,MATCH($AB279,'Test catalog'!$A$2:$A$200,0))),"") | P279: =IF(N279="","",IF(OR(M279="",O279=""),N279,(M279+4*N279+O279)/6)) | Q279: =IFERROR(IF(INDEX('Test catalog'!$K$2:$K$200,MATCH($AB279,'Test catalog'!$A$2:$A$200,0))="","",INDEX('Test catalog'!$K$2:$K$200,MATCH($AB279,'Test catalog'!$A$2:$A$200,0))),"") | S279: =IFERROR(IF(INDEX('Test catalog'!$L$2:$L$200,MATCH($AB279,'Test catalog'!$A$2:$A$200,0))="","",INDEX('Test catalog'!$L$2:$L$200,MATCH($AB279,'Test catalog'!$A$2:$A$200,0))),"") | T279: =IFERROR(IF(INDEX('Test catalog'!$M$2:$M$200,MATCH($AB279,'Test catalog'!$A$2:$A$200,0))="","",INDEX('Test catalog'!$M$2:$M$200,MATCH($AB279,'Test catalog'!$A$2:$A$200,0))),"") | U279: =IFERROR(IF(INDEX('Test catalog'!$N$2:$N$200,MATCH($AB279,'Test catalog'!$A$2:$A$200,0))="","",INDEX('Test catalog'!$N$2:$N$200,MATCH($AB279,'Test catalog'!$A$2:$A$200,0))),"") | W279: Y | AA279: =IFERROR(IF(INDEX('Test catalog'!$O$2:$O$200,MATCH($AB279,'Test catalog'!$A$2:$A$200,0))="","",INDEX('Test catalog'!$O$2:$O$200,MATCH($AB279,'Test catalog'!$A$2:$A$200,0))),"") | AB279: HARD
A280: F38 | B280: FP | C280: Vitamin C 1000 mg | Ascorbic Acid Coated 97% | D280: Brittleness | E280: =IF(A280="","",A280&"|"&D280) | F280: Y | G280: Other / bench | H280: Low | I280: 1 | K280: =IFERROR(IF(INDEX('Test catalog'!$F$2:$F$200,MATCH($AB280,'Test catalog'!$A$2:$A$200,0))="","",INDEX('Test catalog'!$F$2:$F$200,MATCH($AB280,'Test catalog'!$A$2:$A$200,0))),"") | L280: =IFERROR(IF(INDEX('Test catalog'!$G$2:$G$200,MATCH($AB280,'Test catalog'!$A$2:$A$200,0))="","",INDEX('Test catalog'!$G$2:$G$200,MATCH($AB280,'Test catalog'!$A$2:$A$200,0))),"") | M280: =IFERROR(IF(INDEX('Test catalog'!$H$2:$H$200,MATCH($AB280,'Test catalog'!$A$2:$A$200,0))="","",INDEX('Test catalog'!$H$2:$H$200,MATCH($AB280,'Test catalog'!$A$2:$A$200,0))),"") | N280: =IFERROR(IF(INDEX('Test catalog'!$I$2:$I$200,MATCH($AB280,'Test catalog'!$A$2:$A$200,0))="","",INDEX('Test catalog'!$I$2:$I$200,MATCH($AB280,'Test catalog'!$A$2:$A$200,0))),"") | O280: =IFERROR(IF(INDEX('Test catalog'!$J$2:$J$200,MATCH($AB280,'Test catalog'!$A$2:$A$200,0))="","",INDEX('Test catalog'!$J$2:$J$200,MATCH($AB280,'Test catalog'!$A$2:$A$200,0))),"") | P280: =IF(N280="","",IF(OR(M280="",O280=""),N280,(M280+4*N280+O280)/6)) | Q280: =IFERROR(IF(INDEX('Test catalog'!$K$2:$K$200,MATCH($AB280,'Test catalog'!$A$2:$A$200,0))="","",INDEX('Test catalog'!$K$2:$K$200,MATCH($AB280,'Test catalog'!$A$2:$A$200,0))),"") | S280: =IFERROR(IF(INDEX('Test catalog'!$L$2:$L$200,MATCH($AB280,'Test catalog'!$A$2:$A$200,0))="","",INDEX('Test catalog'!$L$2:$L$200,MATCH($AB280,'Test catalog'!$A$2:$A$200,0))),"") | T280: =IFERROR(IF(INDEX('Test catalog'!$M$2:$M$200,MATCH($AB280,'Test catalog'!$A$2:$A$200,0))="","",INDEX('Test catalog'!$M$2:$M$200,MATCH($AB280,'Test catalog'!$A$2:$A$200,0))),"") | U280: =IFERROR(IF(INDEX('Test catalog'!$N$2:$N$200,MATCH($AB280,'Test catalog'!$A$2:$A$200,0))="","",INDEX('Test catalog'!$N$2:$N$200,MATCH($AB280,'Test catalog'!$A$2:$A$200,0))),"") | W280: N | AA280: =IFERROR(IF(INDEX('Test catalog'!$O$2:$O$200,MATCH($AB280,'Test catalog'!$A$2:$A$200,0))="","",INDEX('Test catalog'!$O$2:$O$200,MATCH($AB280,'Test catalog'!$A$2:$A$200,0))),"") | AB280: BRITTLE
A281: F38 | B281: FP | C281: Vitamin C 1000 mg | Ascorbic Acid Coated 97% | D281: Friability | E281: =IF(A281="","",A281&"|"&D281) | F281: Y | G281: Friabilator | H281: Low | I281: 1 | K281: =IFERROR(IF(INDEX('Test catalog'!$F$2:$F$200,MATCH($AB281,'Test catalog'!$A$2:$A$200,0))="","",INDEX('Test catalog'!$F$2:$F$200,MATCH($AB281,'Test catalog'!$A$2:$A$200,0))),"") | L281: =IFERROR(IF(INDEX('Test catalog'!$G$2:$G$200,MATCH($AB281,'Test catalog'!$A$2:$A$200,0))="","",INDEX('Test catalog'!$G$2:$G$200,MATCH($AB281,'Test catalog'!$A$2:$A$200,0))),"") | M281: =IFERROR(IF(INDEX('Test catalog'!$H$2:$H$200,MATCH($AB281,'Test catalog'!$A$2:$A$200,0))="","",INDEX('Test catalog'!$H$2:$H$200,MATCH($AB281,'Test catalog'!$A$2:$A$200,0))),"") | N281: =IFERROR(IF(INDEX('Test catalog'!$I$2:$I$200,MATCH($AB281,'Test catalog'!$A$2:$A$200,0))="","",INDEX('Test catalog'!$I$2:$I$200,MATCH($AB281,'Test catalog'!$A$2:$A$200,0))),"") | O281: =IFERROR(IF(INDEX('Test catalog'!$J$2:$J$200,MATCH($AB281,'Test catalog'!$A$2:$A$200,0))="","",INDEX('Test catalog'!$J$2:$J$200,MATCH($AB281,'Test catalog'!$A$2:$A$200,0))),"") | P281: =IF(N281="","",IF(OR(M281="",O281=""),N281,(M281+4*N281+O281)/6)) | Q281: =IFERROR(IF(INDEX('Test catalog'!$K$2:$K$200,MATCH($AB281,'Test catalog'!$A$2:$A$200,0))="","",INDEX('Test catalog'!$K$2:$K$200,MATCH($AB281,'Test catalog'!$A$2:$A$200,0))),"") | S281: =IFERROR(IF(INDEX('Test catalog'!$L$2:$L$200,MATCH($AB281,'Test catalog'!$A$2:$A$200,0))="","",INDEX('Test catalog'!$L$2:$L$200,MATCH($AB281,'Test catalog'!$A$2:$A$200,0))),"") | T281: =IFERROR(IF(INDEX('Test catalog'!$M$2:$M$200,MATCH($AB281,'Test catalog'!$A$2:$A$200,0))="","",INDEX('Test catalog'!$M$2:$M$200,MATCH($AB281,'Test catalog'!$A$2:$A$200,0))),"") | U281: =IFERROR(IF(INDEX('Test catalog'!$N$2:$N$200,MATCH($AB281,'Test catalog'!$A$2:$A$200,0))="","",INDEX('Test catalog'!$N$2:$N$200,MATCH($AB281,'Test catalog'!$A$2:$A$200,0))),"") | W281: N | AA281: =IFERROR(IF(INDEX('Test catalog'!$O$2:$O$200,MATCH($AB281,'Test catalog'!$A$2:$A$200,0))="","",INDEX('Test catalog'!$O$2:$O$200,MATCH($AB281,'Test catalog'!$A$2:$A$200,0))),"") | AB281: FRIAB
A282: F38 | B282: FP | C282: Vitamin C 1000 mg | Ascorbic Acid Coated 97% | D282: Disintegration | E282: =IF(A282="","",A282&"|"&D282) | F282: Y | G282: Disintegration tester | H282: Low | I282: 1 | K282: =IFERROR(IF(INDEX('Test catalog'!$F$2:$F$200,MATCH($AB282,'Test catalog'!$A$2:$A$200,0))="","",INDEX('Test catalog'!$F$2:$F$200,MATCH($AB282,'Test catalog'!$A$2:$A$200,0))),"") | L282: =IFERROR(IF(INDEX('Test catalog'!$G$2:$G$200,MATCH($AB282,'Test catalog'!$A$2:$A$200,0))="","",INDEX('Test catalog'!$G$2:$G$200,MATCH($AB282,'Test catalog'!$A$2:$A$200,0))),"") | M282: =IFERROR(IF(INDEX('Test catalog'!$H$2:$H$200,MATCH($AB282,'Test catalog'!$A$2:$A$200,0))="","",INDEX('Test catalog'!$H$2:$H$200,MATCH($AB282,'Test catalog'!$A$2:$A$200,0))),"") | N282: =IFERROR(IF(INDEX('Test catalog'!$I$2:$I$200,MATCH($AB282,'Test catalog'!$A$2:$A$200,0))="","",INDEX('Test catalog'!$I$2:$I$200,MATCH($AB282,'Test catalog'!$A$2:$A$200,0))),"") | O282: =IFERROR(IF(INDEX('Test catalog'!$J$2:$J$200,MATCH($AB282,'Test catalog'!$A$2:$A$200,0))="","",INDEX('Test catalog'!$J$2:$J$200,MATCH($AB282,'Test catalog'!$A$2:$A$200,0))),"") | P282: =IF(N282="","",IF(OR(M282="",O282=""),N282,(M282+4*N282+O282)/6)) | Q282: =IFERROR(IF(INDEX('Test catalog'!$K$2:$K$200,MATCH($AB282,'Test catalog'!$A$2:$A$200,0))="","",INDEX('Test catalog'!$K$2:$K$200,MATCH($AB282,'Test catalog'!$A$2:$A$200,0))),"") | S282: =IFERROR(IF(INDEX('Test catalog'!$L$2:$L$200,MATCH($AB282,'Test catalog'!$A$2:$A$200,0))="","",INDEX('Test catalog'!$L$2:$L$200,MATCH($AB282,'Test catalog'!$A$2:$A$200,0))),"") | T282: =IFERROR(IF(INDEX('Test catalog'!$M$2:$M$200,MATCH($AB282,'Test catalog'!$A$2:$A$200,0))="","",INDEX('Test catalog'!$M$2:$M$200,MATCH($AB282,'Test catalog'!$A$2:$A$200,0))),"") | U282: =IFERROR(IF(INDEX('Test catalog'!$N$2:$N$200,MATCH($AB282,'Test catalog'!$A$2:$A$200,0))="","",INDEX('Test catalog'!$N$2:$N$200,MATCH($AB282,'Test catalog'!$A$2:$A$200,0))),"") | W282: Y | AA282: =IFERROR(IF(INDEX('Test catalog'!$O$2:$O$200,MATCH($AB282,'Test catalog'!$A$2:$A$200,0))="","",INDEX('Test catalog'!$O$2:$O$200,MATCH($AB282,'Test catalog'!$A$2:$A$200,0))),"") | AB282: DISINT
A283: F38 | B283: FP | C283: Vitamin C 1000 mg | Ascorbic Acid Coated 97% | D283: In-process check at the machine (one check, all its tests) | E283: =IF(A283="","",A283&"|"&D283) | F283: Y | G283: Tablet tester | H283: Low | I283: 1 | K283: =IFERROR(IF(INDEX('Test catalog'!$F$2:$F$200,MATCH($AB283,'Test catalog'!$A$2:$A$200,0))="","",INDEX('Test catalog'!$F$2:$F$200,MATCH($AB283,'Test catalog'!$A$2:$A$200,0))),"") | L283: =IFERROR(IF(INDEX('Test catalog'!$G$2:$G$200,MATCH($AB283,'Test catalog'!$A$2:$A$200,0))="","",INDEX('Test catalog'!$G$2:$G$200,MATCH($AB283,'Test catalog'!$A$2:$A$200,0))),"") | M283: =IFERROR(IF(INDEX('Test catalog'!$H$2:$H$200,MATCH($AB283,'Test catalog'!$A$2:$A$200,0))="","",INDEX('Test catalog'!$H$2:$H$200,MATCH($AB283,'Test catalog'!$A$2:$A$200,0))),"") | N283: =IFERROR(IF(INDEX('Test catalog'!$I$2:$I$200,MATCH($AB283,'Test catalog'!$A$2:$A$200,0))="","",INDEX('Test catalog'!$I$2:$I$200,MATCH($AB283,'Test catalog'!$A$2:$A$200,0))),"") | O283: =IFERROR(IF(INDEX('Test catalog'!$J$2:$J$200,MATCH($AB283,'Test catalog'!$A$2:$A$200,0))="","",INDEX('Test catalog'!$J$2:$J$200,MATCH($AB283,'Test catalog'!$A$2:$A$200,0))),"") | P283: =IF(N283="","",IF(OR(M283="",O283=""),N283,(M283+4*N283+O283)/6)) | Q283: =IFERROR(IF(INDEX('Test catalog'!$K$2:$K$200,MATCH($AB283,'Test catalog'!$A$2:$A$200,0))="","",INDEX('Test catalog'!$K$2:$K$200,MATCH($AB283,'Test catalog'!$A$2:$A$200,0))),"") | S283: =IFERROR(IF(INDEX('Test catalog'!$L$2:$L$200,MATCH($AB283,'Test catalog'!$A$2:$A$200,0))="","",INDEX('Test catalog'!$L$2:$L$200,MATCH($AB283,'Test catalog'!$A$2:$A$200,0))),"") | T283: =IFERROR(IF(INDEX('Test catalog'!$M$2:$M$200,MATCH($AB283,'Test catalog'!$A$2:$A$200,0))="","",INDEX('Test catalog'!$M$2:$M$200,MATCH($AB283,'Test catalog'!$A$2:$A$200,0))),"") | U283: =IFERROR(IF(INDEX('Test catalog'!$N$2:$N$200,MATCH($AB283,'Test catalog'!$A$2:$A$200,0))="","",INDEX('Test catalog'!$N$2:$N$200,MATCH($AB283,'Test catalog'!$A$2:$A$200,0))),"") | W283: N | AA283: =IFERROR(IF(INDEX('Test catalog'!$O$2:$O$200,MATCH($AB283,'Test catalog'!$A$2:$A$200,0))="","",INDEX('Test catalog'!$O$2:$O$200,MATCH($AB283,'Test catalog'!$A$2:$A$200,0))),"") | AB283: IPC
A284: F39 | B284: FP | C284: Magnesium Oxide | Magnesium Oxide Heavy | D284: Average weight / uniformity of mass | E284: =IF(A284="","",A284&"|"&D284) | F284: Y | G284: Balance | H284: Low | I284: 1 | K284: =IFERROR(IF(INDEX('Test catalog'!$F$2:$F$200,MATCH($AB284,'Test catalog'!$A$2:$A$200,0))="","",INDEX('Test catalog'!$F$2:$F$200,MATCH($AB284,'Test catalog'!$A$2:$A$200,0))),"") | L284: =IFERROR(IF(INDEX('Test catalog'!$G$2:$G$200,MATCH($AB284,'Test catalog'!$A$2:$A$200,0))="","",INDEX('Test catalog'!$G$2:$G$200,MATCH($AB284,'Test catalog'!$A$2:$A$200,0))),"") | M284: =IFERROR(IF(INDEX('Test catalog'!$H$2:$H$200,MATCH($AB284,'Test catalog'!$A$2:$A$200,0))="","",INDEX('Test catalog'!$H$2:$H$200,MATCH($AB284,'Test catalog'!$A$2:$A$200,0))),"") | N284: =IFERROR(IF(INDEX('Test catalog'!$I$2:$I$200,MATCH($AB284,'Test catalog'!$A$2:$A$200,0))="","",INDEX('Test catalog'!$I$2:$I$200,MATCH($AB284,'Test catalog'!$A$2:$A$200,0))),"") | O284: =IFERROR(IF(INDEX('Test catalog'!$J$2:$J$200,MATCH($AB284,'Test catalog'!$A$2:$A$200,0))="","",INDEX('Test catalog'!$J$2:$J$200,MATCH($AB284,'Test catalog'!$A$2:$A$200,0))),"") | P284: =IF(N284="","",IF(OR(M284="",O284=""),N284,(M284+4*N284+O284)/6)) | Q284: =IFERROR(IF(INDEX('Test catalog'!$K$2:$K$200,MATCH($AB284,'Test catalog'!$A$2:$A$200,0))="","",INDEX('Test catalog'!$K$2:$K$200,MATCH($AB284,'Test catalog'!$A$2:$A$200,0))),"") | S284: =IFERROR(IF(INDEX('Test catalog'!$L$2:$L$200,MATCH($AB284,'Test catalog'!$A$2:$A$200,0))="","",INDEX('Test catalog'!$L$2:$L$200,MATCH($AB284,'Test catalog'!$A$2:$A$200,0))),"") | T284: =IFERROR(IF(INDEX('Test catalog'!$M$2:$M$200,MATCH($AB284,'Test catalog'!$A$2:$A$200,0))="","",INDEX('Test catalog'!$M$2:$M$200,MATCH($AB284,'Test catalog'!$A$2:$A$200,0))),"") | U284: =IFERROR(IF(INDEX('Test catalog'!$N$2:$N$200,MATCH($AB284,'Test catalog'!$A$2:$A$200,0))="","",INDEX('Test catalog'!$N$2:$N$200,MATCH($AB284,'Test catalog'!$A$2:$A$200,0))),"") | W284: N | AA284: =IFERROR(IF(INDEX('Test catalog'!$O$2:$O$200,MATCH($AB284,'Test catalog'!$A$2:$A$200,0))="","",INDEX('Test catalog'!$O$2:$O$200,MATCH($AB284,'Test catalog'!$A$2:$A$200,0))),"") | AB284: AVG_WT
A285: F39 | B285: FP | C285: Magnesium Oxide | Magnesium Oxide Heavy | D285: Diameter (or length / width) | E285: =IF(A285="","",A285&"|"&D285) | F285: Y | G285: Tablet tester | H285: Low | I285: 1 | K285: =IFERROR(IF(INDEX('Test catalog'!$F$2:$F$200,MATCH($AB285,'Test catalog'!$A$2:$A$200,0))="","",INDEX('Test catalog'!$F$2:$F$200,MATCH($AB285,'Test catalog'!$A$2:$A$200,0))),"") | L285: =IFERROR(IF(INDEX('Test catalog'!$G$2:$G$200,MATCH($AB285,'Test catalog'!$A$2:$A$200,0))="","",INDEX('Test catalog'!$G$2:$G$200,MATCH($AB285,'Test catalog'!$A$2:$A$200,0))),"") | M285: =IFERROR(IF(INDEX('Test catalog'!$H$2:$H$200,MATCH($AB285,'Test catalog'!$A$2:$A$200,0))="","",INDEX('Test catalog'!$H$2:$H$200,MATCH($AB285,'Test catalog'!$A$2:$A$200,0))),"") | N285: =IFERROR(IF(INDEX('Test catalog'!$I$2:$I$200,MATCH($AB285,'Test catalog'!$A$2:$A$200,0))="","",INDEX('Test catalog'!$I$2:$I$200,MATCH($AB285,'Test catalog'!$A$2:$A$200,0))),"") | O285: =IFERROR(IF(INDEX('Test catalog'!$J$2:$J$200,MATCH($AB285,'Test catalog'!$A$2:$A$200,0))="","",INDEX('Test catalog'!$J$2:$J$200,MATCH($AB285,'Test catalog'!$A$2:$A$200,0))),"") | P285: =IF(N285="","",IF(OR(M285="",O285=""),N285,(M285+4*N285+O285)/6)) | Q285: =IFERROR(IF(INDEX('Test catalog'!$K$2:$K$200,MATCH($AB285,'Test catalog'!$A$2:$A$200,0))="","",INDEX('Test catalog'!$K$2:$K$200,MATCH($AB285,'Test catalog'!$A$2:$A$200,0))),"") | S285: =IFERROR(IF(INDEX('Test catalog'!$L$2:$L$200,MATCH($AB285,'Test catalog'!$A$2:$A$200,0))="","",INDEX('Test catalog'!$L$2:$L$200,MATCH($AB285,'Test catalog'!$A$2:$A$200,0))),"") | T285: =IFERROR(IF(INDEX('Test catalog'!$M$2:$M$200,MATCH($AB285,'Test catalog'!$A$2:$A$200,0))="","",INDEX('Test catalog'!$M$2:$M$200,MATCH($AB285,'Test catalog'!$A$2:$A$200,0))),"") | U285: =IFERROR(IF(INDEX('Test catalog'!$N$2:$N$200,MATCH($AB285,'Test catalog'!$A$2:$A$200,0))="","",INDEX('Test catalog'!$N$2:$N$200,MATCH($AB285,'Test catalog'!$A$2:$A$200,0))),"") | W285: N | AA285: =IFERROR(IF(INDEX('Test catalog'!$O$2:$O$200,MATCH($AB285,'Test catalog'!$A$2:$A$200,0))="","",INDEX('Test catalog'!$O$2:$O$200,MATCH($AB285,'Test catalog'!$A$2:$A$200,0))),"") | AB285: DIAM
A286: F39 | B286: FP | C286: Magnesium Oxide | Magnesium Oxide Heavy | D286: Thickness | E286: =IF(A286="","",A286&"|"&D286) | F286: Y | G286: Tablet tester | H286: Low | I286: 1 | K286: =IFERROR(IF(INDEX('Test catalog'!$F$2:$F$200,MATCH($AB286,'Test catalog'!$A$2:$A$200,0))="","",INDEX('Test catalog'!$F$2:$F$200,MATCH($AB286,'Test catalog'!$A$2:$A$200,0))),"") | L286: =IFERROR(IF(INDEX('Test catalog'!$G$2:$G$200,MATCH($AB286,'Test catalog'!$A$2:$A$200,0))="","",INDEX('Test catalog'!$G$2:$G$200,MATCH($AB286,'Test catalog'!$A$2:$A$200,0))),"") | M286: =IFERROR(IF(INDEX('Test catalog'!$H$2:$H$200,MATCH($AB286,'Test catalog'!$A$2:$A$200,0))="","",INDEX('Test catalog'!$H$2:$H$200,MATCH($AB286,'Test catalog'!$A$2:$A$200,0))),"") | N286: =IFERROR(IF(INDEX('Test catalog'!$I$2:$I$200,MATCH($AB286,'Test catalog'!$A$2:$A$200,0))="","",INDEX('Test catalog'!$I$2:$I$200,MATCH($AB286,'Test catalog'!$A$2:$A$200,0))),"") | O286: =IFERROR(IF(INDEX('Test catalog'!$J$2:$J$200,MATCH($AB286,'Test catalog'!$A$2:$A$200,0))="","",INDEX('Test catalog'!$J$2:$J$200,MATCH($AB286,'Test catalog'!$A$2:$A$200,0))),"") | P286: =IF(N286="","",IF(OR(M286="",O286=""),N286,(M286+4*N286+O286)/6)) | Q286: =IFERROR(IF(INDEX('Test catalog'!$K$2:$K$200,MATCH($AB286,'Test catalog'!$A$2:$A$200,0))="","",INDEX('Test catalog'!$K$2:$K$200,MATCH($AB286,'Test catalog'!$A$2:$A$200,0))),"") | S286: =IFERROR(IF(INDEX('Test catalog'!$L$2:$L$200,MATCH($AB286,'Test catalog'!$A$2:$A$200,0))="","",INDEX('Test catalog'!$L$2:$L$200,MATCH($AB286,'Test catalog'!$A$2:$A$200,0))),"") | T286: =IFERROR(IF(INDEX('Test catalog'!$M$2:$M$200,MATCH($AB286,'Test catalog'!$A$2:$A$200,0))="","",INDEX('Test catalog'!$M$2:$M$200,MATCH($AB286,'Test catalog'!$A$2:$A$200,0))),"") | U286: =IFERROR(IF(INDEX('Test catalog'!$N$2:$N$200,MATCH($AB286,'Test catalog'!$A$2:$A$200,0))="","",INDEX('Test catalog'!$N$2:$N$200,MATCH($AB286,'Test catalog'!$A$2:$A$200,0))),"") | W286: N | AA286: =IFERROR(IF(INDEX('Test catalog'!$O$2:$O$200,MATCH($AB286,'Test catalog'!$A$2:$A$200,0))="","",INDEX('Test catalog'!$O$2:$O$200,MATCH($AB286,'Test catalog'!$A$2:$A$200,0))),"") | AB286: THICK
A287: F39 | B287: FP | C287: Magnesium Oxide | Magnesium Oxide Heavy | D287: Hardness / breaking force | E287: =IF(A287="","",A287&"|"&D287) | F287: Y | G287: Tablet tester | H287: Low | I287: 1 | K287: =IFERROR(IF(INDEX('Test catalog'!$F$2:$F$200,MATCH($AB287,'Test catalog'!$A$2:$A$200,0))="","",INDEX('Test catalog'!$F$2:$F$200,MATCH($AB287,'Test catalog'!$A$2:$A$200,0))),"") | L287: =IFERROR(IF(INDEX('Test catalog'!$G$2:$G$200,MATCH($AB287,'Test catalog'!$A$2:$A$200,0))="","",INDEX('Test catalog'!$G$2:$G$200,MATCH($AB287,'Test catalog'!$A$2:$A$200,0))),"") | M287: =IFERROR(IF(INDEX('Test catalog'!$H$2:$H$200,MATCH($AB287,'Test catalog'!$A$2:$A$200,0))="","",INDEX('Test catalog'!$H$2:$H$200,MATCH($AB287,'Test catalog'!$A$2:$A$200,0))),"") | N287: =IFERROR(IF(INDEX('Test catalog'!$I$2:$I$200,MATCH($AB287,'Test catalog'!$A$2:$A$200,0))="","",INDEX('Test catalog'!$I$2:$I$200,MATCH($AB287,'Test catalog'!$A$2:$A$200,0))),"") | O287: =IFERROR(IF(INDEX('Test catalog'!$J$2:$J$200,MATCH($AB287,'Test catalog'!$A$2:$A$200,0))="","",INDEX('Test catalog'!$J$2:$J$200,MATCH($AB287,'Test catalog'!$A$2:$A$200,0))),"") | P287: =IF(N287="","",IF(OR(M287="",O287=""),N287,(M287+4*N287+O287)/6)) | Q287: =IFERROR(IF(INDEX('Test catalog'!$K$2:$K$200,MATCH($AB287,'Test catalog'!$A$2:$A$200,0))="","",INDEX('Test catalog'!$K$2:$K$200,MATCH($AB287,'Test catalog'!$A$2:$A$200,0))),"") | S287: =IFERROR(IF(INDEX('Test catalog'!$L$2:$L$200,MATCH($AB287,'Test catalog'!$A$2:$A$200,0))="","",INDEX('Test catalog'!$L$2:$L$200,MATCH($AB287,'Test catalog'!$A$2:$A$200,0))),"") | T287: =IFERROR(IF(INDEX('Test catalog'!$M$2:$M$200,MATCH($AB287,'Test catalog'!$A$2:$A$200,0))="","",INDEX('Test catalog'!$M$2:$M$200,MATCH($AB287,'Test catalog'!$A$2:$A$200,0))),"") | U287: =IFERROR(IF(INDEX('Test catalog'!$N$2:$N$200,MATCH($AB287,'Test catalog'!$A$2:$A$200,0))="","",INDEX('Test catalog'!$N$2:$N$200,MATCH($AB287,'Test catalog'!$A$2:$A$200,0))),"") | W287: Y | AA287: =IFERROR(IF(INDEX('Test catalog'!$O$2:$O$200,MATCH($AB287,'Test catalog'!$A$2:$A$200,0))="","",INDEX('Test catalog'!$O$2:$O$200,MATCH($AB287,'Test catalog'!$A$2:$A$200,0))),"") | AB287: HARD
... A299: F40 | B299: FP | C299: Magni D | Magnesium Oxide Heavy, Thiamine Hydrochloride (Vitamin B1) (+2 more) | D299: In-process check at the machine (one check, all its tests) | E299: =IF(A299="","",A299&"|"&D299) | F299: Y | G299: Tablet tester | H299: Low | I299: 1 | K299: =IFERROR(IF(INDEX('Test catalog'!$F$2:$F$200,MATCH($AB299,'Test catalog'!$A$2:$A$200,0))="","",INDEX('Test catalog'!$F$2:$F$200,MATCH($AB299,'Test catalog'!$A$2:$A$200,0))),"") | L299: =IFERROR(IF(INDEX('Test catalog'!$G$2:$G$200,MATCH($AB299,'Test catalog'!$A$2:$A$200,0))="","",INDEX('Test catalog'!$G$2:$G$200,MATCH($AB299,'Test catalog'!$A$2:$A$200,0))),"") | M299: =IFERROR(IF(INDEX('Test catalog'!$H$2:$H$200,MATCH($AB299,'Test catalog'!$A$2:$A$200,0))="","",INDEX('Test catalog'!$H$2:$H$200,MATCH($AB299,'Test catalog'!$A$2:$A$200,0))),"") | N299: =IFERROR(IF(INDEX('Test catalog'!$I$2:$I$200,MATCH($AB299,'Test catalog'!$A$2:$A$200,0))="","",INDEX('Test catalog'!$I$2:$I$200,MATCH($AB299,'Test catalog'!$A$2:$A$200,0))),"") | O299: =IFERROR(IF(INDEX('Test catalog'!$J$2:$J$200,MATCH($AB299,'Test catalog'!$A$2:$A$200,0))="","",INDEX('Test catalog'!$J$2:$J$200,MATCH($AB299,'Test catalog'!$A$2:$A$200,0))),"") | P299: =IF(N299="","",IF(OR(M299="",O299=""),N299,(M299+4*N299+O299)/6)) | Q299: =IFERROR(IF(INDEX('Test catalog'!$K$2:$K$200,MATCH($AB299,'Test catalog'!$A$2:$A$200,0))="","",INDEX('Test catalog'!$K$2:$K$200,MATCH($AB299,'Test catalog'!$A$2:$A$200,0))),"") | S299: =IFERROR(IF(INDEX('Test catalog'!$L$2:$L$200,MATCH($AB299,'Test catalog'!$A$2:$A$200,0))="","",INDEX('Test catalog'!$L$2:$L$200,MATCH($AB299,'Test catalog'!$A$2:$A$200,0))),"") | T299: =IFERROR(IF(INDEX('Test catalog'!$M$2:$M$200,MATCH($AB299,'Test catalog'!$A$2:$A$200,0))="","",INDEX('Test catalog'!$M$2:$M$200,MATCH($AB299,'Test catalog'!$A$2:$A$200,0))),"") | U299: =IFERROR(IF(INDEX('Test catalog'!$N$2:$N$200,MATCH($AB299,'Test catalog'!$A$2:$A$200,0))="","",INDEX('Test catalog'!$N$2:$N$200,MATCH($AB299,'Test catalog'!$A$2:$A$200,0))),"") | W299: N | AA299: =IFERROR(IF(INDEX('Test catalog'!$O$2:$O$200,MATCH($AB299,'Test catalog'!$A$2:$A$200,0))="","",INDEX('Test catalog'!$O$2:$O$200,MATCH($AB299,'Test catalog'!$A$2:$A$200,0))),"") | AB299: IPC
A300: F41 | B300: FP | C300: Sweet Sleep | actives TBD: Sweet Sleep | D300: Average weight / uniformity of mass | E300: =IF(A300="","",A300&"|"&D300) | F300: Y | G300: Balance | H300: Low | I300: 1 | K300: =IFERROR(IF(INDEX('Test catalog'!$F$2:$F$200,MATCH($AB300,'Test catalog'!$A$2:$A$200,0))="","",INDEX('Test catalog'!$F$2:$F$200,MATCH($AB300,'Test catalog'!$A$2:$A$200,0))),"") | L300: =IFERROR(IF(INDEX('Test catalog'!$G$2:$G$200,MATCH($AB300,'Test catalog'!$A$2:$A$200,0))="","",INDEX('Test catalog'!$G$2:$G$200,MATCH($AB300,'Test catalog'!$A$2:$A$200,0))),"") | M300: =IFERROR(IF(INDEX('Test catalog'!$H$2:$H$200,MATCH($AB300,'Test catalog'!$A$2:$A$200,0))="","",INDEX('Test catalog'!$H$2:$H$200,MATCH($AB300,'Test catalog'!$A$2:$A$200,0))),"") | N300: =IFERROR(IF(INDEX('Test catalog'!$I$2:$I$200,MATCH($AB300,'Test catalog'!$A$2:$A$200,0))="","",INDEX('Test catalog'!$I$2:$I$200,MATCH($AB300,'Test catalog'!$A$2:$A$200,0))),"") | O300: =IFERROR(IF(INDEX('Test catalog'!$J$2:$J$200,MATCH($AB300,'Test catalog'!$A$2:$A$200,0))="","",INDEX('Test catalog'!$J$2:$J$200,MATCH($AB300,'Test catalog'!$A$2:$A$200,0))),"") | P300: =IF(N300="","",IF(OR(M300="",O300=""),N300,(M300+4*N300+O300)/6)) | Q300: =IFERROR(IF(INDEX('Test catalog'!$K$2:$K$200,MATCH($AB300,'Test catalog'!$A$2:$A$200,0))="","",INDEX('Test catalog'!$K$2:$K$200,MATCH($AB300,'Test catalog'!$A$2:$A$200,0))),"") | S300: =IFERROR(IF(INDEX('Test catalog'!$L$2:$L$200,MATCH($AB300,'Test catalog'!$A$2:$A$200,0))="","",INDEX('Test catalog'!$L$2:$L$200,MATCH($AB300,'Test catalog'!$A$2:$A$200,0))),"") | T300: =IFERROR(IF(INDEX('Test catalog'!$M$2:$M$200,MATCH($AB300,'Test catalog'!$A$2:$A$200,0))="","",INDEX('Test catalog'!$M$2:$M$200,MATCH($AB300,'Test catalog'!$A$2:$A$200,0))),"") | U300: =IFERROR(IF(INDEX('Test catalog'!$N$2:$N$200,MATCH($AB300,'Test catalog'!$A$2:$A$200,0))="","",INDEX('Test catalog'!$N$2:$N$200,MATCH($AB300,'Test catalog'!$A$2:$A$200,0))),"") | W300: N | Z300: Actives not on record – confirm tests | AA300: =IFERROR(IF(INDEX('Test catalog'!$O$2:$O$200,MATCH($AB300,'Test catalog'!$A$2:$A$200,0))="","",INDEX('Test catalog'!$O$2:$O$200,MATCH($AB300,'Test catalog'!$A$2:$A$200,0))),"") | AB300: AVG_WT
A301: F41 | B301: FP | C301: Sweet Sleep | actives TBD: Sweet Sleep | D301: Diameter (or length / width) | E301: =IF(A301="","",A301&"|"&D301) | F301: Y | G301: Tablet tester | H301: Low | I301: 1 | K301: =IFERROR(IF(INDEX('Test catalog'!$F$2:$F$200,MATCH($AB301,'Test catalog'!$A$2:$A$200,0))="","",INDEX('Test catalog'!$F$2:$F$200,MATCH($AB301,'Test catalog'!$A$2:$A$200,0))),"") | L301: =IFERROR(IF(INDEX('Test catalog'!$G$2:$G$200,MATCH($AB301,'Test catalog'!$A$2:$A$200,0))="","",INDEX('Test catalog'!$G$2:$G$200,MATCH($AB301,'Test catalog'!$A$2:$A$200,0))),"") | M301: =IFERROR(IF(INDEX('Test catalog'!$H$2:$H$200,MATCH($AB301,'Test catalog'!$A$2:$A$200,0))="","",INDEX('Test catalog'!$H$2:$H$200,MATCH($AB301,'Test catalog'!$A$2:$A$200,0))),"") | N301: =IFERROR(IF(INDEX('Test catalog'!$I$2:$I$200,MATCH($AB301,'Test catalog'!$A$2:$A$200,0))="","",INDEX('Test catalog'!$I$2:$I$200,MATCH($AB301,'Test catalog'!$A$2:$A$200,0))),"") | O301: =IFERROR(IF(INDEX('Test catalog'!$J$2:$J$200,MATCH($AB301,'Test catalog'!$A$2:$A$200,0))="","",INDEX('Test catalog'!$J$2:$J$200,MATCH($AB301,'Test catalog'!$A$2:$A$200,0))),"") | P301: =IF(N301="","",IF(OR(M301="",O301=""),N301,(M301+4*N301+O301)/6)) | Q301: =IFERROR(IF(INDEX('Test catalog'!$K$2:$K$200,MATCH($AB301,'Test catalog'!$A$2:$A$200,0))="","",INDEX('Test catalog'!$K$2:$K$200,MATCH($AB301,'Test catalog'!$A$2:$A$200,0))),"") | S301: =IFERROR(IF(INDEX('Test catalog'!$L$2:$L$200,MATCH($AB301,'Test catalog'!$A$2:$A$200,0))="","",INDEX('Test catalog'!$L$2:$L$200,MATCH($AB301,'Test catalog'!$A$2:$A$200,0))),"") | T301: =IFERROR(IF(INDEX('Test catalog'!$M$2:$M$200,MATCH($AB301,'Test catalog'!$A$2:$A$200,0))="","",INDEX('Test catalog'!$M$2:$M$200,MATCH($AB301,'Test catalog'!$A$2:$A$200,0))),"") | U301: =IFERROR(IF(INDEX('Test catalog'!$N$2:$N$200,MATCH($AB301,'Test catalog'!$A$2:$A$200,0))="","",INDEX('Test catalog'!$N$2:$N$200,MATCH($AB301,'Test catalog'!$A$2:$A$200,0))),"") | W301: N | Z301: Actives not on record – confirm tests | AA301: =IFERROR(IF(INDEX('Test catalog'!$O$2:$O$200,MATCH($AB301,'Test catalog'!$A$2:$A$200,0))="","",INDEX('Test catalog'!$O$2:$O$200,MATCH($AB301,'Test catalog'!$A$2:$A$200,0))),"") | AB301: DIAM
A302: F41 | B302: FP | C302: Sweet Sleep | actives TBD: Sweet Sleep | D302: Thickness | E302: =IF(A302="","",A302&"|"&D302) | F302: Y | G302: Tablet tester | H302: Low | I302: 1 | K302: =IFERROR(IF(INDEX('Test catalog'!$F$2:$F$200,MATCH($AB302,'Test catalog'!$A$2:$A$200,0))="","",INDEX('Test catalog'!$F$2:$F$200,MATCH($AB302,'Test catalog'!$A$2:$A$200,0))),"") | L302: =IFERROR(IF(INDEX('Test catalog'!$G$2:$G$200,MATCH($AB302,'Test catalog'!$A$2:$A$200,0))="","",INDEX('Test catalog'!$G$2:$G$200,MATCH($AB302,'Test catalog'!$A$2:$A$200,0))),"") | M302: =IFERROR(IF(INDEX('Test catalog'!$H$2:$H$200,MATCH($AB302,'Test catalog'!$A$2:$A$200,0))="","",INDEX('Test catalog'!$H$2:$H$200,MATCH($AB302,'Test catalog'!$A$2:$A$200,0))),"") | N302: =IFERROR(IF(INDEX('Test catalog'!$I$2:$I$200,MATCH($AB302,'Test catalog'!$A$2:$A$200,0))="","",INDEX('Test catalog'!$I$2:$I$200,MATCH($AB302,'Test catalog'!$A$2:$A$200,0))),"") | O302: =IFERROR(IF(INDEX('Test catalog'!$J$2:$J$200,MATCH($AB302,'Test catalog'!$A$2:$A$200,0))="","",INDEX('Test catalog'!$J$2:$J$200,MATCH($AB302,'Test catalog'!$A$2:$A$200,0))),"") | P302: =IF(N302="","",IF(OR(M302="",O302=""),N302,(M302+4*N302+O302)/6)) | Q302: =IFERROR(IF(INDEX('Test catalog'!$K$2:$K$200,MATCH($AB302,'Test catalog'!$A$2:$A$200,0))="","",INDEX('Test catalog'!$K$2:$K$200,MATCH($AB302,'Test catalog'!$A$2:$A$200,0))),"") | S302: =IFERROR(IF(INDEX('Test catalog'!$L$2:$L$200,MATCH($AB302,'Test catalog'!$A$2:$A$200,0))="","",INDEX('Test catalog'!$L$2:$L$200,MATCH($AB302,'Test catalog'!$A$2:$A$200,0))),"") | T302: =IFERROR(IF(INDEX('Test catalog'!$M$2:$M$200,MATCH($AB302,'Test catalog'!$A$2:$A$200,0))="","",INDEX('Test catalog'!$M$2:$M$200,MATCH($AB302,'Test catalog'!$A$2:$A$200,0))),"") | U302: =IFERROR(IF(INDEX('Test catalog'!$N$2:$N$200,MATCH($AB302,'Test catalog'!$A$2:$A$200,0))="","",INDEX('Test catalog'!$N$2:$N$200,MATCH($AB302,'Test catalog'!$A$2:$A$200,0))),"") | W302: N | Z302: Actives not on record – confirm tests | AA302: =IFERROR(IF(INDEX('Test catalog'!$O$2:$O$200,MATCH($AB302,'Test catalog'!$A$2:$A$200,0))="","",INDEX('Test catalog'!$O$2:$O$200,MATCH($AB302,'Test catalog'!$A$2:$A$200,0))),"") | AB302: THICK
A303: F41 | B303: FP | C303: Sweet Sleep | actives TBD: Sweet Sleep | D303: Hardness / breaking force | E303: =IF(A303="","",A303&"|"&D303) | F303: Y | G303: Tablet tester | H303: Low | I303: 1 | K303: =IFERROR(IF(INDEX('Test catalog'!$F$2:$F$200,MATCH($AB303,'Test catalog'!$A$2:$A$200,0))="","",INDEX('Test catalog'!$F$2:$F$200,MATCH($AB303,'Test catalog'!$A$2:$A$200,0))),"") | L303: =IFERROR(IF(INDEX('Test catalog'!$G$2:$G$200,MATCH($AB303,'Test catalog'!$A$2:$A$200,0))="","",INDEX('Test catalog'!$G$2:$G$200,MATCH($AB303,'Test catalog'!$A$2:$A$200,0))),"") | M303: =IFERROR(IF(INDEX('Test catalog'!$H$2:$H$200,MATCH($AB303,'Test catalog'!$A$2:$A$200,0))="","",INDEX('Test catalog'!$H$2:$H$200,MATCH($AB303,'Test catalog'!$A$2:$A$200,0))),"") | N303: =IFERROR(IF(INDEX('Test catalog'!$I$2:$I$200,MATCH($AB303,'Test catalog'!$A$2:$A$200,0))="","",INDEX('Test catalog'!$I$2:$I$200,MATCH($AB303,'Test catalog'!$A$2:$A$200,0))),"") | O303: =IFERROR(IF(INDEX('Test catalog'!$J$2:$J$200,MATCH($AB303,'Test catalog'!$A$2:$A$200,0))="","",INDEX('Test catalog'!$J$2:$J$200,MATCH($AB303,'Test catalog'!$A$2:$A$200,0))),"") | P303: =IF(N303="","",IF(OR(M303="",O303=""),N303,(M303+4*N303+O303)/6)) | Q303: =IFERROR(IF(INDEX('Test catalog'!$K$2:$K$200,MATCH($AB303,'Test catalog'!$A$2:$A$200,0))="","",INDEX('Test catalog'!$K$2:$K$200,MATCH($AB303,'Test catalog'!$A$2:$A$200,0))),"") | S303: =IFERROR(IF(INDEX('Test catalog'!$L$2:$L$200,MATCH($AB303,'Test catalog'!$A$2:$A$200,0))="","",INDEX('Test catalog'!$L$2:$L$200,MATCH($AB303,'Test catalog'!$A$2:$A$200,0))),"") | T303: =IFERROR(IF(INDEX('Test catalog'!$M$2:$M$200,MATCH($AB303,'Test catalog'!$A$2:$A$200,0))="","",INDEX('Test catalog'!$M$2:$M$200,MATCH($AB303,'Test catalog'!$A$2:$A$200,0))),"") | U303: =IFERROR(IF(INDEX('Test catalog'!$N$2:$N$200,MATCH($AB303,'Test catalog'!$A$2:$A$200,0))="","",INDEX('Test catalog'!$N$2:$N$200,MATCH($AB303,'Test catalog'!$A$2:$A$200,0))),"") | W303: Y | Z303: Actives not on record – confirm tests | AA303: =IFERROR(IF(INDEX('Test catalog'!$O$2:$O$200,MATCH($AB303,'Test catalog'!$A$2:$A$200,0))="","",INDEX('Test catalog'!$O$2:$O$200,MATCH($AB303,'Test catalog'!$A$2:$A$200,0))),"") | AB303: HARD
A304: F41 | B304: FP | C304: Sweet Sleep | actives TBD: Sweet Sleep | D304: Brittleness | E304: =IF(A304="","",A304&"|"&D304) | F304: Y | G304: Other / bench | H304: Low | I304: 1 | K304: =IFERROR(IF(INDEX('Test catalog'!$F$2:$F$200,MATCH($AB304,'Test catalog'!$A$2:$A$200,0))="","",INDEX('Test catalog'!$F$2:$F$200,MATCH($AB304,'Test catalog'!$A$2:$A$200,0))),"") | L304: =IFERROR(IF(INDEX('Test catalog'!$G$2:$G$200,MATCH($AB304,'Test catalog'!$A$2:$A$200,0))="","",INDEX('Test catalog'!$G$2:$G$200,MATCH($AB304,'Test catalog'!$A$2:$A$200,0))),"") | M304: =IFERROR(IF(INDEX('Test catalog'!$H$2:$H$200,MATCH($AB304,'Test catalog'!$A$2:$A$200,0))="","",INDEX('Test catalog'!$H$2:$H$200,MATCH($AB304,'Test catalog'!$A$2:$A$200,0))),"") | N304: =IFERROR(IF(INDEX('Test catalog'!$I$2:$I$200,MATCH($AB304,'Test catalog'!$A$2:$A$200,0))="","",INDEX('Test catalog'!$I$2:$I$200,MATCH($AB304,'Test catalog'!$A$2:$A$200,0))),"") | O304: =IFERROR(IF(INDEX('Test catalog'!$J$2:$J$200,MATCH($AB304,'Test catalog'!$A$2:$A$200,0))="","",INDEX('Test catalog'!$J$2:$J$200,MATCH($AB304,'Test catalog'!$A$2:$A$200,0))),"") | P304: =IF(N304="","",IF(OR(M304="",O304=""),N304,(M304+4*N304+O304)/6)) | Q304: =IFERROR(IF(INDEX('Test catalog'!$K$2:$K$200,MATCH($AB304,'Test catalog'!$A$2:$A$200,0))="","",INDEX('Test catalog'!$K$2:$K$200,MATCH($AB304,'Test catalog'!$A$2:$A$200,0))),"") | S304: =IFERROR(IF(INDEX('Test catalog'!$L$2:$L$200,MATCH($AB304,'Test catalog'!$A$2:$A$200,0))="","",INDEX('Test catalog'!$L$2:$L$200,MATCH($AB304,'Test catalog'!$A$2:$A$200,0))),"") | T304: =IFERROR(IF(INDEX('Test catalog'!$M$2:$M$200,MATCH($AB304,'Test catalog'!$A$2:$A$200,0))="","",INDEX('Test catalog'!$M$2:$M$200,MATCH($AB304,'Test catalog'!$A$2:$A$200,0))),"") | U304: =IFERROR(IF(INDEX('Test catalog'!$N$2:$N$200,MATCH($AB304,'Test catalog'!$A$2:$A$200,0))="","",INDEX('Test catalog'!$N$2:$N$200,MATCH($AB304,'Test catalog'!$A$2:$A$200,0))),"") | W304: N | Z304: Actives not on record – confirm tests | AA304: =IFERROR(IF(INDEX('Test catalog'!$O$2:$O$200,MATCH($AB304,'Test catalog'!$A$2:$A$200,0))="","",INDEX('Test catalog'!$O$2:$O$200,MATCH($AB304,'Test catalog'!$A$2:$A$200,0))),"") | AB304: BRITTLE
A305: F41 | B305: FP | C305: Sweet Sleep | actives TBD: Sweet Sleep | D305: Friability | E305: =IF(A305="","",A305&"|"&D305) | F305: Y | G305: Friabilator | H305: Low | I305: 1 | K305: =IFERROR(IF(INDEX('Test catalog'!$F$2:$F$200,MATCH($AB305,'Test catalog'!$A$2:$A$200,0))="","",INDEX('Test catalog'!$F$2:$F$200,MATCH($AB305,'Test catalog'!$A$2:$A$200,0))),"") | L305: =IFERROR(IF(INDEX('Test catalog'!$G$2:$G$200,MATCH($AB305,'Test catalog'!$A$2:$A$200,0))="","",INDEX('Test catalog'!$G$2:$G$200,MATCH($AB305,'Test catalog'!$A$2:$A$200,0))),"") | M305: =IFERROR(IF(INDEX('Test catalog'!$H$2:$H$200,MATCH($AB305,'Test catalog'!$A$2:$A$200,0))="","",INDEX('Test catalog'!$H$2:$H$200,MATCH($AB305,'Test catalog'!$A$2:$A$200,0))),"") | N305: =IFERROR(IF(INDEX('Test catalog'!$I$2:$I$200,MATCH($AB305,'Test catalog'!$A$2:$A$200,0))="","",INDEX('Test catalog'!$I$2:$I$200,MATCH($AB305,'Test catalog'!$A$2:$A$200,0))),"") | O305: =IFERROR(IF(INDEX('Test catalog'!$J$2:$J$200,MATCH($AB305,'Test catalog'!$A$2:$A$200,0))="","",INDEX('Test catalog'!$J$2:$J$200,MATCH($AB305,'Test catalog'!$A$2:$A$200,0))),"") | P305: =IF(N305="","",IF(OR(M305="",O305=""),N305,(M305+4*N305+O305)/6)) | Q305: =IFERROR(IF(INDEX('Test catalog'!$K$2:$K$200,MATCH($AB305,'Test catalog'!$A$2:$A$200,0))="","",INDEX('Test catalog'!$K$2:$K$200,MATCH($AB305,'Test catalog'!$A$2:$A$200,0))),"") | S305: =IFERROR(IF(INDEX('Test catalog'!$L$2:$L$200,MATCH($AB305,'Test catalog'!$A$2:$A$200,0))="","",INDEX('Test catalog'!$L$2:$L$200,MATCH($AB305,'Test catalog'!$A$2:$A$200,0))),"") | T305: =IFERROR(IF(INDEX('Test catalog'!$M$2:$M$200,MATCH($AB305,'Test catalog'!$A$2:$A$200,0))="","",INDEX('Test catalog'!$M$2:$M$200,MATCH($AB305,'Test catalog'!$A$2:$A$200,0))),"") | U305: =IFERROR(IF(INDEX('Test catalog'!$N$2:$N$200,MATCH($AB305,'Test catalog'!$A$2:$A$200,0))="","",INDEX('Test catalog'!$N$2:$N$200,MATCH($AB305,'Test catalog'!$A$2:$A$200,0))),"") | W305: N | Z305: Actives not on record – confirm tests | AA305: =IFERROR(IF(INDEX('Test catalog'!$O$2:$O$200,MATCH($AB305,'Test catalog'!$A$2:$A$200,0))="","",INDEX('Test catalog'!$O$2:$O$200,MATCH($AB305,'Test catalog'!$A$2:$A$200,0))),"") | AB305: FRIAB
A306: F41 | B306: FP | C306: Sweet Sleep | actives TBD: Sweet Sleep | D306: Disintegration | E306: =IF(A306="","",A306&"|"&D306) | F306: Y | G306: Disintegration tester | H306: Low | I306: 1 | K306: =IFERROR(IF(INDEX('Test catalog'!$F$2:$F$200,MATCH($AB306,'Test catalog'!$A$2:$A$200,0))="","",INDEX('Test catalog'!$F$2:$F$200,MATCH($AB306,'Test catalog'!$A$2:$A$200,0))),"") | L306: =IFERROR(IF(INDEX('Test catalog'!$G$2:$G$200,MATCH($AB306,'Test catalog'!$A$2:$A$200,0))="","",INDEX('Test catalog'!$G$2:$G$200,MATCH($AB306,'Test catalog'!$A$2:$A$200,0))),"") | M306: =IFERROR(IF(INDEX('Test catalog'!$H$2:$H$200,MATCH($AB306,'Test catalog'!$A$2:$A$200,0))="","",INDEX('Test catalog'!$H$2:$H$200,MATCH($AB306,'Test catalog'!$A$2:$A$200,0))),"") | N306: =IFERROR(IF(INDEX('Test catalog'!$I$2:$I$200,MATCH($AB306,'Test catalog'!$A$2:$A$200,0))="","",INDEX('Test catalog'!$I$2:$I$200,MATCH($AB306,'Test catalog'!$A$2:$A$200,0))),"") | O306: =IFERROR(IF(INDEX('Test catalog'!$J$2:$J$200,MATCH($AB306,'Test catalog'!$A$2:$A$200,0))="","",INDEX('Test catalog'!$J$2:$J$200,MATCH($AB306,'Test catalog'!$A$2:$A$200,0))),"") | P306: =IF(N306="","",IF(OR(M306="",O306=""),N306,(M306+4*N306+O306)/6)) | Q306: =IFERROR(IF(INDEX('Test catalog'!$K$2:$K$200,MATCH($AB306,'Test catalog'!$A$2:$A$200,0))="","",INDEX('Test catalog'!$K$2:$K$200,MATCH($AB306,'Test catalog'!$A$2:$A$200,0))),"") | S306: =IFERROR(IF(INDEX('Test catalog'!$L$2:$L$200,MATCH($AB306,'Test catalog'!$A$2:$A$200,0))="","",INDEX('Test catalog'!$L$2:$L$200,MATCH($AB306,'Test catalog'!$A$2:$A$200,0))),"") | T306: =IFERROR(IF(INDEX('Test catalog'!$M$2:$M$200,MATCH($AB306,'Test catalog'!$A$2:$A$200,0))="","",INDEX('Test catalog'!$M$2:$M$200,MATCH($AB306,'Test catalog'!$A$2:$A$200,0))),"") | U306: =IFERROR(IF(INDEX('Test catalog'!$N$2:$N$200,MATCH($AB306,'Test catalog'!$A$2:$A$200,0))="","",INDEX('Test catalog'!$N$2:$N$200,MATCH($AB306,'Test catalog'!$A$2:$A$200,0))),"") | W306: Y | Z306: Actives not on record – confirm tests | AA306: =IFERROR(IF(INDEX('Test catalog'!$O$2:$O$200,MATCH($AB306,'Test catalog'!$A$2:$A$200,0))="","",INDEX('Test catalog'!$O$2:$O$200,MATCH($AB306,'Test catalog'!$A$2:$A$200,0))),"") | AB306: DISINT
A307: F41 | B307: FP | C307: Sweet Sleep | actives TBD: Sweet Sleep | D307: In-process check at the machine (one check, all its tests) | E307: =IF(A307="","",A307&"|"&D307) | F307: Y | G307: Tablet tester | H307: Low | I307: 1 | K307: =IFERROR(IF(INDEX('Test catalog'!$F$2:$F$200,MATCH($AB307,'Test catalog'!$A$2:$A$200,0))="","",INDEX('Test catalog'!$F$2:$F$200,MATCH($AB307,'Test catalog'!$A$2:$A$200,0))),"") | L307: =IFERROR(IF(INDEX('Test catalog'!$G$2:$G$200,MATCH($AB307,'Test catalog'!$A$2:$A$200,0))="","",INDEX('Test catalog'!$G$2:$G$200,MATCH($AB307,'Test catalog'!$A$2:$A$200,0))),"") | M307: =IFERROR(IF(INDEX('Test catalog'!$H$2:$H$200,MATCH($AB307,'Test catalog'!$A$2:$A$200,0))="","",INDEX('Test catalog'!$H$2:$H$200,MATCH($AB307,'Test catalog'!$A$2:$A$200,0))),"") | N307: =IFERROR(IF(INDEX('Test catalog'!$I$2:$I$200,MATCH($AB307,'Test catalog'!$A$2:$A$200,0))="","",INDEX('Test catalog'!$I$2:$I$200,MATCH($AB307,'Test catalog'!$A$2:$A$200,0))),"") | O307: =IFERROR(IF(INDEX('Test catalog'!$J$2:$J$200,MATCH($AB307,'Test catalog'!$A$2:$A$200,0))="","",INDEX('Test catalog'!$J$2:$J$200,MATCH($AB307,'Test catalog'!$A$2:$A$200,0))),"") | P307: =IF(N307="","",IF(OR(M307="",O307=""),N307,(M307+4*N307+O307)/6)) | Q307: =IFERROR(IF(INDEX('Test catalog'!$K$2:$K$200,MATCH($AB307,'Test catalog'!$A$2:$A$200,0))="","",INDEX('Test catalog'!$K$2:$K$200,MATCH($AB307,'Test catalog'!$A$2:$A$200,0))),"") | S307: =IFERROR(IF(INDEX('Test catalog'!$L$2:$L$200,MATCH($AB307,'Test catalog'!$A$2:$A$200,0))="","",INDEX('Test catalog'!$L$2:$L$200,MATCH($AB307,'Test catalog'!$A$2:$A$200,0))),"") | T307: =IFERROR(IF(INDEX('Test catalog'!$M$2:$M$200,MATCH($AB307,'Test catalog'!$A$2:$A$200,0))="","",INDEX('Test catalog'!$M$2:$M$200,MATCH($AB307,'Test catalog'!$A$2:$A$200,0))),"") | U307: =IFERROR(IF(INDEX('Test catalog'!$N$2:$N$200,MATCH($AB307,'Test catalog'!$A$2:$A$200,0))="","",INDEX('Test catalog'!$N$2:$N$200,MATCH($AB307,'Test catalog'!$A$2:$A$200,0))),"") | W307: N | Z307: Actives not on record – confirm tests | AA307: =IFERROR(IF(INDEX('Test catalog'!$O$2:$O$200,MATCH($AB307,'Test catalog'!$A$2:$A$200,0))="","",INDEX('Test catalog'!$O$2:$O$200,MATCH($AB307,'Test catalog'!$A$2:$A$200,0))),"") | AB307: IPC
A308: F42 | B308: FP | C308: Ferrikid | actives TBD: Ferrikid | D308: Average weight / uniformity of mass | E308: =IF(A308="","",A308&"|"&D308) | F308: Y | G308: Balance | H308: Low | I308: 1 | K308: =IFERROR(IF(INDEX('Test catalog'!$F$2:$F$200,MATCH($AB308,'Test catalog'!$A$2:$A$200,0))="","",INDEX('Test catalog'!$F$2:$F$200,MATCH($AB308,'Test catalog'!$A$2:$A$200,0))),"") | L308: =IFERROR(IF(INDEX('Test catalog'!$G$2:$G$200,MATCH($AB308,'Test catalog'!$A$2:$A$200,0))="","",INDEX('Test catalog'!$G$2:$G$200,MATCH($AB308,'Test catalog'!$A$2:$A$200,0))),"") | M308: =IFERROR(IF(INDEX('Test catalog'!$H$2:$H$200,MATCH($AB308,'Test catalog'!$A$2:$A$200,0))="","",INDEX('Test catalog'!$H$2:$H$200,MATCH($AB308,'Test catalog'!$A$2:$A$200,0))),"") | N308: =IFERROR(IF(INDEX('Test catalog'!$I$2:$I$200,MATCH($AB308,'Test catalog'!$A$2:$A$200,0))="","",INDEX('Test catalog'!$I$2:$I$200,MATCH($AB308,'Test catalog'!$A$2:$A$200,0))),"") | O308: =IFERROR(IF(INDEX('Test catalog'!$J$2:$J$200,MATCH($AB308,'Test catalog'!$A$2:$A$200,0))="","",INDEX('Test catalog'!$J$2:$J$200,MATCH($AB308,'Test catalog'!$A$2:$A$200,0))),"") | P308: =IF(N308="","",IF(OR(M308="",O308=""),N308,(M308+4*N308+O308)/6)) | Q308: =IFERROR(IF(INDEX('Test catalog'!$K$2:$K$200,MATCH($AB308,'Test catalog'!$A$2:$A$200,0))="","",INDEX('Test catalog'!$K$2:$K$200,MATCH($AB308,'Test catalog'!$A$2:$A$200,0))),"") | S308: =IFERROR(IF(INDEX('Test catalog'!$L$2:$L$200,MATCH($AB308,'Test catalog'!$A$2:$A$200,0))="","",INDEX('Test catalog'!$L$2:$L$200,MATCH($AB308,'Test catalog'!$A$2:$A$200,0))),"") | T308: =IFERROR(IF(INDEX('Test catalog'!$M$2:$M$200,MATCH($AB308,'Test catalog'!$A$2:$A$200,0))="","",INDEX('Test catalog'!$M$2:$M$200,MATCH($AB308,'Test catalog'!$A$2:$A$200,0))),"") | U308: =IFERROR(IF(INDEX('Test catalog'!$N$2:$N$200,MATCH($AB308,'Test catalog'!$A$2:$A$200,0))="","",INDEX('Test catalog'!$N$2:$N$200,MATCH($AB308,'Test catalog'!$A$2:$A$200,0))),"") | W308: N | Z308: Actives not on record – confirm tests | AA308: =IFERROR(IF(INDEX('Test catalog'!$O$2:$O$200,MATCH($AB308,'Test catalog'!$A$2:$A$200,0))="","",INDEX('Test catalog'!$O$2:$O$200,MATCH($AB308,'Test catalog'!$A$2:$A$200,0))),"") | AB308: AVG_WT
A309: F42 | B309: FP | C309: Ferrikid | actives TBD: Ferrikid | D309: Diameter (or length / width) | E309: =IF(A309="","",A309&"|"&D309) | F309: Y | G309: Tablet tester | H309: Low | I309: 1 | K309: =IFERROR(IF(INDEX('Test catalog'!$F$2:$F$200,MATCH($AB309,'Test catalog'!$A$2:$A$200,0))="","",INDEX('Test catalog'!$F$2:$F$200,MATCH($AB309,'Test catalog'!$A$2:$A$200,0))),"") | L309: =IFERROR(IF(INDEX('Test catalog'!$G$2:$G$200,MATCH($AB309,'Test catalog'!$A$2:$A$200,0))="","",INDEX('Test catalog'!$G$2:$G$200,MATCH($AB309,'Test catalog'!$A$2:$A$200,0))),"") | M309: =IFERROR(IF(INDEX('Test catalog'!$H$2:$H$200,MATCH($AB309,'Test catalog'!$A$2:$A$200,0))="","",INDEX('Test catalog'!$H$2:$H$200,MATCH($AB309,'Test catalog'!$A$2:$A$200,0))),"") | N309: =IFERROR(IF(INDEX('Test catalog'!$I$2:$I$200,MATCH($AB309,'Test catalog'!$A$2:$A$200,0))="","",INDEX('Test catalog'!$I$2:$I$200,MATCH($AB309,'Test catalog'!$A$2:$A$200,0))),"") | O309: =IFERROR(IF(INDEX('Test catalog'!$J$2:$J$200,MATCH($AB309,'Test catalog'!$A$2:$A$200,0))="","",INDEX('Test catalog'!$J$2:$J$200,MATCH($AB309,'Test catalog'!$A$2:$A$200,0))),"") | P309: =IF(N309="","",IF(OR(M309="",O309=""),N309,(M309+4*N309+O309)/6)) | Q309: =IFERROR(IF(INDEX('Test catalog'!$K$2:$K$200,MATCH($AB309,'Test catalog'!$A$2:$A$200,0))="","",INDEX('Test catalog'!$K$2:$K$200,MATCH($AB309,'Test catalog'!$A$2:$A$200,0))),"") | S309: =IFERROR(IF(INDEX('Test catalog'!$L$2:$L$200,MATCH($AB309,'Test catalog'!$A$2:$A$200,0))="","",INDEX('Test catalog'!$L$2:$L$200,MATCH($AB309,'Test catalog'!$A$2:$A$200,0))),"") | T309: =IFERROR(IF(INDEX('Test catalog'!$M$2:$M$200,MATCH($AB309,'Test catalog'!$A$2:$A$200,0))="","",INDEX('Test catalog'!$M$2:$M$200,MATCH($AB309,'Test catalog'!$A$2:$A$200,0))),"") | U309: =IFERROR(IF(INDEX('Test catalog'!$N$2:$N$200,MATCH($AB309,'Test catalog'!$A$2:$A$200,0))="","",INDEX('Test catalog'!$N$2:$N$200,MATCH($AB309,'Test catalog'!$A$2:$A$200,0))),"") | W309: N | Z309: Actives not on record – confirm tests | AA309: =IFERROR(IF(INDEX('Test catalog'!$O$2:$O$200,MATCH($AB309,'Test catalog'!$A$2:$A$200,0))="","",INDEX('Test catalog'!$O$2:$O$200,MATCH($AB309,'Test catalog'!$A$2:$A$200,0))),"") | AB309: DIAM
A310: F42 | B310: FP | C310: Ferrikid | actives TBD: Ferrikid | D310: Thickness | E310: =IF(A310="","",A310&"|"&D310) | F310: Y | G310: Tablet tester | H310: Low | I310: 1 | K310: =IFERROR(IF(INDEX('Test catalog'!$F$2:$F$200,MATCH($AB310,'Test catalog'!$A$2:$A$200,0))="","",INDEX('Test catalog'!$F$2:$F$200,MATCH($AB310,'Test catalog'!$A$2:$A$200,0))),"") | L310: =IFERROR(IF(INDEX('Test catalog'!$G$2:$G$200,MATCH($AB310,'Test catalog'!$A$2:$A$200,0))="","",INDEX('Test catalog'!$G$2:$G$200,MATCH($AB310,'Test catalog'!$A$2:$A$200,0))),"") | M310: =IFERROR(IF(INDEX('Test catalog'!$H$2:$H$200,MATCH($AB310,'Test catalog'!$A$2:$A$200,0))="","",INDEX('Test catalog'!$H$2:$H$200,MATCH($AB310,'Test catalog'!$A$2:$A$200,0))),"") | N310: =IFERROR(IF(INDEX('Test catalog'!$I$2:$I$200,MATCH($AB310,'Test catalog'!$A$2:$A$200,0))="","",INDEX('Test catalog'!$I$2:$I$200,MATCH($AB310,'Test catalog'!$A$2:$A$200,0))),"") | O310: =IFERROR(IF(INDEX('Test catalog'!$J$2:$J$200,MATCH($AB310,'Test catalog'!$A$2:$A$200,0))="","",INDEX('Test catalog'!$J$2:$J$200,MATCH($AB310,'Test catalog'!$A$2:$A$200,0))),"") | P310: =IF(N310="","",IF(OR(M310="",O310=""),N310,(M310+4*N310+O310)/6)) | Q310: =IFERROR(IF(INDEX('Test catalog'!$K$2:$K$200,MATCH($AB310,'Test catalog'!$A$2:$A$200,0))="","",INDEX('Test catalog'!$K$2:$K$200,MATCH($AB310,'Test catalog'!$A$2:$A$200,0))),"") | S310: =IFERROR(IF(INDEX('Test catalog'!$L$2:$L$200,MATCH($AB310,'Test catalog'!$A$2:$A$200,0))="","",INDEX('Test catalog'!$L$2:$L$200,MATCH($AB310,'Test catalog'!$A$2:$A$200,0))),"") | T310: =IFERROR(IF(INDEX('Test catalog'!$M$2:$M$200,MATCH($AB310,'Test catalog'!$A$2:$A$200,0))="","",INDEX('Test catalog'!$M$2:$M$200,MATCH($AB310,'Test catalog'!$A$2:$A$200,0))),"") | U310: =IFERROR(IF(INDEX('Test catalog'!$N$2:$N$200,MATCH($AB310,'Test catalog'!$A$2:$A$200,0))="","",INDEX('Test catalog'!$N$2:$N$200,MATCH($AB310,'Test catalog'!$A$2:$A$200,0))),"") | W310: N | Z310: Actives not on record – confirm tests | AA310: =IFERROR(IF(INDEX('Test catalog'!$O$2:$O$200,MATCH($AB310,'Test catalog'!$A$2:$A$200,0))="","",INDEX('Test catalog'!$O$2:$O$200,MATCH($AB310,'Test catalog'!$A$2:$A$200,0))),"") | AB310: THICK
A311: F42 | B311: FP | C311: Ferrikid | actives TBD: Ferrikid | D311: Hardness / breaking force | E311: =IF(A311="","",A311&"|"&D311) | F311: Y | G311: Tablet tester | H311: Low | I311: 1 | K311: =IFERROR(IF(INDEX('Test catalog'!$F$2:$F$200,MATCH($AB311,'Test catalog'!$A$2:$A$200,0))="","",INDEX('Test catalog'!$F$2:$F$200,MATCH($AB311,'Test catalog'!$A$2:$A$200,0))),"") | L311: =IFERROR(IF(INDEX('Test catalog'!$G$2:$G$200,MATCH($AB311,'Test catalog'!$A$2:$A$200,0))="","",INDEX('Test catalog'!$G$2:$G$200,MATCH($AB311,'Test catalog'!$A$2:$A$200,0))),"") | M311: =IFERROR(IF(INDEX('Test catalog'!$H$2:$H$200,MATCH($AB311,'Test catalog'!$A$2:$A$200,0))="","",INDEX('Test catalog'!$H$2:$H$200,MATCH($AB311,'Test catalog'!$A$2:$A$200,0))),"") | N311: =IFERROR(IF(INDEX('Test catalog'!$I$2:$I$200,MATCH($AB311,'Test catalog'!$A$2:$A$200,0))="","",INDEX('Test catalog'!$I$2:$I$200,MATCH($AB311,'Test catalog'!$A$2:$A$200,0))),"") | O311: =IFERROR(IF(INDEX('Test catalog'!$J$2:$J$200,MATCH($AB311,'Test catalog'!$A$2:$A$200,0))="","",INDEX('Test catalog'!$J$2:$J$200,MATCH($AB311,'Test catalog'!$A$2:$A$200,0))),"") | P311: =IF(N311="","",IF(OR(M311="",O311=""),N311,(M311+4*N311+O311)/6)) | Q311: =IFERROR(IF(INDEX('Test catalog'!$K$2:$K$200,MATCH($AB311,'Test catalog'!$A$2:$A$200,0))="","",INDEX('Test catalog'!$K$2:$K$200,MATCH($AB311,'Test catalog'!$A$2:$A$200,0))),"") | S311: =IFERROR(IF(INDEX('Test catalog'!$L$2:$L$200,MATCH($AB311,'Test catalog'!$A$2:$A$200,0))="","",INDEX('Test catalog'!$L$2:$L$200,MATCH($AB311,'Test catalog'!$A$2:$A$200,0))),"") | T311: =IFERROR(IF(INDEX('Test catalog'!$M$2:$M$200,MATCH($AB311,'Test catalog'!$A$2:$A$200,0))="","",INDEX('Test catalog'!$M$2:$M$200,MATCH($AB311,'Test catalog'!$A$2:$A$200,0))),"") | U311: =IFERROR(IF(INDEX('Test catalog'!$N$2:$N$200,MATCH($AB311,'Test catalog'!$A$2:$A$200,0))="","",INDEX('Test catalog'!$N$2:$N$200,MATCH($AB311,'Test catalog'!$A$2:$A$200,0))),"") | W311: Y | Z311: Actives not on record – confirm tests | AA311: =IFERROR(IF(INDEX('Test catalog'!$O$2:$O$200,MATCH($AB311,'Test catalog'!$A$2:$A$200,0))="","",INDEX('Test catalog'!$O$2:$O$200,MATCH($AB311,'Test catalog'!$A$2:$A$200,0))),"") | AB311: HARD
... A315: F42 | B315: FP | C315: Ferrikid | actives TBD: Ferrikid | D315: In-process check at the machine (one check, all its tests) | E315: =IF(A315="","",A315&"|"&D315) | F315: Y | G315: Tablet tester | H315: Low | I315: 1 | K315: =IFERROR(IF(INDEX('Test catalog'!$F$2:$F$200,MATCH($AB315,'Test catalog'!$A$2:$A$200,0))="","",INDEX('Test catalog'!$F$2:$F$200,MATCH($AB315,'Test catalog'!$A$2:$A$200,0))),"") | L315: =IFERROR(IF(INDEX('Test catalog'!$G$2:$G$200,MATCH($AB315,'Test catalog'!$A$2:$A$200,0))="","",INDEX('Test catalog'!$G$2:$G$200,MATCH($AB315,'Test catalog'!$A$2:$A$200,0))),"") | M315: =IFERROR(IF(INDEX('Test catalog'!$H$2:$H$200,MATCH($AB315,'Test catalog'!$A$2:$A$200,0))="","",INDEX('Test catalog'!$H$2:$H$200,MATCH($AB315,'Test catalog'!$A$2:$A$200,0))),"") | N315: =IFERROR(IF(INDEX('Test catalog'!$I$2:$I$200,MATCH($AB315,'Test catalog'!$A$2:$A$200,0))="","",INDEX('Test catalog'!$I$2:$I$200,MATCH($AB315,'Test catalog'!$A$2:$A$200,0))),"") | O315: =IFERROR(IF(INDEX('Test catalog'!$J$2:$J$200,MATCH($AB315,'Test catalog'!$A$2:$A$200,0))="","",INDEX('Test catalog'!$J$2:$J$200,MATCH($AB315,'Test catalog'!$A$2:$A$200,0))),"") | P315: =IF(N315="","",IF(OR(M315="",O315=""),N315,(M315+4*N315+O315)/6)) | Q315: =IFERROR(IF(INDEX('Test catalog'!$K$2:$K$200,MATCH($AB315,'Test catalog'!$A$2:$A$200,0))="","",INDEX('Test catalog'!$K$2:$K$200,MATCH($AB315,'Test catalog'!$A$2:$A$200,0))),"") | S315: =IFERROR(IF(INDEX('Test catalog'!$L$2:$L$200,MATCH($AB315,'Test catalog'!$A$2:$A$200,0))="","",INDEX('Test catalog'!$L$2:$L$200,MATCH($AB315,'Test catalog'!$A$2:$A$200,0))),"") | T315: =IFERROR(IF(INDEX('Test catalog'!$M$2:$M$200,MATCH($AB315,'Test catalog'!$A$2:$A$200,0))="","",INDEX('Test catalog'!$M$2:$M$200,MATCH($AB315,'Test catalog'!$A$2:$A$200,0))),"") | U315: =IFERROR(IF(INDEX('Test catalog'!$N$2:$N$200,MATCH($AB315,'Test catalog'!$A$2:$A$200,0))="","",INDEX('Test catalog'!$N$2:$N$200,MATCH($AB315,'Test catalog'!$A$2:$A$200,0))),"") | W315: N | Z315: Actives not on record – confirm tests | AA315: =IFERROR(IF(INDEX('Test catalog'!$O$2:$O$200,MATCH($AB315,'Test catalog'!$A$2:$A$200,0))="","",INDEX('Test catalog'!$O$2:$O$200,MATCH($AB315,'Test catalog'!$A$2:$A$200,0))),"") | AB315: IPC
A316: F43 | B316: FP | C316: Painlys | Ginger Dry Extract 5:1, Devil's Claw Dry Extract 6:1 (+1 more) | D316: Average weight / uniformity of mass | E316: =IF(A316="","",A316&"|"&D316) | F316: Y | G316: Balance | H316: Low | I316: 1 | K316: =IFERROR(IF(INDEX('Test catalog'!$F$2:$F$200,MATCH($AB316,'Test catalog'!$A$2:$A$200,0))="","",INDEX('Test catalog'!$F$2:$F$200,MATCH($AB316,'Test catalog'!$A$2:$A$200,0))),"") | L316: =IFERROR(IF(INDEX('Test catalog'!$G$2:$G$200,MATCH($AB316,'Test catalog'!$A$2:$A$200,0))="","",INDEX('Test catalog'!$G$2:$G$200,MATCH($AB316,'Test catalog'!$A$2:$A$200,0))),"") | M316: =IFERROR(IF(INDEX('Test catalog'!$H$2:$H$200,MATCH($AB316,'Test catalog'!$A$2:$A$200,0))="","",INDEX('Test catalog'!$H$2:$H$200,MATCH($AB316,'Test catalog'!$A$2:$A$200,0))),"") | N316: =IFERROR(IF(INDEX('Test catalog'!$I$2:$I$200,MATCH($AB316,'Test catalog'!$A$2:$A$200,0))="","",INDEX('Test catalog'!$I$2:$I$200,MATCH($AB316,'Test catalog'!$A$2:$A$200,0))),"") | O316: =IFERROR(IF(INDEX('Test catalog'!$J$2:$J$200,MATCH($AB316,'Test catalog'!$A$2:$A$200,0))="","",INDEX('Test catalog'!$J$2:$J$200,MATCH($AB316,'Test catalog'!$A$2:$A$200,0))),"") | P316: =IF(N316="","",IF(OR(M316="",O316=""),N316,(M316+4*N316+O316)/6)) | Q316: =IFERROR(IF(INDEX('Test catalog'!$K$2:$K$200,MATCH($AB316,'Test catalog'!$A$2:$A$200,0))="","",INDEX('Test catalog'!$K$2:$K$200,MATCH($AB316,'Test catalog'!$A$2:$A$200,0))),"") | S316: =IFERROR(IF(INDEX('Test catalog'!$L$2:$L$200,MATCH($AB316,'Test catalog'!$A$2:$A$200,0))="","",INDEX('Test catalog'!$L$2:$L$200,MATCH($AB316,'Test catalog'!$A$2:$A$200,0))),"") | T316: =IFERROR(IF(INDEX('Test catalog'!$M$2:$M$200,MATCH($AB316,'Test catalog'!$A$2:$A$200,0))="","",INDEX('Test catalog'!$M$2:$M$200,MATCH($AB316,'Test catalog'!$A$2:$A$200,0))),"") | U316: =IFERROR(IF(INDEX('Test catalog'!$N$2:$N$200,MATCH($AB316,'Test catalog'!$A$2:$A$200,0))="","",INDEX('Test catalog'!$N$2:$N$200,MATCH($AB316,'Test catalog'!$A$2:$A$200,0))),"") | W316: N | AA316: =IFERROR(IF(INDEX('Test catalog'!$O$2:$O$200,MATCH($AB316,'Test catalog'!$A$2:$A$200,0))="","",INDEX('Test catalog'!$O$2:$O$200,MATCH($AB316,'Test catalog'!$A$2:$A$200,0))),"") | AB316: AVG_WT
A317: F43 | B317: FP | C317: Painlys | Ginger Dry Extract 5:1, Devil's Claw Dry Extract 6:1 (+1 more) | D317: Diameter (or length / width) | E317: =IF(A317="","",A317&"|"&D317) | F317: Y | G317: Tablet tester | H317: Low | I317: 1 | K317: =IFERROR(IF(INDEX('Test catalog'!$F$2:$F$200,MATCH($AB317,'Test catalog'!$A$2:$A$200,0))="","",INDEX('Test catalog'!$F$2:$F$200,MATCH($AB317,'Test catalog'!$A$2:$A$200,0))),"") | L317: =IFERROR(IF(INDEX('Test catalog'!$G$2:$G$200,MATCH($AB317,'Test catalog'!$A$2:$A$200,0))="","",INDEX('Test catalog'!$G$2:$G$200,MATCH($AB317,'Test catalog'!$A$2:$A$200,0))),"") | M317: =IFERROR(IF(INDEX('Test catalog'!$H$2:$H$200,MATCH($AB317,'Test catalog'!$A$2:$A$200,0))="","",INDEX('Test catalog'!$H$2:$H$200,MATCH($AB317,'Test catalog'!$A$2:$A$200,0))),"") | N317: =IFERROR(IF(INDEX('Test catalog'!$I$2:$I$200,MATCH($AB317,'Test catalog'!$A$2:$A$200,0))="","",INDEX('Test catalog'!$I$2:$I$200,MATCH($AB317,'Test catalog'!$A$2:$A$200,0))),"") | O317: =IFERROR(IF(INDEX('Test catalog'!$J$2:$J$200,MATCH($AB317,'Test catalog'!$A$2:$A$200,0))="","",INDEX('Test catalog'!$J$2:$J$200,MATCH($AB317,'Test catalog'!$A$2:$A$200,0))),"") | P317: =IF(N317="","",IF(OR(M317="",O317=""),N317,(M317+4*N317+O317)/6)) | Q317: =IFERROR(IF(INDEX('Test catalog'!$K$2:$K$200,MATCH($AB317,'Test catalog'!$A$2:$A$200,0))="","",INDEX('Test catalog'!$K$2:$K$200,MATCH($AB317,'Test catalog'!$A$2:$A$200,0))),"") | S317: =IFERROR(IF(INDEX('Test catalog'!$L$2:$L$200,MATCH($AB317,'Test catalog'!$A$2:$A$200,0))="","",INDEX('Test catalog'!$L$2:$L$200,MATCH($AB317,'Test catalog'!$A$2:$A$200,0))),"") | T317: =IFERROR(IF(INDEX('Test catalog'!$M$2:$M$200,MATCH($AB317,'Test catalog'!$A$2:$A$200,0))="","",INDEX('Test catalog'!$M$2:$M$200,MATCH($AB317,'Test catalog'!$A$2:$A$200,0))),"") | U317: =IFERROR(IF(INDEX('Test catalog'!$N$2:$N$200,MATCH($AB317,'Test catalog'!$A$2:$A$200,0))="","",INDEX('Test catalog'!$N$2:$N$200,MATCH($AB317,'Test catalog'!$A$2:$A$200,0))),"") | W317: N | AA317: =IFERROR(IF(INDEX('Test catalog'!$O$2:$O$200,MATCH($AB317,'Test catalog'!$A$2:$A$200,0))="","",INDEX('Test catalog'!$O$2:$O$200,MATCH($AB317,'Test catalog'!$A$2:$A$200,0))),"") | AB317: DIAM
A318: F43 | B318: FP | C318: Painlys | Ginger Dry Extract 5:1, Devil's Claw Dry Extract 6:1 (+1 more) | D318: Thickness | E318: =IF(A318="","",A318&"|"&D318) | F318: Y | G318: Tablet tester | H318: Low | I318: 1 | K318: =IFERROR(IF(INDEX('Test catalog'!$F$2:$F$200,MATCH($AB318,'Test catalog'!$A$2:$A$200,0))="","",INDEX('Test catalog'!$F$2:$F$200,MATCH($AB318,'Test catalog'!$A$2:$A$200,0))),"") | L318: =IFERROR(IF(INDEX('Test catalog'!$G$2:$G$200,MATCH($AB318,'Test catalog'!$A$2:$A$200,0))="","",INDEX('Test catalog'!$G$2:$G$200,MATCH($AB318,'Test catalog'!$A$2:$A$200,0))),"") | M318: =IFERROR(IF(INDEX('Test catalog'!$H$2:$H$200,MATCH($AB318,'Test catalog'!$A$2:$A$200,0))="","",INDEX('Test catalog'!$H$2:$H$200,MATCH($AB318,'Test catalog'!$A$2:$A$200,0))),"") | N318: =IFERROR(IF(INDEX('Test catalog'!$I$2:$I$200,MATCH($AB318,'Test catalog'!$A$2:$A$200,0))="","",INDEX('Test catalog'!$I$2:$I$200,MATCH($AB318,'Test catalog'!$A$2:$A$200,0))),"") | O318: =IFERROR(IF(INDEX('Test catalog'!$J$2:$J$200,MATCH($AB318,'Test catalog'!$A$2:$A$200,0))="","",INDEX('Test catalog'!$J$2:$J$200,MATCH($AB318,'Test catalog'!$A$2:$A$200,0))),"") | P318: =IF(N318="","",IF(OR(M318="",O318=""),N318,(M318+4*N318+O318)/6)) | Q318: =IFERROR(IF(INDEX('Test catalog'!$K$2:$K$200,MATCH($AB318,'Test catalog'!$A$2:$A$200,0))="","",INDEX('Test catalog'!$K$2:$K$200,MATCH($AB318,'Test catalog'!$A$2:$A$200,0))),"") | S318: =IFERROR(IF(INDEX('Test catalog'!$L$2:$L$200,MATCH($AB318,'Test catalog'!$A$2:$A$200,0))="","",INDEX('Test catalog'!$L$2:$L$200,MATCH($AB318,'Test catalog'!$A$2:$A$200,0))),"") | T318: =IFERROR(IF(INDEX('Test catalog'!$M$2:$M$200,MATCH($AB318,'Test catalog'!$A$2:$A$200,0))="","",INDEX('Test catalog'!$M$2:$M$200,MATCH($AB318,'Test catalog'!$A$2:$A$200,0))),"") | U318: =IFERROR(IF(INDEX('Test catalog'!$N$2:$N$200,MATCH($AB318,'Test catalog'!$A$2:$A$200,0))="","",INDEX('Test catalog'!$N$2:$N$200,MATCH($AB318,'Test catalog'!$A$2:$A$200,0))),"") | W318: N | AA318: =IFERROR(IF(INDEX('Test catalog'!$O$2:$O$200,MATCH($AB318,'Test catalog'!$A$2:$A$200,0))="","",INDEX('Test catalog'!$O$2:$O$200,MATCH($AB318,'Test catalog'!$A$2:$A$200,0))),"") | AB318: THICK
A319: F43 | B319: FP | C319: Painlys | Ginger Dry Extract 5:1, Devil's Claw Dry Extract 6:1 (+1 more) | D319: Hardness / breaking force | E319: =IF(A319="","",A319&"|"&D319) | F319: Y | G319: Tablet tester | H319: Low | I319: 1 | K319: =IFERROR(IF(INDEX('Test catalog'!$F$2:$F$200,MATCH($AB319,'Test catalog'!$A$2:$A$200,0))="","",INDEX('Test catalog'!$F$2:$F$200,MATCH($AB319,'Test catalog'!$A$2:$A$200,0))),"") | L319: =IFERROR(IF(INDEX('Test catalog'!$G$2:$G$200,MATCH($AB319,'Test catalog'!$A$2:$A$200,0))="","",INDEX('Test catalog'!$G$2:$G$200,MATCH($AB319,'Test catalog'!$A$2:$A$200,0))),"") | M319: =IFERROR(IF(INDEX('Test catalog'!$H$2:$H$200,MATCH($AB319,'Test catalog'!$A$2:$A$200,0))="","",INDEX('Test catalog'!$H$2:$H$200,MATCH($AB319,'Test catalog'!$A$2:$A$200,0))),"") | N319: =IFERROR(IF(INDEX('Test catalog'!$I$2:$I$200,MATCH($AB319,'Test catalog'!$A$2:$A$200,0))="","",INDEX('Test catalog'!$I$2:$I$200,MATCH($AB319,'Test catalog'!$A$2:$A$200,0))),"") | O319: =IFERROR(IF(INDEX('Test catalog'!$J$2:$J$200,MATCH($AB319,'Test catalog'!$A$2:$A$200,0))="","",INDEX('Test catalog'!$J$2:$J$200,MATCH($AB319,'Test catalog'!$A$2:$A$200,0))),"") | P319: =IF(N319="","",IF(OR(M319="",O319=""),N319,(M319+4*N319+O319)/6)) | Q319: =IFERROR(IF(INDEX('Test catalog'!$K$2:$K$200,MATCH($AB319,'Test catalog'!$A$2:$A$200,0))="","",INDEX('Test catalog'!$K$2:$K$200,MATCH($AB319,'Test catalog'!$A$2:$A$200,0))),"") | S319: =IFERROR(IF(INDEX('Test catalog'!$L$2:$L$200,MATCH($AB319,'Test catalog'!$A$2:$A$200,0))="","",INDEX('Test catalog'!$L$2:$L$200,MATCH($AB319,'Test catalog'!$A$2:$A$200,0))),"") | T319: =IFERROR(IF(INDEX('Test catalog'!$M$2:$M$200,MATCH($AB319,'Test catalog'!$A$2:$A$200,0))="","",INDEX('Test catalog'!$M$2:$M$200,MATCH($AB319,'Test catalog'!$A$2:$A$200,0))),"") | U319: =IFERROR(IF(INDEX('Test catalog'!$N$2:$N$200,MATCH($AB319,'Test catalog'!$A$2:$A$200,0))="","",INDEX('Test catalog'!$N$2:$N$200,MATCH($AB319,'Test catalog'!$A$2:$A$200,0))),"") | W319: Y | AA319: =IFERROR(IF(INDEX('Test catalog'!$O$2:$O$200,MATCH($AB319,'Test catalog'!$A$2:$A$200,0))="","",INDEX('Test catalog'!$O$2:$O$200,MATCH($AB319,'Test catalog'!$A$2:$A$200,0))),"") | AB319: HARD
A320: F43 | B320: FP | C320: Painlys | Ginger Dry Extract 5:1, Devil's Claw Dry Extract 6:1 (+1 more) | D320: Brittleness | E320: =IF(A320="","",A320&"|"&D320) | F320: Y | G320: Other / bench | H320: Low | I320: 1 | K320: =IFERROR(IF(INDEX('Test catalog'!$F$2:$F$200,MATCH($AB320,'Test catalog'!$A$2:$A$200,0))="","",INDEX('Test catalog'!$F$2:$F$200,MATCH($AB320,'Test catalog'!$A$2:$A$200,0))),"") | L320: =IFERROR(IF(INDEX('Test catalog'!$G$2:$G$200,MATCH($AB320,'Test catalog'!$A$2:$A$200,0))="","",INDEX('Test catalog'!$G$2:$G$200,MATCH($AB320,'Test catalog'!$A$2:$A$200,0))),"") | M320: =IFERROR(IF(INDEX('Test catalog'!$H$2:$H$200,MATCH($AB320,'Test catalog'!$A$2:$A$200,0))="","",INDEX('Test catalog'!$H$2:$H$200,MATCH($AB320,'Test catalog'!$A$2:$A$200,0))),"") | N320: =IFERROR(IF(INDEX('Test catalog'!$I$2:$I$200,MATCH($AB320,'Test catalog'!$A$2:$A$200,0))="","",INDEX('Test catalog'!$I$2:$I$200,MATCH($AB320,'Test catalog'!$A$2:$A$200,0))),"") | O320: =IFERROR(IF(INDEX('Test catalog'!$J$2:$J$200,MATCH($AB320,'Test catalog'!$A$2:$A$200,0))="","",INDEX('Test catalog'!$J$2:$J$200,MATCH($AB320,'Test catalog'!$A$2:$A$200,0))),"") | P320: =IF(N320="","",IF(OR(M320="",O320=""),N320,(M320+4*N320+O320)/6)) | Q320: =IFERROR(IF(INDEX('Test catalog'!$K$2:$K$200,MATCH($AB320,'Test catalog'!$A$2:$A$200,0))="","",INDEX('Test catalog'!$K$2:$K$200,MATCH($AB320,'Test catalog'!$A$2:$A$200,0))),"") | S320: =IFERROR(IF(INDEX('Test catalog'!$L$2:$L$200,MATCH($AB320,'Test catalog'!$A$2:$A$200,0))="","",INDEX('Test catalog'!$L$2:$L$200,MATCH($AB320,'Test catalog'!$A$2:$A$200,0))),"") | T320: =IFERROR(IF(INDEX('Test catalog'!$M$2:$M$200,MATCH($AB320,'Test catalog'!$A$2:$A$200,0))="","",INDEX('Test catalog'!$M$2:$M$200,MATCH($AB320,'Test catalog'!$A$2:$A$200,0))),"") | U320: =IFERROR(IF(INDEX('Test catalog'!$N$2:$N$200,MATCH($AB320,'Test catalog'!$A$2:$A$200,0))="","",INDEX('Test catalog'!$N$2:$N$200,MATCH($AB320,'Test catalog'!$A$2:$A$200,0))),"") | W320: N | AA320: =IFERROR(IF(INDEX('Test catalog'!$O$2:$O$200,MATCH($AB320,'Test catalog'!$A$2:$A$200,0))="","",INDEX('Test catalog'!$O$2:$O$200,MATCH($AB320,'Test catalog'!$A$2:$A$200,0))),"") | AB320: BRITTLE
A321: F43 | B321: FP | C321: Painlys | Ginger Dry Extract 5:1, Devil's Claw Dry Extract 6:1 (+1 more) | D321: Friability | E321: =IF(A321="","",A321&"|"&D321) | F321: Y | G321: Friabilator | H321: Low | I321: 1 | K321: =IFERROR(IF(INDEX('Test catalog'!$F$2:$F$200,MATCH($AB321,'Test catalog'!$A$2:$A$200,0))="","",INDEX('Test catalog'!$F$2:$F$200,MATCH($AB321,'Test catalog'!$A$2:$A$200,0))),"") | L321: =IFERROR(IF(INDEX('Test catalog'!$G$2:$G$200,MATCH($AB321,'Test catalog'!$A$2:$A$200,0))="","",INDEX('Test catalog'!$G$2:$G$200,MATCH($AB321,'Test catalog'!$A$2:$A$200,0))),"") | M321: =IFERROR(IF(INDEX('Test catalog'!$H$2:$H$200,MATCH($AB321,'Test catalog'!$A$2:$A$200,0))="","",INDEX('Test catalog'!$H$2:$H$200,MATCH($AB321,'Test catalog'!$A$2:$A$200,0))),"") | N321: =IFERROR(IF(INDEX('Test catalog'!$I$2:$I$200,MATCH($AB321,'Test catalog'!$A$2:$A$200,0))="","",INDEX('Test catalog'!$I$2:$I$200,MATCH($AB321,'Test catalog'!$A$2:$A$200,0))),"") | O321: =IFERROR(IF(INDEX('Test catalog'!$J$2:$J$200,MATCH($AB321,'Test catalog'!$A$2:$A$200,0))="","",INDEX('Test catalog'!$J$2:$J$200,MATCH($AB321,'Test catalog'!$A$2:$A$200,0))),"") | P321: =IF(N321="","",IF(OR(M321="",O321=""),N321,(M321+4*N321+O321)/6)) | Q321: =IFERROR(IF(INDEX('Test catalog'!$K$2:$K$200,MATCH($AB321,'Test catalog'!$A$2:$A$200,0))="","",INDEX('Test catalog'!$K$2:$K$200,MATCH($AB321,'Test catalog'!$A$2:$A$200,0))),"") | S321: =IFERROR(IF(INDEX('Test catalog'!$L$2:$L$200,MATCH($AB321,'Test catalog'!$A$2:$A$200,0))="","",INDEX('Test catalog'!$L$2:$L$200,MATCH($AB321,'Test catalog'!$A$2:$A$200,0))),"") | T321: =IFERROR(IF(INDEX('Test catalog'!$M$2:$M$200,MATCH($AB321,'Test catalog'!$A$2:$A$200,0))="","",INDEX('Test catalog'!$M$2:$M$200,MATCH($AB321,'Test catalog'!$A$2:$A$200,0))),"") | U321: =IFERROR(IF(INDEX('Test catalog'!$N$2:$N$200,MATCH($AB321,'Test catalog'!$A$2:$A$200,0))="","",INDEX('Test catalog'!$N$2:$N$200,MATCH($AB321,'Test catalog'!$A$2:$A$200,0))),"") | W321: N | AA321: =IFERROR(IF(INDEX('Test catalog'!$O$2:$O$200,MATCH($AB321,'Test catalog'!$A$2:$A$200,0))="","",INDEX('Test catalog'!$O$2:$O$200,MATCH($AB321,'Test catalog'!$A$2:$A$200,0))),"") | AB321: FRIAB
A322: F43 | B322: FP | C322: Painlys | Ginger Dry Extract 5:1, Devil's Claw Dry Extract 6:1 (+1 more) | D322: Disintegration | E322: =IF(A322="","",A322&"|"&D322) | F322: Y | G322: Disintegration tester | H322: Low | I322: 1 | K322: =IFERROR(IF(INDEX('Test catalog'!$F$2:$F$200,MATCH($AB322,'Test catalog'!$A$2:$A$200,0))="","",INDEX('Test catalog'!$F$2:$F$200,MATCH($AB322,'Test catalog'!$A$2:$A$200,0))),"") | L322: =IFERROR(IF(INDEX('Test catalog'!$G$2:$G$200,MATCH($AB322,'Test catalog'!$A$2:$A$200,0))="","",INDEX('Test catalog'!$G$2:$G$200,MATCH($AB322,'Test catalog'!$A$2:$A$200,0))),"") | M322: =IFERROR(IF(INDEX('Test catalog'!$H$2:$H$200,MATCH($AB322,'Test catalog'!$A$2:$A$200,0))="","",INDEX('Test catalog'!$H$2:$H$200,MATCH($AB322,'Test catalog'!$A$2:$A$200,0))),"") | N322: =IFERROR(IF(INDEX('Test catalog'!$I$2:$I$200,MATCH($AB322,'Test catalog'!$A$2:$A$200,0))="","",INDEX('Test catalog'!$I$2:$I$200,MATCH($AB322,'Test catalog'!$A$2:$A$200,0))),"") | O322: =IFERROR(IF(INDEX('Test catalog'!$J$2:$J$200,MATCH($AB322,'Test catalog'!$A$2:$A$200,0))="","",INDEX('Test catalog'!$J$2:$J$200,MATCH($AB322,'Test catalog'!$A$2:$A$200,0))),"") | P322: =IF(N322="","",IF(OR(M322="",O322=""),N322,(M322+4*N322+O322)/6)) | Q322: =IFERROR(IF(INDEX('Test catalog'!$K$2:$K$200,MATCH($AB322,'Test catalog'!$A$2:$A$200,0))="","",INDEX('Test catalog'!$K$2:$K$200,MATCH($AB322,'Test catalog'!$A$2:$A$200,0))),"") | S322: =IFERROR(IF(INDEX('Test catalog'!$L$2:$L$200,MATCH($AB322,'Test catalog'!$A$2:$A$200,0))="","",INDEX('Test catalog'!$L$2:$L$200,MATCH($AB322,'Test catalog'!$A$2:$A$200,0))),"") | T322: =IFERROR(IF(INDEX('Test catalog'!$M$2:$M$200,MATCH($AB322,'Test catalog'!$A$2:$A$200,0))="","",INDEX('Test catalog'!$M$2:$M$200,MATCH($AB322,'Test catalog'!$A$2:$A$200,0))),"") | U322: =IFERROR(IF(INDEX('Test catalog'!$N$2:$N$200,MATCH($AB322,'Test catalog'!$A$2:$A$200,0))="","",INDEX('Test catalog'!$N$2:$N$200,MATCH($AB322,'Test catalog'!$A$2:$A$200,0))),"") | W322: Y | AA322: =IFERROR(IF(INDEX('Test catalog'!$O$2:$O$200,MATCH($AB322,'Test catalog'!$A$2:$A$200,0))="","",INDEX('Test catalog'!$O$2:$O$200,MATCH($AB322,'Test catalog'!$A$2:$A$200,0))),"") | AB322: DISINT
A323: F43 | B323: FP | C323: Painlys | Ginger Dry Extract 5:1, Devil's Claw Dry Extract 6:1 (+1 more) | D323: In-process check at the machine (one check, all its tests) | E323: =IF(A323="","",A323&"|"&D323) | F323: Y | G323: Tablet tester | H323: Low | I323: 1 | K323: =IFERROR(IF(INDEX('Test catalog'!$F$2:$F$200,MATCH($AB323,'Test catalog'!$A$2:$A$200,0))="","",INDEX('Test catalog'!$F$2:$F$200,MATCH($AB323,'Test catalog'!$A$2:$A$200,0))),"") | L323: =IFERROR(IF(INDEX('Test catalog'!$G$2:$G$200,MATCH($AB323,'Test catalog'!$A$2:$A$200,0))="","",INDEX('Test catalog'!$G$2:$G$200,MATCH($AB323,'Test catalog'!$A$2:$A$200,0))),"") | M323: =IFERROR(IF(INDEX('Test catalog'!$H$2:$H$200,MATCH($AB323,'Test catalog'!$A$2:$A$200,0))="","",INDEX('Test catalog'!$H$2:$H$200,MATCH($AB323,'Test catalog'!$A$2:$A$200,0))),"") | N323: =IFERROR(IF(INDEX('Test catalog'!$I$2:$I$200,MATCH($AB323,'Test catalog'!$A$2:$A$200,0))="","",INDEX('Test catalog'!$I$2:$I$200,MATCH($AB323,'Test catalog'!$A$2:$A$200,0))),"") | O323: =IFERROR(IF(INDEX('Test catalog'!$J$2:$J$200,MATCH($AB323,'Test catalog'!$A$2:$A$200,0))="","",INDEX('Test catalog'!$J$2:$J$200,MATCH($AB323,'Test catalog'!$A$2:$A$200,0))),"") | P323: =IF(N323="","",IF(OR(M323="",O323=""),N323,(M323+4*N323+O323)/6)) | Q323: =IFERROR(IF(INDEX('Test catalog'!$K$2:$K$200,MATCH($AB323,'Test catalog'!$A$2:$A$200,0))="","",INDEX('Test catalog'!$K$2:$K$200,MATCH($AB323,'Test catalog'!$A$2:$A$200,0))),"") | S323: =IFERROR(IF(INDEX('Test catalog'!$L$2:$L$200,MATCH($AB323,'Test catalog'!$A$2:$A$200,0))="","",INDEX('Test catalog'!$L$2:$L$200,MATCH($AB323,'Test catalog'!$A$2:$A$200,0))),"") | T323: =IFERROR(IF(INDEX('Test catalog'!$M$2:$M$200,MATCH($AB323,'Test catalog'!$A$2:$A$200,0))="","",INDEX('Test catalog'!$M$2:$M$200,MATCH($AB323,'Test catalog'!$A$2:$A$200,0))),"") | U323: =IFERROR(IF(INDEX('Test catalog'!$N$2:$N$200,MATCH($AB323,'Test catalog'!$A$2:$A$200,0))="","",INDEX('Test catalog'!$N$2:$N$200,MATCH($AB323,'Test catalog'!$A$2:$A$200,0))),"") | W323: N | AA323: =IFERROR(IF(INDEX('Test catalog'!$O$2:$O$200,MATCH($AB323,'Test catalog'!$A$2:$A$200,0))="","",INDEX('Test catalog'!$O$2:$O$200,MATCH($AB323,'Test catalog'!$A$2:$A$200,0))),"") | AB323: IPC
A324: F44 | B324: FP | C324: Feroral Premium | Ferrous Bisglycinate, Folic Acid (Vitamin B9) (+2 more) | D324: Average weight / uniformity of mass | E324: =IF(A324="","",A324&"|"&D324) | F324: Y | G324: Balance | H324: Low | I324: 1 | K324: =IFERROR(IF(INDEX('Test catalog'!$F$2:$F$200,MATCH($AB324,'Test catalog'!$A$2:$A$200,0))="","",INDEX('Test catalog'!$F$2:$F$200,MATCH($AB324,'Test catalog'!$A$2:$A$200,0))),"") | L324: =IFERROR(IF(INDEX('Test catalog'!$G$2:$G$200,MATCH($AB324,'Test catalog'!$A$2:$A$200,0))="","",INDEX('Test catalog'!$G$2:$G$200,MATCH($AB324,'Test catalog'!$A$2:$A$200,0))),"") | M324: =IFERROR(IF(INDEX('Test catalog'!$H$2:$H$200,MATCH($AB324,'Test catalog'!$A$2:$A$200,0))="","",INDEX('Test catalog'!$H$2:$H$200,MATCH($AB324,'Test catalog'!$A$2:$A$200,0))),"") | N324: =IFERROR(IF(INDEX('Test catalog'!$I$2:$I$200,MATCH($AB324,'Test catalog'!$A$2:$A$200,0))="","",INDEX('Test catalog'!$I$2:$I$200,MATCH($AB324,'Test catalog'!$A$2:$A$200,0))),"") | O324: =IFERROR(IF(INDEX('Test catalog'!$J$2:$J$200,MATCH($AB324,'Test catalog'!$A$2:$A$200,0))="","",INDEX('Test catalog'!$J$2:$J$200,MATCH($AB324,'Test catalog'!$A$2:$A$200,0))),"") | P324: =IF(N324="","",IF(OR(M324="",O324=""),N324,(M324+4*N324+O324)/6)) | Q324: =IFERROR(IF(INDEX('Test catalog'!$K$2:$K$200,MATCH($AB324,'Test catalog'!$A$2:$A$200,0))="","",INDEX('Test catalog'!$K$2:$K$200,MATCH($AB324,'Test catalog'!$A$2:$A$200,0))),"") | S324: =IFERROR(IF(INDEX('Test catalog'!$L$2:$L$200,MATCH($AB324,'Test catalog'!$A$2:$A$200,0))="","",INDEX('Test catalog'!$L$2:$L$200,MATCH($AB324,'Test catalog'!$A$2:$A$200,0))),"") | T324: =IFERROR(IF(INDEX('Test catalog'!$M$2:$M$200,MATCH($AB324,'Test catalog'!$A$2:$A$200,0))="","",INDEX('Test catalog'!$M$2:$M$200,MATCH($AB324,'Test catalog'!$A$2:$A$200,0))),"") | U324: =IFERROR(IF(INDEX('Test catalog'!$N$2:$N$200,MATCH($AB324,'Test catalog'!$A$2:$A$200,0))="","",INDEX('Test catalog'!$N$2:$N$200,MATCH($AB324,'Test catalog'!$A$2:$A$200,0))),"") | W324: N | AA324: =IFERROR(IF(INDEX('Test catalog'!$O$2:$O$200,MATCH($AB324,'Test catalog'!$A$2:$A$200,0))="","",INDEX('Test catalog'!$O$2:$O$200,MATCH($AB324,'Test catalog'!$A$2:$A$200,0))),"") | AB324: AVG_WT
A325: F44 | B325: FP | C325: Feroral Premium | Ferrous Bisglycinate, Folic Acid (Vitamin B9) (+2 more) | D325: Diameter (or length / width) | E325: =IF(A325="","",A325&"|"&D325) | F325: Y | G325: Tablet tester | H325: Low | I325: 1 | K325: =IFERROR(IF(INDEX('Test catalog'!$F$2:$F$200,MATCH($AB325,'Test catalog'!$A$2:$A$200,0))="","",INDEX('Test catalog'!$F$2:$F$200,MATCH($AB325,'Test catalog'!$A$2:$A$200,0))),"") | L325: =IFERROR(IF(INDEX('Test catalog'!$G$2:$G$200,MATCH($AB325,'Test catalog'!$A$2:$A$200,0))="","",INDEX('Test catalog'!$G$2:$G$200,MATCH($AB325,'Test catalog'!$A$2:$A$200,0))),"") | M325: =IFERROR(IF(INDEX('Test catalog'!$H$2:$H$200,MATCH($AB325,'Test catalog'!$A$2:$A$200,0))="","",INDEX('Test catalog'!$H$2:$H$200,MATCH($AB325,'Test catalog'!$A$2:$A$200,0))),"") | N325: =IFERROR(IF(INDEX('Test catalog'!$I$2:$I$200,MATCH($AB325,'Test catalog'!$A$2:$A$200,0))="","",INDEX('Test catalog'!$I$2:$I$200,MATCH($AB325,'Test catalog'!$A$2:$A$200,0))),"") | O325: =IFERROR(IF(INDEX('Test catalog'!$J$2:$J$200,MATCH($AB325,'Test catalog'!$A$2:$A$200,0))="","",INDEX('Test catalog'!$J$2:$J$200,MATCH($AB325,'Test catalog'!$A$2:$A$200,0))),"") | P325: =IF(N325="","",IF(OR(M325="",O325=""),N325,(M325+4*N325+O325)/6)) | Q325: =IFERROR(IF(INDEX('Test catalog'!$K$2:$K$200,MATCH($AB325,'Test catalog'!$A$2:$A$200,0))="","",INDEX('Test catalog'!$K$2:$K$200,MATCH($AB325,'Test catalog'!$A$2:$A$200,0))),"") | S325: =IFERROR(IF(INDEX('Test catalog'!$L$2:$L$200,MATCH($AB325,'Test catalog'!$A$2:$A$200,0))="","",INDEX('Test catalog'!$L$2:$L$200,MATCH($AB325,'Test catalog'!$A$2:$A$200,0))),"") | T325: =IFERROR(IF(INDEX('Test catalog'!$M$2:$M$200,MATCH($AB325,'Test catalog'!$A$2:$A$200,0))="","",INDEX('Test catalog'!$M$2:$M$200,MATCH($AB325,'Test catalog'!$A$2:$A$200,0))),"") | U325: =IFERROR(IF(INDEX('Test catalog'!$N$2:$N$200,MATCH($AB325,'Test catalog'!$A$2:$A$200,0))="","",INDEX('Test catalog'!$N$2:$N$200,MATCH($AB325,'Test catalog'!$A$2:$A$200,0))),"") | W325: N | AA325: =IFERROR(IF(INDEX('Test catalog'!$O$2:$O$200,MATCH($AB325,'Test catalog'!$A$2:$A$200,0))="","",INDEX('Test catalog'!$O$2:$O$200,MATCH($AB325,'Test catalog'!$A$2:$A$200,0))),"") | AB325: DIAM
A326: F44 | B326: FP | C326: Feroral Premium | Ferrous Bisglycinate, Folic Acid (Vitamin B9) (+2 more) | D326: Thickness | E326: =IF(A326="","",A326&"|"&D326) | F326: Y | G326: Tablet tester | H326: Low | I326: 1 | K326: =IFERROR(IF(INDEX('Test catalog'!$F$2:$F$200,MATCH($AB326,'Test catalog'!$A$2:$A$200,0))="","",INDEX('Test catalog'!$F$2:$F$200,MATCH($AB326,'Test catalog'!$A$2:$A$200,0))),"") | L326: =IFERROR(IF(INDEX('Test catalog'!$G$2:$G$200,MATCH($AB326,'Test catalog'!$A$2:$A$200,0))="","",INDEX('Test catalog'!$G$2:$G$200,MATCH($AB326,'Test catalog'!$A$2:$A$200,0))),"") | M326: =IFERROR(IF(INDEX('Test catalog'!$H$2:$H$200,MATCH($AB326,'Test catalog'!$A$2:$A$200,0))="","",INDEX('Test catalog'!$H$2:$H$200,MATCH($AB326,'Test catalog'!$A$2:$A$200,0))),"") | N326: =IFERROR(IF(INDEX('Test catalog'!$I$2:$I$200,MATCH($AB326,'Test catalog'!$A$2:$A$200,0))="","",INDEX('Test catalog'!$I$2:$I$200,MATCH($AB326,'Test catalog'!$A$2:$A$200,0))),"") | O326: =IFERROR(IF(INDEX('Test catalog'!$J$2:$J$200,MATCH($AB326,'Test catalog'!$A$2:$A$200,0))="","",INDEX('Test catalog'!$J$2:$J$200,MATCH($AB326,'Test catalog'!$A$2:$A$200,0))),"") | P326: =IF(N326="","",IF(OR(M326="",O326=""),N326,(M326+4*N326+O326)/6)) | Q326: =IFERROR(IF(INDEX('Test catalog'!$K$2:$K$200,MATCH($AB326,'Test catalog'!$A$2:$A$200,0))="","",INDEX('Test catalog'!$K$2:$K$200,MATCH($AB326,'Test catalog'!$A$2:$A$200,0))),"") | S326: =IFERROR(IF(INDEX('Test catalog'!$L$2:$L$200,MATCH($AB326,'Test catalog'!$A$2:$A$200,0))="","",INDEX('Test catalog'!$L$2:$L$200,MATCH($AB326,'Test catalog'!$A$2:$A$200,0))),"") | T326: =IFERROR(IF(INDEX('Test catalog'!$M$2:$M$200,MATCH($AB326,'Test catalog'!$A$2:$A$200,0))="","",INDEX('Test catalog'!$M$2:$M$200,MATCH($AB326,'Test catalog'!$A$2:$A$200,0))),"") | U326: =IFERROR(IF(INDEX('Test catalog'!$N$2:$N$200,MATCH($AB326,'Test catalog'!$A$2:$A$200,0))="","",INDEX('Test catalog'!$N$2:$N$200,MATCH($AB326,'Test catalog'!$A$2:$A$200,0))),"") | W326: N | AA326: =IFERROR(IF(INDEX('Test catalog'!$O$2:$O$200,MATCH($AB326,'Test catalog'!$A$2:$A$200,0))="","",INDEX('Test catalog'!$O$2:$O$200,MATCH($AB326,'Test catalog'!$A$2:$A$200,0))),"") | AB326: THICK
A327: F44 | B327: FP | C327: Feroral Premium | Ferrous Bisglycinate, Folic Acid (Vitamin B9) (+2 more) | D327: Hardness / breaking force | E327: =IF(A327="","",A327&"|"&D327) | F327: Y | G327: Tablet tester | H327: Low | I327: 1 | K327: =IFERROR(IF(INDEX('Test catalog'!$F$2:$F$200,MATCH($AB327,'Test catalog'!$A$2:$A$200,0))="","",INDEX('Test catalog'!$F$2:$F$200,MATCH($AB327,'Test catalog'!$A$2:$A$200,0))),"") | L327: =IFERROR(IF(INDEX('Test catalog'!$G$2:$G$200,MATCH($AB327,'Test catalog'!$A$2:$A$200,0))="","",INDEX('Test catalog'!$G$2:$G$200,MATCH($AB327,'Test catalog'!$A$2:$A$200,0))),"") | M327: =IFERROR(IF(INDEX('Test catalog'!$H$2:$H$200,MATCH($AB327,'Test catalog'!$A$2:$A$200,0))="","",INDEX('Test catalog'!$H$2:$H$200,MATCH($AB327,'Test catalog'!$A$2:$A$200,0))),"") | N327: =IFERROR(IF(INDEX('Test catalog'!$I$2:$I$200,MATCH($AB327,'Test catalog'!$A$2:$A$200,0))="","",INDEX('Test catalog'!$I$2:$I$200,MATCH($AB327,'Test catalog'!$A$2:$A$200,0))),"") | O327: =IFERROR(IF(INDEX('Test catalog'!$J$2:$J$200,MATCH($AB327,'Test catalog'!$A$2:$A$200,0))="","",INDEX('Test catalog'!$J$2:$J$200,MATCH($AB327,'Test catalog'!$A$2:$A$200,0))),"") | P327: =IF(N327="","",IF(OR(M327="",O327=""),N327,(M327+4*N327+O327)/6)) | Q327: =IFERROR(IF(INDEX('Test catalog'!$K$2:$K$200,MATCH($AB327,'Test catalog'!$A$2:$A$200,0))="","",INDEX('Test catalog'!$K$2:$K$200,MATCH($AB327,'Test catalog'!$A$2:$A$200,0))),"") | S327: =IFERROR(IF(INDEX('Test catalog'!$L$2:$L$200,MATCH($AB327,'Test catalog'!$A$2:$A$200,0))="","",INDEX('Test catalog'!$L$2:$L$200,MATCH($AB327,'Test catalog'!$A$2:$A$200,0))),"") | T327: =IFERROR(IF(INDEX('Test catalog'!$M$2:$M$200,MATCH($AB327,'Test catalog'!$A$2:$A$200,0))="","",INDEX('Test catalog'!$M$2:$M$200,MATCH($AB327,'Test catalog'!$A$2:$A$200,0))),"") | U327: =IFERROR(IF(INDEX('Test catalog'!$N$2:$N$200,MATCH($AB327,'Test catalog'!$A$2:$A$200,0))="","",INDEX('Test catalog'!$N$2:$N$200,MATCH($AB327,'Test catalog'!$A$2:$A$200,0))),"") | W327: Y | AA327: =IFERROR(IF(INDEX('Test catalog'!$O$2:$O$200,MATCH($AB327,'Test catalog'!$A$2:$A$200,0))="","",INDEX('Test catalog'!$O$2:$O$200,MATCH($AB327,'Test catalog'!$A$2:$A$200,0))),"") | AB327: HARD
... A446: F59 | B446: FP | C446: X-Ade (Blister 15 pcs); X-Ade (Bottle 30 pcs) | Zinc Gluconate, Magnesium Oxide Heavy (+8 more) | D446: In-process check at the machine (one check, all its tests) | E446: =IF(A446="","",A446&"|"&D446) | F446: Y | G446: Tablet tester | H446: Low | I446: 1 | K446: =IFERROR(IF(INDEX('Test catalog'!$F$2:$F$200,MATCH($AB446,'Test catalog'!$A$2:$A$200,0))="","",INDEX('Test catalog'!$F$2:$F$200,MATCH($AB446,'Test catalog'!$A$2:$A$200,0))),"") | L446: =IFERROR(IF(INDEX('Test catalog'!$G$2:$G$200,MATCH($AB446,'Test catalog'!$A$2:$A$200,0))="","",INDEX('Test catalog'!$G$2:$G$200,MATCH($AB446,'Test catalog'!$A$2:$A$200,0))),"") | M446: =IFERROR(IF(INDEX('Test catalog'!$H$2:$H$200,MATCH($AB446,'Test catalog'!$A$2:$A$200,0))="","",INDEX('Test catalog'!$H$2:$H$200,MATCH($AB446,'Test catalog'!$A$2:$A$200,0))),"") | N446: =IFERROR(IF(INDEX('Test catalog'!$I$2:$I$200,MATCH($AB446,'Test catalog'!$A$2:$A$200,0))="","",INDEX('Test catalog'!$I$2:$I$200,MATCH($AB446,'Test catalog'!$A$2:$A$200,0))),"") | O446: =IFERROR(IF(INDEX('Test catalog'!$J$2:$J$200,MATCH($AB446,'Test catalog'!$A$2:$A$200,0))="","",INDEX('Test catalog'!$J$2:$J$200,MATCH($AB446,'Test catalog'!$A$2:$A$200,0))),"") | P446: =IF(N446="","",IF(OR(M446="",O446=""),N446,(M446+4*N446+O446)/6)) | Q446: =IFERROR(IF(INDEX('Test catalog'!$K$2:$K$200,MATCH($AB446,'Test catalog'!$A$2:$A$200,0))="","",INDEX('Test catalog'!$K$2:$K$200,MATCH($AB446,'Test catalog'!$A$2:$A$200,0))),"") | S446: =IFERROR(IF(INDEX('Test catalog'!$L$2:$L$200,MATCH($AB446,'Test catalog'!$A$2:$A$200,0))="","",INDEX('Test catalog'!$L$2:$L$200,MATCH($AB446,'Test catalog'!$A$2:$A$200,0))),"") | T446: =IFERROR(IF(INDEX('Test catalog'!$M$2:$M$200,MATCH($AB446,'Test catalog'!$A$2:$A$200,0))="","",INDEX('Test catalog'!$M$2:$M$200,MATCH($AB446,'Test catalog'!$A$2:$A$200,0))),"") | U446: =IFERROR(IF(INDEX('Test catalog'!$N$2:$N$200,MATCH($AB446,'Test catalog'!$A$2:$A$200,0))="","",INDEX('Test catalog'!$N$2:$N$200,MATCH($AB446,'Test catalog'!$A$2:$A$200,0))),"") | W446: N | AA446: =IFERROR(IF(INDEX('Test catalog'!$O$2:$O$200,MATCH($AB446,'Test catalog'!$A$2:$A$200,0))="","",INDEX('Test catalog'!$O$2:$O$200,MATCH($AB446,'Test catalog'!$A$2:$A$200,0))),"") | AB446: IPC
A447: F60 | B447: FP | C447: Energe-X | actives TBD: Energe-X | D447: Average weight / uniformity of mass | E447: =IF(A447="","",A447&"|"&D447) | F447: Y | G447: Balance | H447: Low | I447: 1 | K447: =IFERROR(IF(INDEX('Test catalog'!$F$2:$F$200,MATCH($AB447,'Test catalog'!$A$2:$A$200,0))="","",INDEX('Test catalog'!$F$2:$F$200,MATCH($AB447,'Test catalog'!$A$2:$A$200,0))),"") | L447: =IFERROR(IF(INDEX('Test catalog'!$G$2:$G$200,MATCH($AB447,'Test catalog'!$A$2:$A$200,0))="","",INDEX('Test catalog'!$G$2:$G$200,MATCH($AB447,'Test catalog'!$A$2:$A$200,0))),"") | M447: =IFERROR(IF(INDEX('Test catalog'!$H$2:$H$200,MATCH($AB447,'Test catalog'!$A$2:$A$200,0))="","",INDEX('Test catalog'!$H$2:$H$200,MATCH($AB447,'Test catalog'!$A$2:$A$200,0))),"") | N447: =IFERROR(IF(INDEX('Test catalog'!$I$2:$I$200,MATCH($AB447,'Test catalog'!$A$2:$A$200,0))="","",INDEX('Test catalog'!$I$2:$I$200,MATCH($AB447,'Test catalog'!$A$2:$A$200,0))),"") | O447: =IFERROR(IF(INDEX('Test catalog'!$J$2:$J$200,MATCH($AB447,'Test catalog'!$A$2:$A$200,0))="","",INDEX('Test catalog'!$J$2:$J$200,MATCH($AB447,'Test catalog'!$A$2:$A$200,0))),"") | P447: =IF(N447="","",IF(OR(M447="",O447=""),N447,(M447+4*N447+O447)/6)) | Q447: =IFERROR(IF(INDEX('Test catalog'!$K$2:$K$200,MATCH($AB447,'Test catalog'!$A$2:$A$200,0))="","",INDEX('Test catalog'!$K$2:$K$200,MATCH($AB447,'Test catalog'!$A$2:$A$200,0))),"") | S447: =IFERROR(IF(INDEX('Test catalog'!$L$2:$L$200,MATCH($AB447,'Test catalog'!$A$2:$A$200,0))="","",INDEX('Test catalog'!$L$2:$L$200,MATCH($AB447,'Test catalog'!$A$2:$A$200,0))),"") | T447: =IFERROR(IF(INDEX('Test catalog'!$M$2:$M$200,MATCH($AB447,'Test catalog'!$A$2:$A$200,0))="","",INDEX('Test catalog'!$M$2:$M$200,MATCH($AB447,'Test catalog'!$A$2:$A$200,0))),"") | U447: =IFERROR(IF(INDEX('Test catalog'!$N$2:$N$200,MATCH($AB447,'Test catalog'!$A$2:$A$200,0))="","",INDEX('Test catalog'!$N$2:$N$200,MATCH($AB447,'Test catalog'!$A$2:$A$200,0))),"") | W447: N | Z447: Actives not on record – confirm tests | AA447: =IFERROR(IF(INDEX('Test catalog'!$O$2:$O$200,MATCH($AB447,'Test catalog'!$A$2:$A$200,0))="","",INDEX('Test catalog'!$O$2:$O$200,MATCH($AB447,'Test catalog'!$A$2:$A$200,0))),"") | AB447: AVG_WT
A448: F60 | B448: FP | C448: Energe-X | actives TBD: Energe-X | D448: Diameter (or length / width) | E448: =IF(A448="","",A448&"|"&D448) | F448: Y | G448: Tablet tester | H448: Low | I448: 1 | K448: =IFERROR(IF(INDEX('Test catalog'!$F$2:$F$200,MATCH($AB448,'Test catalog'!$A$2:$A$200,0))="","",INDEX('Test catalog'!$F$2:$F$200,MATCH($AB448,'Test catalog'!$A$2:$A$200,0))),"") | L448: =IFERROR(IF(INDEX('Test catalog'!$G$2:$G$200,MATCH($AB448,'Test catalog'!$A$2:$A$200,0))="","",INDEX('Test catalog'!$G$2:$G$200,MATCH($AB448,'Test catalog'!$A$2:$A$200,0))),"") | M448: =IFERROR(IF(INDEX('Test catalog'!$H$2:$H$200,MATCH($AB448,'Test catalog'!$A$2:$A$200,0))="","",INDEX('Test catalog'!$H$2:$H$200,MATCH($AB448,'Test catalog'!$A$2:$A$200,0))),"") | N448: =IFERROR(IF(INDEX('Test catalog'!$I$2:$I$200,MATCH($AB448,'Test catalog'!$A$2:$A$200,0))="","",INDEX('Test catalog'!$I$2:$I$200,MATCH($AB448,'Test catalog'!$A$2:$A$200,0))),"") | O448: =IFERROR(IF(INDEX('Test catalog'!$J$2:$J$200,MATCH($AB448,'Test catalog'!$A$2:$A$200,0))="","",INDEX('Test catalog'!$J$2:$J$200,MATCH($AB448,'Test catalog'!$A$2:$A$200,0))),"") | P448: =IF(N448="","",IF(OR(M448="",O448=""),N448,(M448+4*N448+O448)/6)) | Q448: =IFERROR(IF(INDEX('Test catalog'!$K$2:$K$200,MATCH($AB448,'Test catalog'!$A$2:$A$200,0))="","",INDEX('Test catalog'!$K$2:$K$200,MATCH($AB448,'Test catalog'!$A$2:$A$200,0))),"") | S448: =IFERROR(IF(INDEX('Test catalog'!$L$2:$L$200,MATCH($AB448,'Test catalog'!$A$2:$A$200,0))="","",INDEX('Test catalog'!$L$2:$L$200,MATCH($AB448,'Test catalog'!$A$2:$A$200,0))),"") | T448: =IFERROR(IF(INDEX('Test catalog'!$M$2:$M$200,MATCH($AB448,'Test catalog'!$A$2:$A$200,0))="","",INDEX('Test catalog'!$M$2:$M$200,MATCH($AB448,'Test catalog'!$A$2:$A$200,0))),"") | U448: =IFERROR(IF(INDEX('Test catalog'!$N$2:$N$200,MATCH($AB448,'Test catalog'!$A$2:$A$200,0))="","",INDEX('Test catalog'!$N$2:$N$200,MATCH($AB448,'Test catalog'!$A$2:$A$200,0))),"") | W448: N | Z448: Actives not on record – confirm tests | AA448: =IFERROR(IF(INDEX('Test catalog'!$O$2:$O$200,MATCH($AB448,'Test catalog'!$A$2:$A$200,0))="","",INDEX('Test catalog'!$O$2:$O$200,MATCH($AB448,'Test catalog'!$A$2:$A$200,0))),"") | AB448: DIAM
A449: F60 | B449: FP | C449: Energe-X | actives TBD: Energe-X | D449: Thickness | E449: =IF(A449="","",A449&"|"&D449) | F449: Y | G449: Tablet tester | H449: Low | I449: 1 | K449: =IFERROR(IF(INDEX('Test catalog'!$F$2:$F$200,MATCH($AB449,'Test catalog'!$A$2:$A$200,0))="","",INDEX('Test catalog'!$F$2:$F$200,MATCH($AB449,'Test catalog'!$A$2:$A$200,0))),"") | L449: =IFERROR(IF(INDEX('Test catalog'!$G$2:$G$200,MATCH($AB449,'Test catalog'!$A$2:$A$200,0))="","",INDEX('Test catalog'!$G$2:$G$200,MATCH($AB449,'Test catalog'!$A$2:$A$200,0))),"") | M449: =IFERROR(IF(INDEX('Test catalog'!$H$2:$H$200,MATCH($AB449,'Test catalog'!$A$2:$A$200,0))="","",INDEX('Test catalog'!$H$2:$H$200,MATCH($AB449,'Test catalog'!$A$2:$A$200,0))),"") | N449: =IFERROR(IF(INDEX('Test catalog'!$I$2:$I$200,MATCH($AB449,'Test catalog'!$A$2:$A$200,0))="","",INDEX('Test catalog'!$I$2:$I$200,MATCH($AB449,'Test catalog'!$A$2:$A$200,0))),"") | O449: =IFERROR(IF(INDEX('Test catalog'!$J$2:$J$200,MATCH($AB449,'Test catalog'!$A$2:$A$200,0))="","",INDEX('Test catalog'!$J$2:$J$200,MATCH($AB449,'Test catalog'!$A$2:$A$200,0))),"") | P449: =IF(N449="","",IF(OR(M449="",O449=""),N449,(M449+4*N449+O449)/6)) | Q449: =IFERROR(IF(INDEX('Test catalog'!$K$2:$K$200,MATCH($AB449,'Test catalog'!$A$2:$A$200,0))="","",INDEX('Test catalog'!$K$2:$K$200,MATCH($AB449,'Test catalog'!$A$2:$A$200,0))),"") | S449: =IFERROR(IF(INDEX('Test catalog'!$L$2:$L$200,MATCH($AB449,'Test catalog'!$A$2:$A$200,0))="","",INDEX('Test catalog'!$L$2:$L$200,MATCH($AB449,'Test catalog'!$A$2:$A$200,0))),"") | T449: =IFERROR(IF(INDEX('Test catalog'!$M$2:$M$200,MATCH($AB449,'Test catalog'!$A$2:$A$200,0))="","",INDEX('Test catalog'!$M$2:$M$200,MATCH($AB449,'Test catalog'!$A$2:$A$200,0))),"") | U449: =IFERROR(IF(INDEX('Test catalog'!$N$2:$N$200,MATCH($AB449,'Test catalog'!$A$2:$A$200,0))="","",INDEX('Test catalog'!$N$2:$N$200,MATCH($AB449,'Test catalog'!$A$2:$A$200,0))),"") | W449: N | Z449: Actives not on record – confirm tests | AA449: =IFERROR(IF(INDEX('Test catalog'!$O$2:$O$200,MATCH($AB449,'Test catalog'!$A$2:$A$200,0))="","",INDEX('Test catalog'!$O$2:$O$200,MATCH($AB449,'Test catalog'!$A$2:$A$200,0))),"") | AB449: THICK
A450: F60 | B450: FP | C450: Energe-X | actives TBD: Energe-X | D450: Hardness / breaking force | E450: =IF(A450="","",A450&"|"&D450) | F450: Y | G450: Tablet tester | H450: Low | I450: 1 | K450: =IFERROR(IF(INDEX('Test catalog'!$F$2:$F$200,MATCH($AB450,'Test catalog'!$A$2:$A$200,0))="","",INDEX('Test catalog'!$F$2:$F$200,MATCH($AB450,'Test catalog'!$A$2:$A$200,0))),"") | L450: =IFERROR(IF(INDEX('Test catalog'!$G$2:$G$200,MATCH($AB450,'Test catalog'!$A$2:$A$200,0))="","",INDEX('Test catalog'!$G$2:$G$200,MATCH($AB450,'Test catalog'!$A$2:$A$200,0))),"") | M450: =IFERROR(IF(INDEX('Test catalog'!$H$2:$H$200,MATCH($AB450,'Test catalog'!$A$2:$A$200,0))="","",INDEX('Test catalog'!$H$2:$H$200,MATCH($AB450,'Test catalog'!$A$2:$A$200,0))),"") | N450: =IFERROR(IF(INDEX('Test catalog'!$I$2:$I$200,MATCH($AB450,'Test catalog'!$A$2:$A$200,0))="","",INDEX('Test catalog'!$I$2:$I$200,MATCH($AB450,'Test catalog'!$A$2:$A$200,0))),"") | O450: =IFERROR(IF(INDEX('Test catalog'!$J$2:$J$200,MATCH($AB450,'Test catalog'!$A$2:$A$200,0))="","",INDEX('Test catalog'!$J$2:$J$200,MATCH($AB450,'Test catalog'!$A$2:$A$200,0))),"") | P450: =IF(N450="","",IF(OR(M450="",O450=""),N450,(M450+4*N450+O450)/6)) | Q450: =IFERROR(IF(INDEX('Test catalog'!$K$2:$K$200,MATCH($AB450,'Test catalog'!$A$2:$A$200,0))="","",INDEX('Test catalog'!$K$2:$K$200,MATCH($AB450,'Test catalog'!$A$2:$A$200,0))),"") | S450: =IFERROR(IF(INDEX('Test catalog'!$L$2:$L$200,MATCH($AB450,'Test catalog'!$A$2:$A$200,0))="","",INDEX('Test catalog'!$L$2:$L$200,MATCH($AB450,'Test catalog'!$A$2:$A$200,0))),"") | T450: =IFERROR(IF(INDEX('Test catalog'!$M$2:$M$200,MATCH($AB450,'Test catalog'!$A$2:$A$200,0))="","",INDEX('Test catalog'!$M$2:$M$200,MATCH($AB450,'Test catalog'!$A$2:$A$200,0))),"") | U450: =IFERROR(IF(INDEX('Test catalog'!$N$2:$N$200,MATCH($AB450,'Test catalog'!$A$2:$A$200,0))="","",INDEX('Test catalog'!$N$2:$N$200,MATCH($AB450,'Test catalog'!$A$2:$A$200,0))),"") | W450: Y | Z450: Actives not on record – confirm tests | AA450: =IFERROR(IF(INDEX('Test catalog'!$O$2:$O$200,MATCH($AB450,'Test catalog'!$A$2:$A$200,0))="","",INDEX('Test catalog'!$O$2:$O$200,MATCH($AB450,'Test catalog'!$A$2:$A$200,0))),"") | AB450: HARD
A451: F60 | B451: FP | C451: Energe-X | actives TBD: Energe-X | D451: Brittleness | E451: =IF(A451="","",A451&"|"&D451) | F451: Y | G451: Other / bench | H451: Low | I451: 1 | K451: =IFERROR(IF(INDEX('Test catalog'!$F$2:$F$200,MATCH($AB451,'Test catalog'!$A$2:$A$200,0))="","",INDEX('Test catalog'!$F$2:$F$200,MATCH($AB451,'Test catalog'!$A$2:$A$200,0))),"") | L451: =IFERROR(IF(INDEX('Test catalog'!$G$2:$G$200,MATCH($AB451,'Test catalog'!$A$2:$A$200,0))="","",INDEX('Test catalog'!$G$2:$G$200,MATCH($AB451,'Test catalog'!$A$2:$A$200,0))),"") | M451: =IFERROR(IF(INDEX('Test catalog'!$H$2:$H$200,MATCH($AB451,'Test catalog'!$A$2:$A$200,0))="","",INDEX('Test catalog'!$H$2:$H$200,MATCH($AB451,'Test catalog'!$A$2:$A$200,0))),"") | N451: =IFERROR(IF(INDEX('Test catalog'!$I$2:$I$200,MATCH($AB451,'Test catalog'!$A$2:$A$200,0))="","",INDEX('Test catalog'!$I$2:$I$200,MATCH($AB451,'Test catalog'!$A$2:$A$200,0))),"") | O451: =IFERROR(IF(INDEX('Test catalog'!$J$2:$J$200,MATCH($AB451,'Test catalog'!$A$2:$A$200,0))="","",INDEX('Test catalog'!$J$2:$J$200,MATCH($AB451,'Test catalog'!$A$2:$A$200,0))),"") | P451: =IF(N451="","",IF(OR(M451="",O451=""),N451,(M451+4*N451+O451)/6)) | Q451: =IFERROR(IF(INDEX('Test catalog'!$K$2:$K$200,MATCH($AB451,'Test catalog'!$A$2:$A$200,0))="","",INDEX('Test catalog'!$K$2:$K$200,MATCH($AB451,'Test catalog'!$A$2:$A$200,0))),"") | S451: =IFERROR(IF(INDEX('Test catalog'!$L$2:$L$200,MATCH($AB451,'Test catalog'!$A$2:$A$200,0))="","",INDEX('Test catalog'!$L$2:$L$200,MATCH($AB451,'Test catalog'!$A$2:$A$200,0))),"") | T451: =IFERROR(IF(INDEX('Test catalog'!$M$2:$M$200,MATCH($AB451,'Test catalog'!$A$2:$A$200,0))="","",INDEX('Test catalog'!$M$2:$M$200,MATCH($AB451,'Test catalog'!$A$2:$A$200,0))),"") | U451: =IFERROR(IF(INDEX('Test catalog'!$N$2:$N$200,MATCH($AB451,'Test catalog'!$A$2:$A$200,0))="","",INDEX('Test catalog'!$N$2:$N$200,MATCH($AB451,'Test catalog'!$A$2:$A$200,0))),"") | W451: N | Z451: Actives not on record – confirm tests | AA451: =IFERROR(IF(INDEX('Test catalog'!$O$2:$O$200,MATCH($AB451,'Test catalog'!$A$2:$A$200,0))="","",INDEX('Test catalog'!$O$2:$O$200,MATCH($AB451,'Test catalog'!$A$2:$A$200,0))),"") | AB451: BRITTLE
