Workbook

Sheet README
A1: Product-Material Database
A3: How it works
A4: Formulas | B4: The ONLY place where you enter which material goes in which product: one line per product / material. Blue = you type, grey = automatic.
A5: Products | B5: Master list of products. Add a new product in the next empty row (no blank rows in between).
A6: Materials | B6: Master list of materials with Category. Add a new material in the next empty row. One name per material, so spelling variants are not counted as different materials.
A8: Reports
A9: Material Search | B9: Pick a material in the yellow cell: lists all products that contain it, their active ingredient(s) and the stage(s) of use.
A10: Product View | B10: Pick a product: shows its complete formula and how many other products share each material.
A11: Materials (columns D-G) | B11: Per material: number of products, formula lines, % of products, status (In all products / Shared / Unique to 1 product / Not used). Filter or sort as needed.
A12: Matrix | B12: Material x Product grid, green = used.
A13: Similarity | B13: Shared-material count between every pair of products.
A14: Name Mapping | B14: Audit list: every name as written in your source file and the material it was assigned to.
A16: Adding data
A17: New product | B17: 1) Add its name in Products. 2) In Formulas add one line per material (pick Product and Material from the dropdowns).
A18: New material | B18: Add it in Materials first (with Category), then pick it in Formulas.
A19: Merging two materials | B19: In Formulas, change the Material of the affected lines to the one you want to keep (use filter on column B). Then delete the unused material row in Materials.
A20: Same material twice in a product | B20: Allowed (e.g. Croscarmellose Sodium intra- and extra-granular): use "Stage / Note" to tell them apart. It is counted once as a product.
A21: Check column | B21: Formulas column G shows "OK" or what is wrong (e.g. name not in master list). Red = fix it.
A22: Capacity | B22: 150 products, 300 materials, 3000 formula lines. Do not leave blank rows inside the Products / Materials lists.
A23: Products without formula | B23: 8 products had no materials in the source file (see Notes in Products). Add their lines in Formulas when available.
A24: Review | B24: Categories were assigned by me, please review. Materials marked "Check:" in the Notes column of Materials may be the same as another material.

Sheet Material Search
A1: Material Search: which products contain a material?
A3: Select material | B3: Croscarmellose Sodium
A4: Category | B4: =IFERROR(INDEX(Materials!$B$2:$B$301,MATCH($B$3,Materials!$A$2:$A$301,0)),"") -> Disintegrant
A5: Products using it | B5: =SUMIFS(Formulas!$K$2:$K$3001,Formulas!$B$2:$B$3001,$B$3) -> 26
A6: % of all products | B6: =IF(COUNTA(Products!$A$2:$A$151)=0,0,B5/COUNTA(Products!$A$2:$A$151)) -> 0.24528302
A8: # | B8: Product | C8: Active ingredient(s) | D8: Lines | E8: Stage / Note | H8: Product (helper) | I8: Match index (helper)
A9: =IF(ROW()-8<=$B$5,ROW()-8,"") -> 1 | B9: =IF(A9="","",INDEX($H$9:$H$158,MATCH(A9,$I$9:$I$158,0))) -> Ezetimibe-Rosuvastatin 10-10 | C9: =IF(A9="","",INDEX(Products!$F$2:$F$151,MATCH(B9,Products!$A$2:$A$151,0))) -> Ezetimibe, Rosuvastatin Calcium | D9: =IF(A9="","",COUNTIFS(Formulas!$A$2:$A$3001,B9,Formulas!$B$2:$B$3001,$B$3)) -> 2 | E9: =IF(A9="","",INDEX(Formulas!$I$1:$I$3001,SUMPRODUCT(MAX((Formulas!$A$2:$A$3001=B9)*(Formulas!$B$2:$B$3001=$B$3)*ROW(Formulas!$A$2:$A$3001))))&"") -> Intra-granular; Extra-granular | H9: =IF(INDEX(Products!$A$2:$A$151,1)="","",INDEX(Products!$A$2:$A$151,1)) -> Ezetimibe-Rosuvastatin 10-10 | I9: =IF(H9="","",IF(COUNTIFS(Formulas!$A$2:$A$3001,H9,Formulas!$B$2:$B$3001,$B$3)>0,MAX(I$8:I8)+1,"")) -> 1
A10: =IF(ROW()-8<=$B$5,ROW()-8,"") -> 2 | B10: =IF(A10="","",INDEX($H$9:$H$158,MATCH(A10,$I$9:$I$158,0))) -> Ezetimibe-Rosuvastatin 10-20 | C10: =IF(A10="","",INDEX(Products!$F$2:$F$151,MATCH(B10,Products!$A$2:$A$151,0))) -> Ezetimibe, Rosuvastatin Calcium | D10: =IF(A10="","",COUNTIFS(Formulas!$A$2:$A$3001,B10,Formulas!$B$2:$B$3001,$B$3)) -> 2 | E10: =IF(A10="","",INDEX(Formulas!$I$1:$I$3001,SUMPRODUCT(MAX((Formulas!$A$2:$A$3001=B10)*(Formulas!$B$2:$B$3001=$B$3)*ROW(Formulas!$A$2:$A$3001))))&"") -> Intra-granular; Extra-granular | H10: =IF(INDEX(Products!$A$2:$A$151,2)="","",INDEX(Products!$A$2:$A$151,2)) -> Ezetimibe-Rosuvastatin 10-20 | I10: =IF(H10="","",IF(COUNTIFS(Formulas!$A$2:$A$3001,H10,Formulas!$B$2:$B$3001,$B$3)>0,MAX(I$8:I9)+1,"")) -> 2
A11: =IF(ROW()-8<=$B$5,ROW()-8,"") -> 3 | B11: =IF(A11="","",INDEX($H$9:$H$158,MATCH(A11,$I$9:$I$158,0))) -> Ezetimibe-Rosuvastatin 10-40 | C11: =IF(A11="","",INDEX(Products!$F$2:$F$151,MATCH(B11,Products!$A$2:$A$151,0))) -> Ezetimibe, Rosuvastatin Calcium | D11: =IF(A11="","",COUNTIFS(Formulas!$A$2:$A$3001,B11,Formulas!$B$2:$B$3001,$B$3)) -> 2 | E11: =IF(A11="","",INDEX(Formulas!$I$1:$I$3001,SUMPRODUCT(MAX((Formulas!$A$2:$A$3001=B11)*(Formulas!$B$2:$B$3001=$B$3)*ROW(Formulas!$A$2:$A$3001))))&"") -> Intra-granular; Extra-granular | H11: =IF(INDEX(Products!$A$2:$A$151,3)="","",INDEX(Products!$A$2:$A$151,3)) -> Ezetimibe-Rosuvastatin 10-40 | I11: =IF(H11="","",IF(COUNTIFS(Formulas!$A$2:$A$3001,H11,Formulas!$B$2:$B$3001,$B$3)>0,MAX(I$8:I10)+1,"")) -> 3
A12: =IF(ROW()-8<=$B$5,ROW()-8,"") -> 4 | B12: =IF(A12="","",INDEX($H$9:$H$158,MATCH(A12,$I$9:$I$158,0))) -> Resmitrom (Resffera) 60 | C12: =IF(A12="","",INDEX(Products!$F$2:$F$151,MATCH(B12,Products!$A$2:$A$151,0))) -> Resmetirom | D12: =IF(A12="","",COUNTIFS(Formulas!$A$2:$A$3001,B12,Formulas!$B$2:$B$3001,$B$3)) -> 2 | E12: =IF(A12="","",INDEX(Formulas!$I$1:$I$3001,SUMPRODUCT(MAX((Formulas!$A$2:$A$3001=B12)*(Formulas!$B$2:$B$3001=$B$3)*ROW(Formulas!$A$2:$A$3001))))&"") -> Intra-granular; Extra-granular | H12: =IF(INDEX(Products!$A$2:$A$151,4)="","",INDEX(Products!$A$2:$A$151,4)) -> Resmitrom (Resffera) 60 | I12: =IF(H12="","",IF(COUNTIFS(Formulas!$A$2:$A$3001,H12,Formulas!$B$2:$B$3001,$B$3)>0,MAX(I$8:I11)+1,"")) -> 4
A13: =IF(ROW()-8<=$B$5,ROW()-8,"") -> 5 | B13: =IF(A13="","",INDEX($H$9:$H$158,MATCH(A13,$I$9:$I$158,0))) -> Resmitrom (Resffera) 80 | C13: =IF(A13="","",INDEX(Products!$F$2:$F$151,MATCH(B13,Products!$A$2:$A$151,0))) -> Resmetirom | D13: =IF(A13="","",COUNTIFS(Formulas!$A$2:$A$3001,B13,Formulas!$B$2:$B$3001,$B$3)) -> 2 | E13: =IF(A13="","",INDEX(Formulas!$I$1:$I$3001,SUMPRODUCT(MAX((Formulas!$A$2:$A$3001=B13)*(Formulas!$B$2:$B$3001=$B$3)*ROW(Formulas!$A$2:$A$3001))))&"") -> Intra-granular; Extra-granular | H13: =IF(INDEX(Products!$A$2:$A$151,5)="","",INDEX(Products!$A$2:$A$151,5)) -> Resmitrom (Resffera) 80 | I13: =IF(H13="","",IF(COUNTIFS(Formulas!$A$2:$A$3001,H13,Formulas!$B$2:$B$3001,$B$3)>0,MAX(I$8:I12)+1,"")) -> 5
A14: =IF(ROW()-8<=$B$5,ROW()-8,"") -> 6 | B14: =IF(A14="","",INDEX($H$9:$H$158,MATCH(A14,$I$9:$I$158,0))) -> Resmitrom (Resffera) 100 | C14: =IF(A14="","",INDEX(Products!$F$2:$F$151,MATCH(B14,Products!$A$2:$A$151,0))) -> Resmetirom | D14: =IF(A14="","",COUNTIFS(Formulas!$A$2:$A$3001,B14,Formulas!$B$2:$B$3001,$B$3)) -> 2 | E14: =IF(A14="","",INDEX(Formulas!$I$1:$I$3001,SUMPRODUCT(MAX((Formulas!$A$2:$A$3001=B14)*(Formulas!$B$2:$B$3001=$B$3)*ROW(Formulas!$A$2:$A$3001))))&"") -> Intra-granular; Extra-granular | H14: =IF(INDEX(Products!$A$2:$A$151,6)="","",INDEX(Products!$A$2:$A$151,6)) -> Resmitrom (Resffera) 100 | I14: =IF(H14="","",IF(COUNTIFS(Formulas!$A$2:$A$3001,H14,Formulas!$B$2:$B$3001,$B$3)>0,MAX(I$8:I13)+1,"")) -> 6
A15: =IF(ROW()-8<=$B$5,ROW()-8,"") -> 7 | B15: =IF(A15="","",INDEX($H$9:$H$158,MATCH(A15,$I$9:$I$158,0))) -> Finerodyd 10 | C15: =IF(A15="","",INDEX(Products!$F$2:$F$151,MATCH(B15,Products!$A$2:$A$151,0))) -> Finerenone | D15: =IF(A15="","",COUNTIFS(Formulas!$A$2:$A$3001,B15,Formulas!$B$2:$B$3001,$B$3)) -> 1 | E15: =IF(A15="","",INDEX(Formulas!$I$1:$I$3001,SUMPRODUCT(MAX((Formulas!$A$2:$A$3001=B15)*(Formulas!$B$2:$B$3001=$B$3)*ROW(Formulas!$A$2:$A$3001))))&"") | H15: =IF(INDEX(Products!$A$2:$A$151,7)="","",INDEX(Products!$A$2:$A$151,7)) -> Finerodyd 10 | I15: =IF(H15="","",IF(COUNTIFS(Formulas!$A$2:$A$3001,H15,Formulas!$B$2:$B$3001,$B$3)>0,MAX(I$8:I14)+1,"")) -> 7
A16: =IF(ROW()-8<=$B$5,ROW()-8,"") -> 8 | B16: =IF(A16="","",INDEX($H$9:$H$158,MATCH(A16,$I$9:$I$158,0))) -> Finerodyd 20 | C16: =IF(A16="","",INDEX(Products!$F$2:$F$151,MATCH(B16,Products!$A$2:$A$151,0))) -> Finerenone | D16: =IF(A16="","",COUNTIFS(Formulas!$A$2:$A$3001,B16,Formulas!$B$2:$B$3001,$B$3)) -> 1 | E16: =IF(A16="","",INDEX(Formulas!$I$1:$I$3001,SUMPRODUCT(MAX((Formulas!$A$2:$A$3001=B16)*(Formulas!$B$2:$B$3001=$B$3)*ROW(Formulas!$A$2:$A$3001))))&"") | H16: =IF(INDEX(Products!$A$2:$A$151,8)="","",INDEX(Products!$A$2:$A$151,8)) -> Finerodyd 20 | I16: =IF(H16="","",IF(COUNTIFS(Formulas!$A$2:$A$3001,H16,Formulas!$B$2:$B$3001,$B$3)>0,MAX(I$8:I15)+1,"")) -> 8
A17: =IF(ROW()-8<=$B$5,ROW()-8,"") -> 9 | B17: =IF(A17="","",INDEX($H$9:$H$158,MATCH(A17,$I$9:$I$158,0))) -> Bempedoic Ezetimibe 180/10 | C17: =IF(A17="","",INDEX(Products!$F$2:$F$151,MATCH(B17,Products!$A$2:$A$151,0))) -> Bempedoic Acid, Ezetimibe | D17: =IF(A17="","",COUNTIFS(Formulas!$A$2:$A$3001,B17,Formulas!$B$2:$B$3001,$B$3)) -> 1 | E17: =IF(A17="","",INDEX(Formulas!$I$1:$I$3001,SUMPRODUCT(MAX((Formulas!$A$2:$A$3001=B17)*(Formulas!$B$2:$B$3001=$B$3)*ROW(Formulas!$A$2:$A$3001))))&"") | H17: =IF(INDEX(Products!$A$2:$A$151,9)="","",INDEX(Products!$A$2:$A$151,9)) -> Cardyd 20 | I17: =IF(H17="","",IF(COUNTIFS(Formulas!$A$2:$A$3001,H17,Formulas!$B$2:$B$3001,$B$3)>0,MAX(I$8:I16)+1,""))
A18: =IF(ROW()-8<=$B$5,ROW()-8,"") -> 10 | B18: =IF(A18="","",INDEX($H$9:$H$158,MATCH(A18,$I$9:$I$158,0))) -> Dapaglose 10 | C18: =IF(A18="","",INDEX(Products!$F$2:$F$151,MATCH(B18,Products!$A$2:$A$151,0))) -> Dapagliflozin Propanediol Monohydrate | D18: =IF(A18="","",COUNTIFS(Formulas!$A$2:$A$3001,B18,Formulas!$B$2:$B$3001,$B$3)) -> 1 | E18: =IF(A18="","",INDEX(Formulas!$I$1:$I$3001,SUMPRODUCT(MAX((Formulas!$A$2:$A$3001=B18)*(Formulas!$B$2:$B$3001=$B$3)*ROW(Formulas!$A$2:$A$3001))))&"") | H18: =IF(INDEX(Products!$A$2:$A$151,10)="","",INDEX(Products!$A$2:$A$151,10)) -> Cardyd 40 | I18: =IF(H18="","",IF(COUNTIFS(Formulas!$A$2:$A$3001,H18,Formulas!$B$2:$B$3001,$B$3)>0,MAX(I$8:I17)+1,""))
A19: =IF(ROW()-8<=$B$5,ROW()-8,"") -> 11 | B19: =IF(A19="","",INDEX($H$9:$H$158,MATCH(A19,$I$9:$I$158,0))) -> Dapaglose 5 | C19: =IF(A19="","",INDEX(Products!$F$2:$F$151,MATCH(B19,Products!$A$2:$A$151,0))) -> Dapagliflozin Propanediol Monohydrate | D19: =IF(A19="","",COUNTIFS(Formulas!$A$2:$A$3001,B19,Formulas!$B$2:$B$3001,$B$3)) -> 1 | E19: =IF(A19="","",INDEX(Formulas!$I$1:$I$3001,SUMPRODUCT(MAX((Formulas!$A$2:$A$3001=B19)*(Formulas!$B$2:$B$3001=$B$3)*ROW(Formulas!$A$2:$A$3001))))&"") | H19: =IF(INDEX(Products!$A$2:$A$151,11)="","",INDEX(Products!$A$2:$A$151,11)) -> Cardyd 80 | I19: =IF(H19="","",IF(COUNTIFS(Formulas!$A$2:$A$3001,H19,Formulas!$B$2:$B$3001,$B$3)>0,MAX(I$8:I18)+1,""))
A20: =IF(ROW()-8<=$B$5,ROW()-8,"") -> 12 | B20: =IF(A20="","",INDEX($H$9:$H$158,MATCH(A20,$I$9:$I$158,0))) -> Ozanimod 0.23/0.46 | C20: =IF(A20="","",INDEX(Products!$F$2:$F$151,MATCH(B20,Products!$A$2:$A$151,0))) -> Ozanimod Hydrochloride | D20: =IF(A20="","",COUNTIFS(Formulas!$A$2:$A$3001,B20,Formulas!$B$2:$B$3001,$B$3)) -> 1 | E20: =IF(A20="","",INDEX(Formulas!$I$1:$I$3001,SUMPRODUCT(MAX((Formulas!$A$2:$A$3001=B20)*(Formulas!$B$2:$B$3001=$B$3)*ROW(Formulas!$A$2:$A$3001))))&"") | H20: =IF(INDEX(Products!$A$2:$A$151,12)="","",INDEX(Products!$A$2:$A$151,12)) -> Cardyd-AM 80/5 | I20: =IF(H20="","",IF(COUNTIFS(Formulas!$A$2:$A$3001,H20,Formulas!$B$2:$B$3001,$B$3)>0,MAX(I$8:I19)+1,""))
A21: =IF(ROW()-8<=$B$5,ROW()-8,"") -> 13 | B21: =IF(A21="","",INDEX($H$9:$H$158,MATCH(A21,$I$9:$I$158,0))) -> Ozanimod 0.92 mg | C21: =IF(A21="","",INDEX(Products!$F$2:$F$151,MATCH(B21,Products!$A$2:$A$151,0))) -> Ozanimod Hydrochloride | D21: =IF(A21="","",COUNTIFS(Formulas!$A$2:$A$3001,B21,Formulas!$B$2:$B$3001,$B$3)) -> 1 | E21: =IF(A21="","",INDEX(Formulas!$I$1:$I$3001,SUMPRODUCT(MAX((Formulas!$A$2:$A$3001=B21)*(Formulas!$B$2:$B$3001=$B$3)*ROW(Formulas!$A$2:$A$3001))))&"") | H21: =IF(INDEX(Products!$A$2:$A$151,13)="","",INDEX(Products!$A$2:$A$151,13)) -> Cardyd-AM 80/10 | I21: =IF(H21="","",IF(COUNTIFS(Formulas!$A$2:$A$3001,H21,Formulas!$B$2:$B$3001,$B$3)>0,MAX(I$8:I20)+1,""))
A22: =IF(ROW()-8<=$B$5,ROW()-8,"") -> 14 | B22: =IF(A22="","",INDEX($H$9:$H$158,MATCH(A22,$I$9:$I$158,0))) -> Empagliflozin 10 mg | C22: =IF(A22="","",INDEX(Products!$F$2:$F$151,MATCH(B22,Products!$A$2:$A$151,0))) -> Empagliflozin | D22: =IF(A22="","",COUNTIFS(Formulas!$A$2:$A$3001,B22,Formulas!$B$2:$B$3001,$B$3)) -> 1 | E22: =IF(A22="","",INDEX(Formulas!$I$1:$I$3001,SUMPRODUCT(MAX((Formulas!$A$2:$A$3001=B22)*(Formulas!$B$2:$B$3001=$B$3)*ROW(Formulas!$A$2:$A$3001))))&"") | H22: =IF(INDEX(Products!$A$2:$A$151,14)="","",INDEX(Products!$A$2:$A$151,14)) -> Cardyd-AM 40/5 | I22: =IF(H22="","",IF(COUNTIFS(Formulas!$A$2:$A$3001,H22,Formulas!$B$2:$B$3001,$B$3)>0,MAX(I$8:I21)+1,""))
A23: =IF(ROW()-8<=$B$5,ROW()-8,"") -> 15 | B23: =IF(A23="","",INDEX($H$9:$H$158,MATCH(A23,$I$9:$I$158,0))) -> Empaglose 25 | C23: =IF(A23="","",INDEX(Products!$F$2:$F$151,MATCH(B23,Products!$A$2:$A$151,0))) -> Empagliflozin | D23: =IF(A23="","",COUNTIFS(Formulas!$A$2:$A$3001,B23,Formulas!$B$2:$B$3001,$B$3)) -> 1 | E23: =IF(A23="","",INDEX(Formulas!$I$1:$I$3001,SUMPRODUCT(MAX((Formulas!$A$2:$A$3001=B23)*(Formulas!$B$2:$B$3001=$B$3)*ROW(Formulas!$A$2:$A$3001))))&"") | H23: =IF(INDEX(Products!$A$2:$A$151,15)="","",INDEX(Products!$A$2:$A$151,15)) -> Cardyd-AM 40/10 | I23: =IF(H23="","",IF(COUNTIFS(Formulas!$A$2:$A$3001,H23,Formulas!$B$2:$B$3001,$B$3)>0,MAX(I$8:I22)+1,""))
A24: =IF(ROW()-8<=$B$5,ROW()-8,"") -> 16 | B24: =IF(A24="","",INDEX($H$9:$H$158,MATCH(A24,$I$9:$I$158,0))) -> Lixiban 2.5 | C24: =IF(A24="","",INDEX(Products!$F$2:$F$151,MATCH(B24,Products!$A$2:$A$151,0))) -> Apixaban | D24: =IF(A24="","",COUNTIFS(Formulas!$A$2:$A$3001,B24,Formulas!$B$2:$B$3001,$B$3)) -> 1 | E24: =IF(A24="","",INDEX(Formulas!$I$1:$I$3001,SUMPRODUCT(MAX((Formulas!$A$2:$A$3001=B24)*(Formulas!$B$2:$B$3001=$B$3)*ROW(Formulas!$A$2:$A$3001))))&"") | H24: =IF(INDEX(Products!$A$2:$A$151,16)="","",INDEX(Products!$A$2:$A$151,16)) -> Cardyd-H 40/12.5 | I24: =IF(H24="","",IF(COUNTIFS(Formulas!$A$2:$A$3001,H24,Formulas!$B$2:$B$3001,$B$3)>0,MAX(I$8:I23)+1,""))
A25: =IF(ROW()-8<=$B$5,ROW()-8,"") -> 17 | B25: =IF(A25="","",INDEX($H$9:$H$158,MATCH(A25,$I$9:$I$158,0))) -> Lixiban 5 | C25: =IF(A25="","",INDEX(Products!$F$2:$F$151,MATCH(B25,Products!$A$2:$A$151,0))) -> Apixaban | D25: =IF(A25="","",COUNTIFS(Formulas!$A$2:$A$3001,B25,Formulas!$B$2:$B$3001,$B$3)) -> 1 | E25: =IF(A25="","",INDEX(Formulas!$I$1:$I$3001,SUMPRODUCT(MAX((Formulas!$A$2:$A$3001=B25)*(Formulas!$B$2:$B$3001=$B$3)*ROW(Formulas!$A$2:$A$3001))))&"") | H25: =IF(INDEX(Products!$A$2:$A$151,17)="","",INDEX(Products!$A$2:$A$151,17)) -> Cardyd-H 80/12.5 | I25: =IF(H25="","",IF(COUNTIFS(Formulas!$A$2:$A$3001,H25,Formulas!$B$2:$B$3001,$B$3)>0,MAX(I$8:I24)+1,""))
A26: =IF(ROW()-8<=$B$5,ROW()-8,"") -> 18 | B26: =IF(A26="","",INDEX($H$9:$H$158,MATCH(A26,$I$9:$I$158,0))) -> Painlys | C26: =IF(A26="","",INDEX(Products!$F$2:$F$151,MATCH(B26,Products!$A$2:$A$151,0))) -> Ginger Dry Extract 5:1, Devil's Claw Dry Extract 6:1 (+1 more) | D26: =IF(A26="","",COUNTIFS(Formulas!$A$2:$A$3001,B26,Formulas!$B$2:$B$3001,$B$3)) -> 1 | E26: =IF(A26="","",INDEX(Formulas!$I$1:$I$3001,SUMPRODUCT(MAX((Formulas!$A$2:$A$3001=B26)*(Formulas!$B$2:$B$3001=$B$3)*ROW(Formulas!$A$2:$A$3001))))&"") | H26: =IF(INDEX(Products!$A$2:$A$151,18)="","",INDEX(Products!$A$2:$A$151,18)) -> Cardyd-H 80/25 | I26: =IF(H26="","",IF(COUNTIFS(Formulas!$A$2:$A$3001,H26,Formulas!$B$2:$B$3001,$B$3)>0,MAX(I$8:I25)+1,""))
A27: =IF(ROW()-8<=$B$5,ROW()-8,"") -> 19 | B27: =IF(A27="","",INDEX($H$9:$H$158,MATCH(A27,$I$9:$I$158,0))) -> URomax | C27: =IF(A27="","",INDEX(Products!$F$2:$F$151,MATCH(B27,Products!$A$2:$A$151,0))) -> Cranberry Dry Extract 25:1, Ascorbic Acid Coated 97% | D27: =IF(A27="","",COUNTIFS(Formulas!$A$2:$A$3001,B27,Formulas!$B$2:$B$3001,$B$3)) -> 1 | E27: =IF(A27="","",INDEX(Formulas!$I$1:$I$3001,SUMPRODUCT(MAX((Formulas!$A$2:$A$3001=B27)*(Formulas!$B$2:$B$3001=$B$3)*ROW(Formulas!$A$2:$A$3001))))&"") | H27: =IF(INDEX(Products!$A$2:$A$151,19)="","",INDEX(Products!$A$2:$A$151,19)) -> Dexlansoprazole 60 | I27: =IF(H27="","",IF(COUNTIFS(Formulas!$A$2:$A$3001,H27,Formulas!$B$2:$B$3001,$B$3)>0,MAX(I$8:I26)+1,""))
A28: =IF(ROW()-8<=$B$5,ROW()-8,"") -> 20 | B28: =IF(A28="","",INDEX($H$9:$H$158,MATCH(A28,$I$9:$I$158,0))) -> Vitacal Forte | C28: =IF(A28="","",INDEX(Products!$F$2:$F$151,MATCH(B28,Products!$A$2:$A$151,0))) -> Calcium Carbonate Heavy, Vitamin D3 (+7 more) | D28: =IF(A28="","",COUNTIFS(Formulas!$A$2:$A$3001,B28,Formulas!$B$2:$B$3001,$B$3)) -> 1 | E28: =IF(A28="","",INDEX(Formulas!$I$1:$I$3001,SUMPRODUCT(MAX((Formulas!$A$2:$A$3001=B28)*(Formulas!$B$2:$B$3001=$B$3)*ROW(Formulas!$A$2:$A$3001))))&"") | H28: =IF(INDEX(Products!$A$2:$A$151,20)="","",INDEX(Products!$A$2:$A$151,20)) -> Dexlansoprazole 30 | I28: =IF(H28="","",IF(COUNTIFS(Formulas!$A$2:$A$3001,H28,Formulas!$B$2:$B$3001,$B$3)>0,MAX(I$8:I27)+1,""))
A29: =IF(ROW()-8<=$B$5,ROW()-8,"") -> 21 | B29: =IF(A29="","",INDEX($H$9:$H$158,MATCH(A29,$I$9:$I$158,0))) -> Digestive Aid (30) | C29: =IF(A29="","",INDEX(Products!$F$2:$F$151,MATCH(B29,Products!$A$2:$A$151,0))) -> Marshmallow Dry Extract 3:1, Liquorice Dry Extract 8:1 (+4 more) | D29: =IF(A29="","",COUNTIFS(Formulas!$A$2:$A$3001,B29,Formulas!$B$2:$B$3001,$B$3)) -> 2 | E29: =IF(A29="","",INDEX(Formulas!$I$1:$I$3001,SUMPRODUCT(MAX((Formulas!$A$2:$A$3001=B29)*(Formulas!$B$2:$B$3001=$B$3)*ROW(Formulas!$A$2:$A$3001))))&"") -> Intra-granular; Extra-granular | H29: =IF(INDEX(Products!$A$2:$A$151,21)="","",INDEX(Products!$A$2:$A$151,21)) -> Prucalopride 1 | I29: =IF(H29="","",IF(COUNTIFS(Formulas!$A$2:$A$3001,H29,Formulas!$B$2:$B$3001,$B$3)>0,MAX(I$8:I28)+1,""))
A30: =IF(ROW()-8<=$B$5,ROW()-8,"") -> 22 | B30: =IF(A30="","",INDEX($H$9:$H$158,MATCH(A30,$I$9:$I$158,0))) -> Digestive Aid (60) | C30: =IF(A30="","",INDEX(Products!$F$2:$F$151,MATCH(B30,Products!$A$2:$A$151,0))) -> Marshmallow Dry Extract 3:1, Liquorice Dry Extract 8:1 (+4 more) | D30: =IF(A30="","",COUNTIFS(Formulas!$A$2:$A$3001,B30,Formulas!$B$2:$B$3001,$B$3)) -> 2 | E30: =IF(A30="","",INDEX(Formulas!$I$1:$I$3001,SUMPRODUCT(MAX((Formulas!$A$2:$A$3001=B30)*(Formulas!$B$2:$B$3001=$B$3)*ROW(Formulas!$A$2:$A$3001))))&"") -> Intra-granular; Extra-granular | H30: =IF(INDEX(Products!$A$2:$A$151,22)="","",INDEX(Products!$A$2:$A$151,22)) -> Prucalopride 2 | I30: =IF(H30="","",IF(COUNTIFS(Formulas!$A$2:$A$3001,H30,Formulas!$B$2:$B$3001,$B$3)>0,MAX(I$8:I29)+1,""))
A31: =IF(ROW()-8<=$B$5,ROW()-8,"") -> 23 | B31: =IF(A31="","",INDEX($H$9:$H$158,MATCH(A31,$I$9:$I$158,0))) -> Pregnalife | C31: =IF(A31="","",INDEX(Products!$F$2:$F$151,MATCH(B31,Products!$A$2:$A$151,0))) -> D-Alpha Tocopheryl Acetate 50% (Vitamin E), Magnesium Oxide Heavy (+13 more) | D31: =IF(A31="","",COUNTIFS(Formulas!$A$2:$A$3001,B31,Formulas!$B$2:$B$3001,$B$3)) -> 1 | E31: =IF(A31="","",INDEX(Formulas!$I$1:$I$3001,SUMPRODUCT(MAX((Formulas!$A$2:$A$3001=B31)*(Formulas!$B$2:$B$3001=$B$3)*ROW(Formulas!$A$2:$A$3001))))&"") | H31: =IF(INDEX(Products!$A$2:$A$151,23)="","",INDEX(Products!$A$2:$A$151,23)) -> Ranulo 500 | I31: =IF(H31="","",IF(COUNTIFS(Formulas!$A$2:$A$3001,H31,Formulas!$B$2:$B$3001,$B$3)>0,MAX(I$8:I30)+1,""))
A32: =IF(ROW()-8<=$B$5,ROW()-8,"") -> 24 | B32: =IF(A32="","",INDEX($H$9:$H$158,MATCH(A32,$I$9:$I$158,0))) -> Immune AID Direct | C32: =IF(A32="","",INDEX(Products!$F$2:$F$151,MATCH(B32,Products!$A$2:$A$151,0))) -> Cyanocobalamin (Vitamin B12), Thiamine Hydrochloride (Vitamin B1) (+14 more) | D32: =IF(A32="","",COUNTIFS(Formulas!$A$2:$A$3001,B32,Formulas!$B$2:$B$3001,$B$3)) -> 1 | E32: =IF(A32="","",INDEX(Formulas!$I$1:$I$3001,SUMPRODUCT(MAX((Formulas!$A$2:$A$3001=B32)*(Formulas!$B$2:$B$3001=$B$3)*ROW(Formulas!$A$2:$A$3001))))&"") | H32: =IF(INDEX(Products!$A$2:$A$151,24)="","",INDEX(Products!$A$2:$A$151,24)) -> Bempedoic Acid 180 | I32: =IF(H32="","",IF(COUNTIFS(Formulas!$A$2:$A$3001,H32,Formulas!$B$2:$B$3001,$B$3)>0,MAX(I$8:I31)+1,""))
A33: =IF(ROW()-8<=$B$5,ROW()-8,"") -> 25 | B33: =IF(A33="","",INDEX($H$9:$H$158,MATCH(A33,$I$9:$I$158,0))) -> X-Ade (Blister 15 pcs) | C33: =IF(A33="","",INDEX(Products!$F$2:$F$151,MATCH(B33,Products!$A$2:$A$151,0))) -> Zinc Gluconate, Magnesium Oxide Heavy (+8 more) | D33: =IF(A33="","",COUNTIFS(Formulas!$A$2:$A$3001,B33,Formulas!$B$2:$B$3001,$B$3)) -> 1 | E33: =IF(A33="","",INDEX(Formulas!$I$1:$I$3001,SUMPRODUCT(MAX((Formulas!$A$2:$A$3001=B33)*(Formulas!$B$2:$B$3001=$B$3)*ROW(Formulas!$A$2:$A$3001))))&"") | H33: =IF(INDEX(Products!$A$2:$A$151,25)="","",INDEX(Products!$A$2:$A$151,25)) -> Bempedoic Ezetimibe 180/10 | I33: =IF(H33="","",IF(COUNTIFS(Formulas!$A$2:$A$3001,H33,Formulas!$B$2:$B$3001,$B$3)>0,MAX(I$8:I32)+1,"")) -> 9
A34: =IF(ROW()-8<=$B$5,ROW()-8,"") -> 26 | B34: =IF(A34="","",INDEX($H$9:$H$158,MATCH(A34,$I$9:$I$158,0))) -> X-Ade (Bottle 30 pcs) | C34: =IF(A34="","",INDEX(Products!$F$2:$F$151,MATCH(B34,Products!$A$2:$A$151,0))) -> Zinc Gluconate, Magnesium Oxide Heavy (+8 more) | D34: =IF(A34="","",COUNTIFS(Formulas!$A$2:$A$3001,B34,Formulas!$B$2:$B$3001,$B$3)) -> 1 | E34: =IF(A34="","",INDEX(Formulas!$I$1:$I$3001,SUMPRODUCT(MAX((Formulas!$A$2:$A$3001=B34)*(Formulas!$B$2:$B$3001=$B$3)*ROW(Formulas!$A$2:$A$3001))))&"") | H34: =IF(INDEX(Products!$A$2:$A$151,26)="","",INDEX(Products!$A$2:$A$151,26)) -> loperamide 2 | I34: =IF(H34="","",IF(COUNTIFS(Formulas!$A$2:$A$3001,H34,Formulas!$B$2:$B$3001,$B$3)>0,MAX(I$8:I33)+1,""))
A35: =IF(ROW()-8<=$B$5,ROW()-8,"") | B35: =IF(A35="","",INDEX($H$9:$H$158,MATCH(A35,$I$9:$I$158,0))) | C35: =IF(A35="","",INDEX(Products!$F$2:$F$151,MATCH(B35,Products!$A$2:$A$151,0))) | D35: =IF(A35="","",COUNTIFS(Formulas!$A$2:$A$3001,B35,Formulas!$B$2:$B$3001,$B$3)) | E35: =IF(A35="","",INDEX(Formulas!$I$1:$I$3001,SUMPRODUCT(MAX((Formulas!$A$2:$A$3001=B35)*(Formulas!$B$2:$B$3001=$B$3)*ROW(Formulas!$A$2:$A$3001))))&"") | H35: =IF(INDEX(Products!$A$2:$A$151,27)="","",INDEX(Products!$A$2:$A$151,27)) -> Naproxen 750 | I35: =IF(H35="","",IF(COUNTIFS(Formulas!$A$2:$A$3001,H35,Formulas!$B$2:$B$3001,$B$3)>0,MAX(I$8:I34)+1,""))
A36: =IF(ROW()-8<=$B$5,ROW()-8,"") | B36: =IF(A36="","",INDEX($H$9:$H$158,MATCH(A36,$I$9:$I$158,0))) | C36: =IF(A36="","",INDEX(Products!$F$2:$F$151,MATCH(B36,Products!$A$2:$A$151,0))) | D36: =IF(A36="","",COUNTIFS(Formulas!$A$2:$A$3001,B36,Formulas!$B$2:$B$3001,$B$3)) | E36: =IF(A36="","",INDEX(Formulas!$I$1:$I$3001,SUMPRODUCT(MAX((Formulas!$A$2:$A$3001=B36)*(Formulas!$B$2:$B$3001=$B$3)*ROW(Formulas!$A$2:$A$3001))))&"") | H36: =IF(INDEX(Products!$A$2:$A$151,28)="","",INDEX(Products!$A$2:$A$151,28)) -> Azelastin+Fluticasone (Nasal Spray) | I36: =IF(H36="","",IF(COUNTIFS(Formulas!$A$2:$A$3001,H36,Formulas!$B$2:$B$3001,$B$3)>0,MAX(I$8:I35)+1,""))
A37: =IF(ROW()-8<=$B$5,ROW()-8,"") | B37: =IF(A37="","",INDEX($H$9:$H$158,MATCH(A37,$I$9:$I$158,0))) | C37: =IF(A37="","",INDEX(Products!$F$2:$F$151,MATCH(B37,Products!$A$2:$A$151,0))) | D37: =IF(A37="","",COUNTIFS(Formulas!$A$2:$A$3001,B37,Formulas!$B$2:$B$3001,$B$3)) | E37: =IF(A37="","",INDEX(Formulas!$I$1:$I$3001,SUMPRODUCT(MAX((Formulas!$A$2:$A$3001=B37)*(Formulas!$B$2:$B$3001=$B$3)*ROW(Formulas!$A$2:$A$3001))))&"") | H37: =IF(INDEX(Products!$A$2:$A$151,29)="","",INDEX(Products!$A$2:$A$151,29)) -> Scadia 50 | I37: =IF(H37="","",IF(COUNTIFS(Formulas!$A$2:$A$3001,H37,Formulas!$B$2:$B$3001,$B$3)>0,MAX(I$8:I36)+1,""))
A38: =IF(ROW()-8<=$B$5,ROW()-8,"") | B38: =IF(A38="","",INDEX($H$9:$H$158,MATCH(A38,$I$9:$I$158,0))) | C38: =IF(A38="","",INDEX(Products!$F$2:$F$151,MATCH(B38,Products!$A$2:$A$151,0))) | D38: =IF(A38="","",COUNTIFS(Formulas!$A$2:$A$3001,B38,Formulas!$B$2:$B$3001,$B$3)) | E38: =IF(A38="","",INDEX(Formulas!$I$1:$I$3001,SUMPRODUCT(MAX((Formulas!$A$2:$A$3001=B38)*(Formulas!$B$2:$B$3001=$B$3)*ROW(Formulas!$A$2:$A$3001))))&"") | H38: =IF(INDEX(Products!$A$2:$A$151,30)="","",INDEX(Products!$A$2:$A$151,30)) -> Scadia 100 | I38: =IF(H38="","",IF(COUNTIFS(Formulas!$A$2:$A$3001,H38,Formulas!$B$2:$B$3001,$B$3)>0,MAX(I$8:I37)+1,""))
A39: =IF(ROW()-8<=$B$5,ROW()-8,"") | B39: =IF(A39="","",INDEX($H$9:$H$158,MATCH(A39,$I$9:$I$158,0))) | C39: =IF(A39="","",INDEX(Products!$F$2:$F$151,MATCH(B39,Products!$A$2:$A$151,0))) | D39: =IF(A39="","",COUNTIFS(Formulas!$A$2:$A$3001,B39,Formulas!$B$2:$B$3001,$B$3)) | E39: =IF(A39="","",INDEX(Formulas!$I$1:$I$3001,SUMPRODUCT(MAX((Formulas!$A$2:$A$3001=B39)*(Formulas!$B$2:$B$3001=$B$3)*ROW(Formulas!$A$2:$A$3001))))&"") | H39: =IF(INDEX(Products!$A$2:$A$151,31)="","",INDEX(Products!$A$2:$A$151,31)) -> Scadia 200 | I39: =IF(H39="","",IF(COUNTIFS(Formulas!$A$2:$A$3001,H39,Formulas!$B$2:$B$3001,$B$3)>0,MAX(I$8:I38)+1,""))
A40: =IF(ROW()-8<=$B$5,ROW()-8,"") | B40: =IF(A40="","",INDEX($H$9:$H$158,MATCH(A40,$I$9:$I$158,0))) | C40: =IF(A40="","",INDEX(Products!$F$2:$F$151,MATCH(B40,Products!$A$2:$A$151,0))) | D40: =IF(A40="","",COUNTIFS(Formulas!$A$2:$A$3001,B40,Formulas!$B$2:$B$3001,$B$3)) | E40: =IF(A40="","",INDEX(Formulas!$I$1:$I$3001,SUMPRODUCT(MAX((Formulas!$A$2:$A$3001=B40)*(Formulas!$B$2:$B$3001=$B$3)*ROW(Formulas!$A$2:$A$3001))))&"") | H40: =IF(INDEX(Products!$A$2:$A$151,32)="","",INDEX(Products!$A$2:$A$151,32)) -> Taglida 5 | I40: =IF(H40="","",IF(COUNTIFS(Formulas!$A$2:$A$3001,H40,Formulas!$B$2:$B$3001,$B$3)>0,MAX(I$8:I39)+1,""))
A41: =IF(ROW()-8<=$B$5,ROW()-8,"") | B41: =IF(A41="","",INDEX($H$9:$H$158,MATCH(A41,$I$9:$I$158,0))) | C41: =IF(A41="","",INDEX(Products!$F$2:$F$151,MATCH(B41,Products!$A$2:$A$151,0))) | D41: =IF(A41="","",COUNTIFS(Formulas!$A$2:$A$3001,B41,Formulas!$B$2:$B$3001,$B$3)) | E41: =IF(A41="","",INDEX(Formulas!$I$1:$I$3001,SUMPRODUCT(MAX((Formulas!$A$2:$A$3001=B41)*(Formulas!$B$2:$B$3001=$B$3)*ROW(Formulas!$A$2:$A$3001))))&"") | H41: =IF(INDEX(Products!$A$2:$A$151,33)="","",INDEX(Products!$A$2:$A$151,33)) -> Dapaglose 10 | I41: =IF(H41="","",IF(COUNTIFS(Formulas!$A$2:$A$3001,H41,Formulas!$B$2:$B$3001,$B$3)>0,MAX(I$8:I40)+1,"")) -> 10
A42: =IF(ROW()-8<=$B$5,ROW()-8,"") | B42: =IF(A42="","",INDEX($H$9:$H$158,MATCH(A42,$I$9:$I$158,0))) | C42: =IF(A42="","",INDEX(Products!$F$2:$F$151,MATCH(B42,Products!$A$2:$A$151,0))) | D42: =IF(A42="","",COUNTIFS(Formulas!$A$2:$A$3001,B42,Formulas!$B$2:$B$3001,$B$3)) | E42: =IF(A42="","",INDEX(Formulas!$I$1:$I$3001,SUMPRODUCT(MAX((Formulas!$A$2:$A$3001=B42)*(Formulas!$B$2:$B$3001=$B$3)*ROW(Formulas!$A$2:$A$3001))))&"") | H42: =IF(INDEX(Products!$A$2:$A$151,34)="","",INDEX(Products!$A$2:$A$151,34)) -> Dapaglose 5 | I42: =IF(H42="","",IF(COUNTIFS(Formulas!$A$2:$A$3001,H42,Formulas!$B$2:$B$3001,$B$3)>0,MAX(I$8:I41)+1,"")) -> 11
A43: =IF(ROW()-8<=$B$5,ROW()-8,"") | B43: =IF(A43="","",INDEX($H$9:$H$158,MATCH(A43,$I$9:$I$158,0))) | C43: =IF(A43="","",INDEX(Products!$F$2:$F$151,MATCH(B43,Products!$A$2:$A$151,0))) | D43: =IF(A43="","",COUNTIFS(Formulas!$A$2:$A$3001,B43,Formulas!$B$2:$B$3001,$B$3)) | E43: =IF(A43="","",INDEX(Formulas!$I$1:$I$3001,SUMPRODUCT(MAX((Formulas!$A$2:$A$3001=B43)*(Formulas!$B$2:$B$3001=$B$3)*ROW(Formulas!$A$2:$A$3001))))&"") | H43: =IF(INDEX(Products!$A$2:$A$151,35)="","",INDEX(Products!$A$2:$A$151,35)) -> Taglida Duo 2.5/1000 | I43: =IF(H43="","",IF(COUNTIFS(Formulas!$A$2:$A$3001,H43,Formulas!$B$2:$B$3001,$B$3)>0,MAX(I$8:I42)+1,""))
A44: =IF(ROW()-8<=$B$5,ROW()-8,"") | B44: =IF(A44="","",INDEX($H$9:$H$158,MATCH(A44,$I$9:$I$158,0))) | C44: =IF(A44="","",INDEX(Products!$F$2:$F$151,MATCH(B44,Products!$A$2:$A$151,0))) | D44: =IF(A44="","",COUNTIFS(Formulas!$A$2:$A$3001,B44,Formulas!$B$2:$B$3001,$B$3)) | E44: =IF(A44="","",INDEX(Formulas!$I$1:$I$3001,SUMPRODUCT(MAX((Formulas!$A$2:$A$3001=B44)*(Formulas!$B$2:$B$3001=$B$3)*ROW(Formulas!$A$2:$A$3001))))&"") | H44: =IF(INDEX(Products!$A$2:$A$151,36)="","",INDEX(Products!$A$2:$A$151,36)) -> Taglida Duo 2.5/500 | I44: =IF(H44="","",IF(COUNTIFS(Formulas!$A$2:$A$3001,H44,Formulas!$B$2:$B$3001,$B$3)>0,MAX(I$8:I43)+1,""))
A45: =IF(ROW()-8<=$B$5,ROW()-8,"") | B45: =IF(A45="","",INDEX($H$9:$H$158,MATCH(A45,$I$9:$I$158,0))) | C45: =IF(A45="","",INDEX(Products!$F$2:$F$151,MATCH(B45,Products!$A$2:$A$151,0))) | D45: =IF(A45="","",COUNTIFS(Formulas!$A$2:$A$3001,B45,Formulas!$B$2:$B$3001,$B$3)) | E45: =IF(A45="","",INDEX(Formulas!$I$1:$I$3001,SUMPRODUCT(MAX((Formulas!$A$2:$A$3001=B45)*(Formulas!$B$2:$B$3001=$B$3)*ROW(Formulas!$A$2:$A$3001))))&"") | H45: =IF(INDEX(Products!$A$2:$A$151,37)="","",INDEX(Products!$A$2:$A$151,37)) -> Ozanimod 0.23/0.46 | I45: =IF(H45="","",IF(COUNTIFS(Formulas!$A$2:$A$3001,H45,Formulas!$B$2:$B$3001,$B$3)>0,MAX(I$8:I44)+1,"")) -> 12
A46: =IF(ROW()-8<=$B$5,ROW()-8,"") | B46: =IF(A46="","",INDEX($H$9:$H$158,MATCH(A46,$I$9:$I$158,0))) | C46: =IF(A46="","",INDEX(Products!$F$2:$F$151,MATCH(B46,Products!$A$2:$A$151,0))) | D46: =IF(A46="","",COUNTIFS(Formulas!$A$2:$A$3001,B46,Formulas!$B$2:$B$3001,$B$3)) | E46: =IF(A46="","",INDEX(Formulas!$I$1:$I$3001,SUMPRODUCT(MAX((Formulas!$A$2:$A$3001=B46)*(Formulas!$B$2:$B$3001=$B$3)*ROW(Formulas!$A$2:$A$3001))))&"") | H46: =IF(INDEX(Products!$A$2:$A$151,38)="","",INDEX(Products!$A$2:$A$151,38)) -> Ozanimod 0.92 mg | I46: =IF(H46="","",IF(COUNTIFS(Formulas!$A$2:$A$3001,H46,Formulas!$B$2:$B$3001,$B$3)>0,MAX(I$8:I45)+1,"")) -> 13
A47: =IF(ROW()-8<=$B$5,ROW()-8,"") | B47: =IF(A47="","",INDEX($H$9:$H$158,MATCH(A47,$I$9:$I$158,0))) | C47: =IF(A47="","",INDEX(Products!$F$2:$F$151,MATCH(B47,Products!$A$2:$A$151,0))) | D47: =IF(A47="","",COUNTIFS(Formulas!$A$2:$A$3001,B47,Formulas!$B$2:$B$3001,$B$3)) | E47: =IF(A47="","",INDEX(Formulas!$I$1:$I$3001,SUMPRODUCT(MAX((Formulas!$A$2:$A$3001=B47)*(Formulas!$B$2:$B$3001=$B$3)*ROW(Formulas!$A$2:$A$3001))))&"") | H47: =IF(INDEX(Products!$A$2:$A$151,39)="","",INDEX(Products!$A$2:$A$151,39)) -> Flusip Cold and cough-Day | I47: =IF(H47="","",IF(COUNTIFS(Formulas!$A$2:$A$3001,H47,Formulas!$B$2:$B$3001,$B$3)>0,MAX(I$8:I46)+1,""))
A48: =IF(ROW()-8<=$B$5,ROW()-8,"") | B48: =IF(A48="","",INDEX($H$9:$H$158,MATCH(A48,$I$9:$I$158,0))) | C48: =IF(A48="","",INDEX(Products!$F$2:$F$151,MATCH(B48,Products!$A$2:$A$151,0))) | D48: =IF(A48="","",COUNTIFS(Formulas!$A$2:$A$3001,B48,Formulas!$B$2:$B$3001,$B$3)) | E48: =IF(A48="","",INDEX(Formulas!$I$1:$I$3001,SUMPRODUCT(MAX((Formulas!$A$2:$A$3001=B48)*(Formulas!$B$2:$B$3001=$B$3)*ROW(Formulas!$A$2:$A$3001))))&"") | H48: =IF(INDEX(Products!$A$2:$A$151,40)="","",INDEX(Products!$A$2:$A$151,40)) -> Flusip Cold and Cough-Day (Sugar Free) | I48: =IF(H48="","",IF(COUNTIFS(Formulas!$A$2:$A$3001,H48,Formulas!$B$2:$B$3001,$B$3)>0,MAX(I$8:I47)+1,""))
A49: =IF(ROW()-8<=$B$5,ROW()-8,"") | B49: =IF(A49="","",INDEX($H$9:$H$158,MATCH(A49,$I$9:$I$158,0))) | C49: =IF(A49="","",INDEX(Products!$F$2:$F$151,MATCH(B49,Products!$A$2:$A$151,0))) | D49: =IF(A49="","",COUNTIFS(Formulas!$A$2:$A$3001,B49,Formulas!$B$2:$B$3001,$B$3)) | E49: =IF(A49="","",INDEX(Formulas!$I$1:$I$3001,SUMPRODUCT(MAX((Formulas!$A$2:$A$3001=B49)*(Formulas!$B$2:$B$3001=$B$3)*ROW(Formulas!$A$2:$A$3001))))&"") | H49: =IF(INDEX(Products!$A$2:$A$151,41)="","",INDEX(Products!$A$2:$A$151,41)) -> Flusip Cold and Cough-Night | I49: =IF(H49="","",IF(COUNTIFS(Formulas!$A$2:$A$3001,H49,Formulas!$B$2:$B$3001,$B$3)>0,MAX(I$8:I48)+1,""))
A50: =IF(ROW()-8<=$B$5,ROW()-8,"") | B50: =IF(A50="","",INDEX($H$9:$H$158,MATCH(A50,$I$9:$I$158,0))) | C50: =IF(A50="","",INDEX(Products!$F$2:$F$151,MATCH(B50,Products!$A$2:$A$151,0))) | D50: =IF(A50="","",COUNTIFS(Formulas!$A$2:$A$3001,B50,Formulas!$B$2:$B$3001,$B$3)) | E50: =IF(A50="","",INDEX(Formulas!$I$1:$I$3001,SUMPRODUCT(MAX((Formulas!$A$2:$A$3001=B50)*(Formulas!$B$2:$B$3001=$B$3)*ROW(Formulas!$A$2:$A$3001))))&"") | H50: =IF(INDEX(Products!$A$2:$A$151,42)="","",INDEX(Products!$A$2:$A$151,42)) -> Flusip Cold & Cough Night (Sugar Free) | I50: =IF(H50="","",IF(COUNTIFS(Formulas!$A$2:$A$3001,H50,Formulas!$B$2:$B$3001,$B$3)>0,MAX(I$8:I49)+1,""))
A51: =IF(ROW()-8<=$B$5,ROW()-8,"") | B51: =IF(A51="","",INDEX($H$9:$H$158,MATCH(A51,$I$9:$I$158,0))) | C51: =IF(A51="","",INDEX(Products!$F$2:$F$151,MATCH(B51,Products!$A$2:$A$151,0))) | D51: =IF(A51="","",COUNTIFS(Formulas!$A$2:$A$3001,B51,Formulas!$B$2:$B$3001,$B$3)) | E51: =IF(A51="","",INDEX(Formulas!$I$1:$I$3001,SUMPRODUCT(MAX((Formulas!$A$2:$A$3001=B51)*(Formulas!$B$2:$B$3001=$B$3)*ROW(Formulas!$A$2:$A$3001))))&"") | H51: =IF(INDEX(Products!$A$2:$A$151,43)="","",INDEX(Products!$A$2:$A$151,43)) -> Flusip Cold and Flu | I51: =IF(H51="","",IF(COUNTIFS(Formulas!$A$2:$A$3001,H51,Formulas!$B$2:$B$3001,$B$3)>0,MAX(I$8:I50)+1,""))
A52: =IF(ROW()-8<=$B$5,ROW()-8,"") | B52: =IF(A52="","",INDEX($H$9:$H$158,MATCH(A52,$I$9:$I$158,0))) | C52: =IF(A52="","",INDEX(Products!$F$2:$F$151,MATCH(B52,Products!$A$2:$A$151,0))) | D52: =IF(A52="","",COUNTIFS(Formulas!$A$2:$A$3001,B52,Formulas!$B$2:$B$3001,$B$3)) | E52: =IF(A52="","",INDEX(Formulas!$I$1:$I$3001,SUMPRODUCT(MAX((Formulas!$A$2:$A$3001=B52)*(Formulas!$B$2:$B$3001=$B$3)*ROW(Formulas!$A$2:$A$3001))))&"") | H52: =IF(INDEX(Products!$A$2:$A$151,44)="","",INDEX(Products!$A$2:$A$151,44)) -> Flusip Cold and Flu (Sugar Free) | I52: =IF(H52="","",IF(COUNTIFS(Formulas!$A$2:$A$3001,H52,Formulas!$B$2:$B$3001,$B$3)>0,MAX(I$8:I51)+1,""))
A53: =IF(ROW()-8<=$B$5,ROW()-8,"") | B53: =IF(A53="","",INDEX($H$9:$H$158,MATCH(A53,$I$9:$I$158,0))) | C53: =IF(A53="","",INDEX(Products!$F$2:$F$151,MATCH(B53,Products!$A$2:$A$151,0))) | D53: =IF(A53="","",COUNTIFS(Formulas!$A$2:$A$3001,B53,Formulas!$B$2:$B$3001,$B$3)) | E53: =IF(A53="","",INDEX(Formulas!$I$1:$I$3001,SUMPRODUCT(MAX((Formulas!$A$2:$A$3001=B53)*(Formulas!$B$2:$B$3001=$B$3)*ROW(Formulas!$A$2:$A$3001))))&"") | H53: =IF(INDEX(Products!$A$2:$A$151,45)="","",INDEX(Products!$A$2:$A$151,45)) -> Flusip-C | I53: =IF(H53="","",IF(COUNTIFS(Formulas!$A$2:$A$3001,H53,Formulas!$B$2:$B$3001,$B$3)>0,MAX(I$8:I52)+1,""))
A54: =IF(ROW()-8<=$B$5,ROW()-8,"") | B54: =IF(A54="","",INDEX($H$9:$H$158,MATCH(A54,$I$9:$I$158,0))) | C54: =IF(A54="","",INDEX(Products!$F$2:$F$151,MATCH(B54,Products!$A$2:$A$151,0))) | D54: =IF(A54="","",COUNTIFS(Formulas!$A$2:$A$3001,B54,Formulas!$B$2:$B$3001,$B$3)) | E54: =IF(A54="","",INDEX(Formulas!$I$1:$I$3001,SUMPRODUCT(MAX((Formulas!$A$2:$A$3001=B54)*(Formulas!$B$2:$B$3001=$B$3)*ROW(Formulas!$A$2:$A$3001))))&"") | H54: =IF(INDEX(Products!$A$2:$A$151,46)="","",INDEX(Products!$A$2:$A$151,46)) -> Empagliflozin 10 mg | I54: =IF(H54="","",IF(COUNTIFS(Formulas!$A$2:$A$3001,H54,Formulas!$B$2:$B$3001,$B$3)>0,MAX(I$8:I53)+1,"")) -> 14
A55: =IF(ROW()-8<=$B$5,ROW()-8,"") | B55: =IF(A55="","",INDEX($H$9:$H$158,MATCH(A55,$I$9:$I$158,0))) | C55: =IF(A55="","",INDEX(Products!$F$2:$F$151,MATCH(B55,Products!$A$2:$A$151,0))) | D55: =IF(A55="","",COUNTIFS(Formulas!$A$2:$A$3001,B55,Formulas!$B$2:$B$3001,$B$3)) | E55: =IF(A55="","",INDEX(Formulas!$I$1:$I$3001,SUMPRODUCT(MAX((Formulas!$A$2:$A$3001=B55)*(Formulas!$B$2:$B$3001=$B$3)*ROW(Formulas!$A$2:$A$3001))))&"") | H55: =IF(INDEX(Products!$A$2:$A$151,47)="","",INDEX(Products!$A$2:$A$151,47)) -> Empaglose 25 | I55: =IF(H55="","",IF(COUNTIFS(Formulas!$A$2:$A$3001,H55,Formulas!$B$2:$B$3001,$B$3)>0,MAX(I$8:I54)+1,"")) -> 15
A56: =IF(ROW()-8<=$B$5,ROW()-8,"") | B56: =IF(A56="","",INDEX($H$9:$H$158,MATCH(A56,$I$9:$I$158,0))) | C56: =IF(A56="","",INDEX(Products!$F$2:$F$151,MATCH(B56,Products!$A$2:$A$151,0))) | D56: =IF(A56="","",COUNTIFS(Formulas!$A$2:$A$3001,B56,Formulas!$B$2:$B$3001,$B$3)) | E56: =IF(A56="","",INDEX(Formulas!$I$1:$I$3001,SUMPRODUCT(MAX((Formulas!$A$2:$A$3001=B56)*(Formulas!$B$2:$B$3001=$B$3)*ROW(Formulas!$A$2:$A$3001))))&"") | H56: =IF(INDEX(Products!$A$2:$A$151,48)="","",INDEX(Products!$A$2:$A$151,48)) -> Lixiban 2.5 | I56: =IF(H56="","",IF(COUNTIFS(Formulas!$A$2:$A$3001,H56,Formulas!$B$2:$B$3001,$B$3)>0,MAX(I$8:I55)+1,"")) -> 16
A57: =IF(ROW()-8<=$B$5,ROW()-8,"") | B57: =IF(A57="","",INDEX($H$9:$H$158,MATCH(A57,$I$9:$I$158,0))) | C57: =IF(A57="","",INDEX(Products!$F$2:$F$151,MATCH(B57,Products!$A$2:$A$151,0))) | D57: =IF(A57="","",COUNTIFS(Formulas!$A$2:$A$3001,B57,Formulas!$B$2:$B$3001,$B$3)) | E57: =IF(A57="","",INDEX(Formulas!$I$1:$I$3001,SUMPRODUCT(MAX((Formulas!$A$2:$A$3001=B57)*(Formulas!$B$2:$B$3001=$B$3)*ROW(Formulas!$A$2:$A$3001))))&"") | H57: =IF(INDEX(Products!$A$2:$A$151,49)="","",INDEX(Products!$A$2:$A$151,49)) -> Lixiban 5 | I57: =IF(H57="","",IF(COUNTIFS(Formulas!$A$2:$A$3001,H57,Formulas!$B$2:$B$3001,$B$3)>0,MAX(I$8:I56)+1,"")) -> 17
A58: =IF(ROW()-8<=$B$5,ROW()-8,"") | B58: =IF(A58="","",INDEX($H$9:$H$158,MATCH(A58,$I$9:$I$158,0))) | C58: =IF(A58="","",INDEX(Products!$F$2:$F$151,MATCH(B58,Products!$A$2:$A$151,0))) | D58: =IF(A58="","",COUNTIFS(Formulas!$A$2:$A$3001,B58,Formulas!$B$2:$B$3001,$B$3)) | E58: =IF(A58="","",INDEX(Formulas!$I$1:$I$3001,SUMPRODUCT(MAX((Formulas!$A$2:$A$3001=B58)*(Formulas!$B$2:$B$3001=$B$3)*ROW(Formulas!$A$2:$A$3001))))&"") | H58: =IF(INDEX(Products!$A$2:$A$151,50)="","",INDEX(Products!$A$2:$A$151,50)) -> Glose-lin 10/5 | I58: =IF(H58="","",IF(COUNTIFS(Formulas!$A$2:$A$3001,H58,Formulas!$B$2:$B$3001,$B$3)>0,MAX(I$8:I57)+1,""))
A59: =IF(ROW()-8<=$B$5,ROW()-8,"") | B59: =IF(A59="","",INDEX($H$9:$H$158,MATCH(A59,$I$9:$I$158,0))) | C59: =IF(A59="","",INDEX(Products!$F$2:$F$151,MATCH(B59,Products!$A$2:$A$151,0))) | D59: =IF(A59="","",COUNTIFS(Formulas!$A$2:$A$3001,B59,Formulas!$B$2:$B$3001,$B$3)) | E59: =IF(A59="","",INDEX(Formulas!$I$1:$I$3001,SUMPRODUCT(MAX((Formulas!$A$2:$A$3001=B59)*(Formulas!$B$2:$B$3001=$B$3)*ROW(Formulas!$A$2:$A$3001))))&"") | H59: =IF(INDEX(Products!$A$2:$A$151,51)="","",INDEX(Products!$A$2:$A$151,51)) -> Glose-lin 25/5 | I59: =IF(H59="","",IF(COUNTIFS(Formulas!$A$2:$A$3001,H59,Formulas!$B$2:$B$3001,$B$3)>0,MAX(I$8:I58)+1,""))
A60: =IF(ROW()-8<=$B$5,ROW()-8,"") | B60: =IF(A60="","",INDEX($H$9:$H$158,MATCH(A60,$I$9:$I$158,0))) | C60: =IF(A60="","",INDEX(Products!$F$2:$F$151,MATCH(B60,Products!$A$2:$A$151,0))) | D60: =IF(A60="","",COUNTIFS(Formulas!$A$2:$A$3001,B60,Formulas!$B$2:$B$3001,$B$3)) | E60: =IF(A60="","",INDEX(Formulas!$I$1:$I$3001,SUMPRODUCT(MAX((Formulas!$A$2:$A$3001=B60)*(Formulas!$B$2:$B$3001=$B$3)*ROW(Formulas!$A$2:$A$3001))))&"") | H60: =IF(INDEX(Products!$A$2:$A$151,52)="","",INDEX(Products!$A$2:$A$151,52)) -> TRILEMO ER 5-2.5-1000 | I60: =IF(H60="","",IF(COUNTIFS(Formulas!$A$2:$A$3001,H60,Formulas!$B$2:$B$3001,$B$3)>0,MAX(I$8:I59)+1,""))
A61: =IF(ROW()-8<=$B$5,ROW()-8,"") | B61: =IF(A61="","",INDEX($H$9:$H$158,MATCH(A61,$I$9:$I$158,0))) | C61: =IF(A61="","",INDEX(Products!$F$2:$F$151,MATCH(B61,Products!$A$2:$A$151,0))) | D61: =IF(A61="","",COUNTIFS(Formulas!$A$2:$A$3001,B61,Formulas!$B$2:$B$3001,$B$3)) | E61: =IF(A61="","",INDEX(Formulas!$I$1:$I$3001,SUMPRODUCT(MAX((Formulas!$A$2:$A$3001=B61)*(Formulas!$B$2:$B$3001=$B$3)*ROW(Formulas!$A$2:$A$3001))))&"") | H61: =IF(INDEX(Products!$A$2:$A$151,53)="","",INDEX(Products!$A$2:$A$151,53)) -> TRILEMO ER 10-5-1000 | I61: =IF(H61="","",IF(COUNTIFS(Formulas!$A$2:$A$3001,H61,Formulas!$B$2:$B$3001,$B$3)>0,MAX(I$8:I60)+1,""))
A62: =IF(ROW()-8<=$B$5,ROW()-8,"") | B62: =IF(A62="","",INDEX($H$9:$H$158,MATCH(A62,$I$9:$I$158,0))) | C62: =IF(A62="","",INDEX(Products!$F$2:$F$151,MATCH(B62,Products!$A$2:$A$151,0))) | D62: =IF(A62="","",COUNTIFS(Formulas!$A$2:$A$3001,B62,Formulas!$B$2:$B$3001,$B$3)) | E62: =IF(A62="","",INDEX(Formulas!$I$1:$I$3001,SUMPRODUCT(MAX((Formulas!$A$2:$A$3001=B62)*(Formulas!$B$2:$B$3001=$B$3)*ROW(Formulas!$A$2:$A$3001))))&"") | H62: =IF(INDEX(Products!$A$2:$A$151,54)="","",INDEX(Products!$A$2:$A$151,54)) -> TRILEMO ER 12.5-2.5-1000 | I62: =IF(H62="","",IF(COUNTIFS(Formulas!$A$2:$A$3001,H62,Formulas!$B$2:$B$3001,$B$3)>0,MAX(I$8:I61)+1,""))
A63: =IF(ROW()-8<=$B$5,ROW()-8,"") | B63: =IF(A63="","",INDEX($H$9:$H$158,MATCH(A63,$I$9:$I$158,0))) | C63: =IF(A63="","",INDEX(Products!$F$2:$F$151,MATCH(B63,Products!$A$2:$A$151,0))) | D63: =IF(A63="","",COUNTIFS(Formulas!$A$2:$A$3001,B63,Formulas!$B$2:$B$3001,$B$3)) | E63: =IF(A63="","",INDEX(Formulas!$I$1:$I$3001,SUMPRODUCT(MAX((Formulas!$A$2:$A$3001=B63)*(Formulas!$B$2:$B$3001=$B$3)*ROW(Formulas!$A$2:$A$3001))))&"") | H63: =IF(INDEX(Products!$A$2:$A$151,55)="","",INDEX(Products!$A$2:$A$151,55)) -> TRILEMO ER 25-5-1000 | I63: =IF(H63="","",IF(COUNTIFS(Formulas!$A$2:$A$3001,H63,Formulas!$B$2:$B$3001,$B$3)>0,MAX(I$8:I62)+1,""))
A64: =IF(ROW()-8<=$B$5,ROW()-8,"") | B64: =IF(A64="","",INDEX($H$9:$H$158,MATCH(A64,$I$9:$I$158,0))) | C64: =IF(A64="","",INDEX(Products!$F$2:$F$151,MATCH(B64,Products!$A$2:$A$151,0))) | D64: =IF(A64="","",COUNTIFS(Formulas!$A$2:$A$3001,B64,Formulas!$B$2:$B$3001,$B$3)) | E64: =IF(A64="","",INDEX(Formulas!$I$1:$I$3001,SUMPRODUCT(MAX((Formulas!$A$2:$A$3001=B64)*(Formulas!$B$2:$B$3001=$B$3)*ROW(Formulas!$A$2:$A$3001))))&"") | H64: =IF(INDEX(Products!$A$2:$A$151,56)="","",INDEX(Products!$A$2:$A$151,56)) -> Emet-Duo 5/1000 ER | I64: =IF(H64="","",IF(COUNTIFS(Formulas!$A$2:$A$3001,H64,Formulas!$B$2:$B$3001,$B$3)>0,MAX(I$8:I63)+1,""))
A65: =IF(ROW()-8<=$B$5,ROW()-8,"") | B65: =IF(A65="","",INDEX($H$9:$H$158,MATCH(A65,$I$9:$I$158,0))) | C65: =IF(A65="","",INDEX(Products!$F$2:$F$151,MATCH(B65,Products!$A$2:$A$151,0))) | D65: =IF(A65="","",COUNTIFS(Formulas!$A$2:$A$3001,B65,Formulas!$B$2:$B$3001,$B$3)) | E65: =IF(A65="","",INDEX(Formulas!$I$1:$I$3001,SUMPRODUCT(MAX((Formulas!$A$2:$A$3001=B65)*(Formulas!$B$2:$B$3001=$B$3)*ROW(Formulas!$A$2:$A$3001))))&"") | H65: =IF(INDEX(Products!$A$2:$A$151,57)="","",INDEX(Products!$A$2:$A$151,57)) -> Emet-Duo 10/1000 ER | I65: =IF(H65="","",IF(COUNTIFS(Formulas!$A$2:$A$3001,H65,Formulas!$B$2:$B$3001,$B$3)>0,MAX(I$8:I64)+1,""))
A66: =IF(ROW()-8<=$B$5,ROW()-8,"") | B66: =IF(A66="","",INDEX($H$9:$H$158,MATCH(A66,$I$9:$I$158,0))) | C66: =IF(A66="","",INDEX(Products!$F$2:$F$151,MATCH(B66,Products!$A$2:$A$151,0))) | D66: =IF(A66="","",COUNTIFS(Formulas!$A$2:$A$3001,B66,Formulas!$B$2:$B$3001,$B$3)) | E66: =IF(A66="","",INDEX(Formulas!$I$1:$I$3001,SUMPRODUCT(MAX((Formulas!$A$2:$A$3001=B66)*(Formulas!$B$2:$B$3001=$B$3)*ROW(Formulas!$A$2:$A$3001))))&"") | H66: =IF(INDEX(Products!$A$2:$A$151,58)="","",INDEX(Products!$A$2:$A$151,58)) -> Emet-Duo 12.5/1000 ER | I66: =IF(H66="","",IF(COUNTIFS(Formulas!$A$2:$A$3001,H66,Formulas!$B$2:$B$3001,$B$3)>0,MAX(I$8:I65)+1,""))
A67: =IF(ROW()-8<=$B$5,ROW()-8,"") | B67: =IF(A67="","",INDEX($H$9:$H$158,MATCH(A67,$I$9:$I$158,0))) | C67: =IF(A67="","",INDEX(Products!$F$2:$F$151,MATCH(B67,Products!$A$2:$A$151,0))) | D67: =IF(A67="","",COUNTIFS(Formulas!$A$2:$A$3001,B67,Formulas!$B$2:$B$3001,$B$3)) | E67: =IF(A67="","",INDEX(Formulas!$I$1:$I$3001,SUMPRODUCT(MAX((Formulas!$A$2:$A$3001=B67)*(Formulas!$B$2:$B$3001=$B$3)*ROW(Formulas!$A$2:$A$3001))))&"") | H67: =IF(INDEX(Products!$A$2:$A$151,59)="","",INDEX(Products!$A$2:$A$151,59)) -> Emet-Duo 25/1000 ER | I67: =IF(H67="","",IF(COUNTIFS(Formulas!$A$2:$A$3001,H67,Formulas!$B$2:$B$3001,$B$3)>0,MAX(I$8:I66)+1,""))
A68: =IF(ROW()-8<=$B$5,ROW()-8,"") | B68: =IF(A68="","",INDEX($H$9:$H$158,MATCH(A68,$I$9:$I$158,0))) | C68: =IF(A68="","",INDEX(Products!$F$2:$F$151,MATCH(B68,Products!$A$2:$A$151,0))) | D68: =IF(A68="","",COUNTIFS(Formulas!$A$2:$A$3001,B68,Formulas!$B$2:$B$3001,$B$3)) | E68: =IF(A68="","",INDEX(Formulas!$I$1:$I$3001,SUMPRODUCT(MAX((Formulas!$A$2:$A$3001=B68)*(Formulas!$B$2:$B$3001=$B$3)*ROW(Formulas!$A$2:$A$3001))))&"") | H68: =IF(INDEX(Products!$A$2:$A$151,60)="","",INDEX(Products!$A$2:$A$151,60)) -> Emet-Duo 12.5/1000 | I68: =IF(H68="","",IF(COUNTIFS(Formulas!$A$2:$A$3001,H68,Formulas!$B$2:$B$3001,$B$3)>0,MAX(I$8:I67)+1,""))
A69: =IF(ROW()-8<=$B$5,ROW()-8,"") | B69: =IF(A69="","",INDEX($H$9:$H$158,MATCH(A69,$I$9:$I$158,0))) | C69: =IF(A69="","",INDEX(Products!$F$2:$F$151,MATCH(B69,Products!$A$2:$A$151,0))) | D69: =IF(A69="","",COUNTIFS(Formulas!$A$2:$A$3001,B69,Formulas!$B$2:$B$3001,$B$3)) | E69: =IF(A69="","",INDEX(Formulas!$I$1:$I$3001,SUMPRODUCT(MAX((Formulas!$A$2:$A$3001=B69)*(Formulas!$B$2:$B$3001=$B$3)*ROW(Formulas!$A$2:$A$3001))))&"") | H69: =IF(INDEX(Products!$A$2:$A$151,61)="","",INDEX(Products!$A$2:$A$151,61)) -> Emet-Duo 5/1000 | I69: =IF(H69="","",IF(COUNTIFS(Formulas!$A$2:$A$3001,H69,Formulas!$B$2:$B$3001,$B$3)>0,MAX(I$8:I68)+1,""))
A70: =IF(ROW()-8<=$B$5,ROW()-8,"") | B70: =IF(A70="","",INDEX($H$9:$H$158,MATCH(A70,$I$9:$I$158,0))) | C70: =IF(A70="","",INDEX(Products!$F$2:$F$151,MATCH(B70,Products!$A$2:$A$151,0))) | D70: =IF(A70="","",COUNTIFS(Formulas!$A$2:$A$3001,B70,Formulas!$B$2:$B$3001,$B$3)) | E70: =IF(A70="","",INDEX(Formulas!$I$1:$I$3001,SUMPRODUCT(MAX((Formulas!$A$2:$A$3001=B70)*(Formulas!$B$2:$B$3001=$B$3)*ROW(Formulas!$A$2:$A$3001))))&"") | H70: =IF(INDEX(Products!$A$2:$A$151,62)="","",INDEX(Products!$A$2:$A$151,62)) -> Emet-Duo 12.5/500 | I70: =IF(H70="","",IF(COUNTIFS(Formulas!$A$2:$A$3001,H70,Formulas!$B$2:$B$3001,$B$3)>0,MAX(I$8:I69)+1,""))
A71: =IF(ROW()-8<=$B$5,ROW()-8,"") | B71: =IF(A71="","",INDEX($H$9:$H$158,MATCH(A71,$I$9:$I$158,0))) | C71: =IF(A71="","",INDEX(Products!$F$2:$F$151,MATCH(B71,Products!$A$2:$A$151,0))) | D71: =IF(A71="","",COUNTIFS(Formulas!$A$2:$A$3001,B71,Formulas!$B$2:$B$3001,$B$3)) | E71: =IF(A71="","",INDEX(Formulas!$I$1:$I$3001,SUMPRODUCT(MAX((Formulas!$A$2:$A$3001=B71)*(Formulas!$B$2:$B$3001=$B$3)*ROW(Formulas!$A$2:$A$3001))))&"") | H71: =IF(INDEX(Products!$A$2:$A$151,63)="","",INDEX(Products!$A$2:$A$151,63)) -> Emet-Duo 5/500 | I71: =IF(H71="","",IF(COUNTIFS(Formulas!$A$2:$A$3001,H71,Formulas!$B$2:$B$3001,$B$3)>0,MAX(I$8:I70)+1,""))
A72: =IF(ROW()-8<=$B$5,ROW()-8,"") | B72: =IF(A72="","",INDEX($H$9:$H$158,MATCH(A72,$I$9:$I$158,0))) | C72: =IF(A72="","",INDEX(Products!$F$2:$F$151,MATCH(B72,Products!$A$2:$A$151,0))) | D72: =IF(A72="","",COUNTIFS(Formulas!$A$2:$A$3001,B72,Formulas!$B$2:$B$3001,$B$3)) | E72: =IF(A72="","",INDEX(Formulas!$I$1:$I$3001,SUMPRODUCT(MAX((Formulas!$A$2:$A$3001=B72)*(Formulas!$B$2:$B$3001=$B$3)*ROW(Formulas!$A$2:$A$3001))))&"") | H72: =IF(INDEX(Products!$A$2:$A$151,64)="","",INDEX(Products!$A$2:$A$151,64)) -> Citicoline 500 | I72: =IF(H72="","",IF(COUNTIFS(Formulas!$A$2:$A$3001,H72,Formulas!$B$2:$B$3001,$B$3)>0,MAX(I$8:I71)+1,""))
A73: =IF(ROW()-8<=$B$5,ROW()-8,"") | B73: =IF(A73="","",INDEX($H$9:$H$158,MATCH(A73,$I$9:$I$158,0))) | C73: =IF(A73="","",INDEX(Products!$F$2:$F$151,MATCH(B73,Products!$A$2:$A$151,0))) | D73: =IF(A73="","",COUNTIFS(Formulas!$A$2:$A$3001,B73,Formulas!$B$2:$B$3001,$B$3)) | E73: =IF(A73="","",INDEX(Formulas!$I$1:$I$3001,SUMPRODUCT(MAX((Formulas!$A$2:$A$3001=B73)*(Formulas!$B$2:$B$3001=$B$3)*ROW(Formulas!$A$2:$A$3001))))&"") | H73: =IF(INDEX(Products!$A$2:$A$151,65)="","",INDEX(Products!$A$2:$A$151,65)) -> NMN | I73: =IF(H73="","",IF(COUNTIFS(Formulas!$A$2:$A$3001,H73,Formulas!$B$2:$B$3001,$B$3)>0,MAX(I$8:I72)+1,""))
A74: =IF(ROW()-8<=$B$5,ROW()-8,"") | B74: =IF(A74="","",INDEX($H$9:$H$158,MATCH(A74,$I$9:$I$158,0))) | C74: =IF(A74="","",INDEX(Products!$F$2:$F$151,MATCH(B74,Products!$A$2:$A$151,0))) | D74: =IF(A74="","",COUNTIFS(Formulas!$A$2:$A$3001,B74,Formulas!$B$2:$B$3001,$B$3)) | E74: =IF(A74="","",INDEX(Formulas!$I$1:$I$3001,SUMPRODUCT(MAX((Formulas!$A$2:$A$3001=B74)*(Formulas!$B$2:$B$3001=$B$3)*ROW(Formulas!$A$2:$A$3001))))&"") | H74: =IF(INDEX(Products!$A$2:$A$151,66)="","",INDEX(Products!$A$2:$A$151,66)) -> L-Arginine 1000 | I74: =IF(H74="","",IF(COUNTIFS(Formulas!$A$2:$A$3001,H74,Formulas!$B$2:$B$3001,$B$3)>0,MAX(I$8:I73)+1,""))
A75: =IF(ROW()-8<=$B$5,ROW()-8,"") | B75: =IF(A75="","",INDEX($H$9:$H$158,MATCH(A75,$I$9:$I$158,0))) | C75: =IF(A75="","",INDEX(Products!$F$2:$F$151,MATCH(B75,Products!$A$2:$A$151,0))) | D75: =IF(A75="","",COUNTIFS(Formulas!$A$2:$A$3001,B75,Formulas!$B$2:$B$3001,$B$3)) | E75: =IF(A75="","",INDEX(Formulas!$I$1:$I$3001,SUMPRODUCT(MAX((Formulas!$A$2:$A$3001=B75)*(Formulas!$B$2:$B$3001=$B$3)*ROW(Formulas!$A$2:$A$3001))))&"") | H75: =IF(INDEX(Products!$A$2:$A$151,67)="","",INDEX(Products!$A$2:$A$151,67)) -> L-Arginine 2000 | I75: =IF(H75="","",IF(COUNTIFS(Formulas!$A$2:$A$3001,H75,Formulas!$B$2:$B$3001,$B$3)>0,MAX(I$8:I74)+1,""))
A76: =IF(ROW()-8<=$B$5,ROW()-8,"") | B76: =IF(A76="","",INDEX($H$9:$H$158,MATCH(A76,$I$9:$I$158,0))) | C76: =IF(A76="","",INDEX(Products!$F$2:$F$151,MATCH(B76,Products!$A$2:$A$151,0))) | D76: =IF(A76="","",COUNTIFS(Formulas!$A$2:$A$3001,B76,Formulas!$B$2:$B$3001,$B$3)) | E76: =IF(A76="","",INDEX(Formulas!$I$1:$I$3001,SUMPRODUCT(MAX((Formulas!$A$2:$A$3001=B76)*(Formulas!$B$2:$B$3001=$B$3)*ROW(Formulas!$A$2:$A$3001))))&"") | H76: =IF(INDEX(Products!$A$2:$A$151,68)="","",INDEX(Products!$A$2:$A$151,68)) -> L-Carnitine 1000/10 | I76: =IF(H76="","",IF(COUNTIFS(Formulas!$A$2:$A$3001,H76,Formulas!$B$2:$B$3001,$B$3)>0,MAX(I$8:I75)+1,""))
A77: =IF(ROW()-8<=$B$5,ROW()-8,"") | B77: =IF(A77="","",INDEX($H$9:$H$158,MATCH(A77,$I$9:$I$158,0))) | C77: =IF(A77="","",INDEX(Products!$F$2:$F$151,MATCH(B77,Products!$A$2:$A$151,0))) | D77: =IF(A77="","",COUNTIFS(Formulas!$A$2:$A$3001,B77,Formulas!$B$2:$B$3001,$B$3)) | E77: =IF(A77="","",INDEX(Formulas!$I$1:$I$3001,SUMPRODUCT(MAX((Formulas!$A$2:$A$3001=B77)*(Formulas!$B$2:$B$3001=$B$3)*ROW(Formulas!$A$2:$A$3001))))&"") | H77: =IF(INDEX(Products!$A$2:$A$151,69)="","",INDEX(Products!$A$2:$A$151,69)) -> L-Carnitine 2000/10 | I77: =IF(H77="","",IF(COUNTIFS(Formulas!$A$2:$A$3001,H77,Formulas!$B$2:$B$3001,$B$3)>0,MAX(I$8:I76)+1,""))
A78: =IF(ROW()-8<=$B$5,ROW()-8,"") | B78: =IF(A78="","",INDEX($H$9:$H$158,MATCH(A78,$I$9:$I$158,0))) | C78: =IF(A78="","",INDEX(Products!$F$2:$F$151,MATCH(B78,Products!$A$2:$A$151,0))) | D78: =IF(A78="","",COUNTIFS(Formulas!$A$2:$A$3001,B78,Formulas!$B$2:$B$3001,$B$3)) | E78: =IF(A78="","",INDEX(Formulas!$I$1:$I$3001,SUMPRODUCT(MAX((Formulas!$A$2:$A$3001=B78)*(Formulas!$B$2:$B$3001=$B$3)*ROW(Formulas!$A$2:$A$3001))))&"") | H78: =IF(INDEX(Products!$A$2:$A$151,70)="","",INDEX(Products!$A$2:$A$151,70)) -> L-Carnitine Caffeine | I78: =IF(H78="","",IF(COUNTIFS(Formulas!$A$2:$A$3001,H78,Formulas!$B$2:$B$3001,$B$3)>0,MAX(I$8:I77)+1,""))
A79: =IF(ROW()-8<=$B$5,ROW()-8,"") | B79: =IF(A79="","",INDEX($H$9:$H$158,MATCH(A79,$I$9:$I$158,0))) | C79: =IF(A79="","",INDEX(Products!$F$2:$F$151,MATCH(B79,Products!$A$2:$A$151,0))) | D79: =IF(A79="","",COUNTIFS(Formulas!$A$2:$A$3001,B79,Formulas!$B$2:$B$3001,$B$3)) | E79: =IF(A79="","",INDEX(Formulas!$I$1:$I$3001,SUMPRODUCT(MAX((Formulas!$A$2:$A$3001=B79)*(Formulas!$B$2:$B$3001=$B$3)*ROW(Formulas!$A$2:$A$3001))))&"") | H79: =IF(INDEX(Products!$A$2:$A$151,71)="","",INDEX(Products!$A$2:$A$151,71)) -> B-Complex | I79: =IF(H79="","",IF(COUNTIFS(Formulas!$A$2:$A$3001,H79,Formulas!$B$2:$B$3001,$B$3)>0,MAX(I$8:I78)+1,""))
A80: =IF(ROW()-8<=$B$5,ROW()-8,"") | B80: =IF(A80="","",INDEX($H$9:$H$158,MATCH(A80,$I$9:$I$158,0))) | C80: =IF(A80="","",INDEX(Products!$F$2:$F$151,MATCH(B80,Products!$A$2:$A$151,0))) | D80: =IF(A80="","",COUNTIFS(Formulas!$A$2:$A$3001,B80,Formulas!$B$2:$B$3001,$B$3)) | E80: =IF(A80="","",INDEX(Formulas!$I$1:$I$3001,SUMPRODUCT(MAX((Formulas!$A$2:$A$3001=B80)*(Formulas!$B$2:$B$3001=$B$3)*ROW(Formulas!$A$2:$A$3001))))&"") | H80: =IF(INDEX(Products!$A$2:$A$151,72)="","",INDEX(Products!$A$2:$A$151,72)) -> Sachet Vitamin B12 | I80: =IF(H80="","",IF(COUNTIFS(Formulas!$A$2:$A$3001,H80,Formulas!$B$2:$B$3001,$B$3)>0,MAX(I$8:I79)+1,""))
A81: =IF(ROW()-8<=$B$5,ROW()-8,"") | B81: =IF(A81="","",INDEX($H$9:$H$158,MATCH(A81,$I$9:$I$158,0))) | C81: =IF(A81="","",INDEX(Products!$F$2:$F$151,MATCH(B81,Products!$A$2:$A$151,0))) | D81: =IF(A81="","",COUNTIFS(Formulas!$A$2:$A$3001,B81,Formulas!$B$2:$B$3001,$B$3)) | E81: =IF(A81="","",INDEX(Formulas!$I$1:$I$3001,SUMPRODUCT(MAX((Formulas!$A$2:$A$3001=B81)*(Formulas!$B$2:$B$3001=$B$3)*ROW(Formulas!$A$2:$A$3001))))&"") | H81: =IF(INDEX(Products!$A$2:$A$151,73)="","",INDEX(Products!$A$2:$A$151,73)) -> Ca+k+D3 | I81: =IF(H81="","",IF(COUNTIFS(Formulas!$A$2:$A$3001,H81,Formulas!$B$2:$B$3001,$B$3)>0,MAX(I$8:I80)+1,""))
A82: =IF(ROW()-8<=$B$5,ROW()-8,"") | B82: =IF(A82="","",INDEX($H$9:$H$158,MATCH(A82,$I$9:$I$158,0))) | C82: =IF(A82="","",INDEX(Products!$F$2:$F$151,MATCH(B82,Products!$A$2:$A$151,0))) | D82: =IF(A82="","",COUNTIFS(Formulas!$A$2:$A$3001,B82,Formulas!$B$2:$B$3001,$B$3)) | E82: =IF(A82="","",INDEX(Formulas!$I$1:$I$3001,SUMPRODUCT(MAX((Formulas!$A$2:$A$3001=B82)*(Formulas!$B$2:$B$3001=$B$3)*ROW(Formulas!$A$2:$A$3001))))&"") | H82: =IF(INDEX(Products!$A$2:$A$151,74)="","",INDEX(Products!$A$2:$A$151,74)) -> Zinc+Vitamin C | I82: =IF(H82="","",IF(COUNTIFS(Formulas!$A$2:$A$3001,H82,Formulas!$B$2:$B$3001,$B$3)>0,MAX(I$8:I81)+1,""))
A83: =IF(ROW()-8<=$B$5,ROW()-8,"") | B83: =IF(A83="","",INDEX($H$9:$H$158,MATCH(A83,$I$9:$I$158,0))) | C83: =IF(A83="","",INDEX(Products!$F$2:$F$151,MATCH(B83,Products!$A$2:$A$151,0))) | D83: =IF(A83="","",COUNTIFS(Formulas!$A$2:$A$3001,B83,Formulas!$B$2:$B$3001,$B$3)) | E83: =IF(A83="","",INDEX(Formulas!$I$1:$I$3001,SUMPRODUCT(MAX((Formulas!$A$2:$A$3001=B83)*(Formulas!$B$2:$B$3001=$B$3)*ROW(Formulas!$A$2:$A$3001))))&"") | H83: =IF(INDEX(Products!$A$2:$A$151,75)="","",INDEX(Products!$A$2:$A$151,75)) -> Vitamin C 1000 mg | I83: =IF(H83="","",IF(COUNTIFS(Formulas!$A$2:$A$3001,H83,Formulas!$B$2:$B$3001,$B$3)>0,MAX(I$8:I82)+1,""))
A84: =IF(ROW()-8<=$B$5,ROW()-8,"") | B84: =IF(A84="","",INDEX($H$9:$H$158,MATCH(A84,$I$9:$I$158,0))) | C84: =IF(A84="","",INDEX(Products!$F$2:$F$151,MATCH(B84,Products!$A$2:$A$151,0))) | D84: =IF(A84="","",COUNTIFS(Formulas!$A$2:$A$3001,B84,Formulas!$B$2:$B$3001,$B$3)) | E84: =IF(A84="","",INDEX(Formulas!$I$1:$I$3001,SUMPRODUCT(MAX((Formulas!$A$2:$A$3001=B84)*(Formulas!$B$2:$B$3001=$B$3)*ROW(Formulas!$A$2:$A$3001))))&"") | H84: =IF(INDEX(Products!$A$2:$A$151,76)="","",INDEX(Products!$A$2:$A$151,76)) -> Magnesium Oxide | I84: =IF(H84="","",IF(COUNTIFS(Formulas!$A$2:$A$3001,H84,Formulas!$B$2:$B$3001,$B$3)>0,MAX(I$8:I83)+1,""))
A85: =IF(ROW()-8<=$B$5,ROW()-8,"") | B85: =IF(A85="","",INDEX($H$9:$H$158,MATCH(A85,$I$9:$I$158,0))) | C85: =IF(A85="","",INDEX(Products!$F$2:$F$151,MATCH(B85,Products!$A$2:$A$151,0))) | D85: =IF(A85="","",COUNTIFS(Formulas!$A$2:$A$3001,B85,Formulas!$B$2:$B$3001,$B$3)) | E85: =IF(A85="","",INDEX(Formulas!$I$1:$I$3001,SUMPRODUCT(MAX((Formulas!$A$2:$A$3001=B85)*(Formulas!$B$2:$B$3001=$B$3)*ROW(Formulas!$A$2:$A$3001))))&"") | H85: =IF(INDEX(Products!$A$2:$A$151,77)="","",INDEX(Products!$A$2:$A$151,77)) -> Magni D | I85: =IF(H85="","",IF(COUNTIFS(Formulas!$A$2:$A$3001,H85,Formulas!$B$2:$B$3001,$B$3)>0,MAX(I$8:I84)+1,""))
A86: =IF(ROW()-8<=$B$5,ROW()-8,"") | B86: =IF(A86="","",INDEX($H$9:$H$158,MATCH(A86,$I$9:$I$158,0))) | C86: =IF(A86="","",INDEX(Products!$F$2:$F$151,MATCH(B86,Products!$A$2:$A$151,0))) | D86: =IF(A86="","",COUNTIFS(Formulas!$A$2:$A$3001,B86,Formulas!$B$2:$B$3001,$B$3)) | E86: =IF(A86="","",INDEX(Formulas!$I$1:$I$3001,SUMPRODUCT(MAX((Formulas!$A$2:$A$3001=B86)*(Formulas!$B$2:$B$3001=$B$3)*ROW(Formulas!$A$2:$A$3001))))&"") | H86: =IF(INDEX(Products!$A$2:$A$151,78)="","",INDEX(Products!$A$2:$A$151,78)) -> Sweet Sleep | I86: =IF(H86="","",IF(COUNTIFS(Formulas!$A$2:$A$3001,H86,Formulas!$B$2:$B$3001,$B$3)>0,MAX(I$8:I85)+1,""))
A87: =IF(ROW()-8<=$B$5,ROW()-8,"") | B87: =IF(A87="","",INDEX($H$9:$H$158,MATCH(A87,$I$9:$I$158,0))) | C87: =IF(A87="","",INDEX(Products!$F$2:$F$151,MATCH(B87,Products!$A$2:$A$151,0))) | D87: =IF(A87="","",COUNTIFS(Formulas!$A$2:$A$3001,B87,Formulas!$B$2:$B$3001,$B$3)) | E87: =IF(A87="","",INDEX(Formulas!$I$1:$I$3001,SUMPRODUCT(MAX((Formulas!$A$2:$A$3001=B87)*(Formulas!$B$2:$B$3001=$B$3)*ROW(Formulas!$A$2:$A$3001))))&"") | H87: =IF(INDEX(Products!$A$2:$A$151,79)="","",INDEX(Products!$A$2:$A$151,79)) -> Ferrikid | I87: =IF(H87="","",IF(COUNTIFS(Formulas!$A$2:$A$3001,H87,Formulas!$B$2:$B$3001,$B$3)>0,MAX(I$8:I86)+1,""))
A88: =IF(ROW()-8<=$B$5,ROW()-8,"") | B88: =IF(A88="","",INDEX($H$9:$H$158,MATCH(A88,$I$9:$I$158,0))) | C88: =IF(A88="","",INDEX(Products!$F$2:$F$151,MATCH(B88,Products!$A$2:$A$151,0))) | D88: =IF(A88="","",COUNTIFS(Formulas!$A$2:$A$3001,B88,Formulas!$B$2:$B$3001,$B$3)) | E88: =IF(A88="","",INDEX(Formulas!$I$1:$I$3001,SUMPRODUCT(MAX((Formulas!$A$2:$A$3001=B88)*(Formulas!$B$2:$B$3001=$B$3)*ROW(Formulas!$A$2:$A$3001))))&"") | H88: =IF(INDEX(Products!$A$2:$A$151,80)="","",INDEX(Products!$A$2:$A$151,80)) -> Painlys | I88: =IF(H88="","",IF(COUNTIFS(Formulas!$A$2:$A$3001,H88,Formulas!$B$2:$B$3001,$B$3)>0,MAX(I$8:I87)+1,"")) -> 18
A89: =IF(ROW()-8<=$B$5,ROW()-8,"") | B89: =IF(A89="","",INDEX($H$9:$H$158,MATCH(A89,$I$9:$I$158,0))) | C89: =IF(A89="","",INDEX(Products!$F$2:$F$151,MATCH(B89,Products!$A$2:$A$151,0))) | D89: =IF(A89="","",COUNTIFS(Formulas!$A$2:$A$3001,B89,Formulas!$B$2:$B$3001,$B$3)) | E89: =IF(A89="","",INDEX(Formulas!$I$1:$I$3001,SUMPRODUCT(MAX((Formulas!$A$2:$A$3001=B89)*(Formulas!$B$2:$B$3001=$B$3)*ROW(Formulas!$A$2:$A$3001))))&"") | H89: =IF(INDEX(Products!$A$2:$A$151,81)="","",INDEX(Products!$A$2:$A$151,81)) -> Feroral Premium | I89: =IF(H89="","",IF(COUNTIFS(Formulas!$A$2:$A$3001,H89,Formulas!$B$2:$B$3001,$B$3)>0,MAX(I$8:I88)+1,""))
A90: =IF(ROW()-8<=$B$5,ROW()-8,"") | B90: =IF(A90="","",INDEX($H$9:$H$158,MATCH(A90,$I$9:$I$158,0))) | C90: =IF(A90="","",INDEX(Products!$F$2:$F$151,MATCH(B90,Products!$A$2:$A$151,0))) | D90: =IF(A90="","",COUNTIFS(Formulas!$A$2:$A$3001,B90,Formulas!$B$2:$B$3001,$B$3)) | E90: =IF(A90="","",INDEX(Formulas!$I$1:$I$3001,SUMPRODUCT(MAX((Formulas!$A$2:$A$3001=B90)*(Formulas!$B$2:$B$3001=$B$3)*ROW(Formulas!$A$2:$A$3001))))&"") | H90: =IF(INDEX(Products!$A$2:$A$151,82)="","",INDEX(Products!$A$2:$A$151,82)) -> Ginc Active | I90: =IF(H90="","",IF(COUNTIFS(Formulas!$A$2:$A$3001,H90,Formulas!$B$2:$B$3001,$B$3)>0,MAX(I$8:I89)+1,""))
A91: =IF(ROW()-8<=$B$5,ROW()-8,"") | B91: =IF(A91="","",INDEX($H$9:$H$158,MATCH(A91,$I$9:$I$158,0))) | C91: =IF(A91="","",INDEX(Products!$F$2:$F$151,MATCH(B91,Products!$A$2:$A$151,0))) | D91: =IF(A91="","",COUNTIFS(Formulas!$A$2:$A$3001,B91,Formulas!$B$2:$B$3001,$B$3)) | E91: =IF(A91="","",INDEX(Formulas!$I$1:$I$3001,SUMPRODUCT(MAX((Formulas!$A$2:$A$3001=B91)*(Formulas!$B$2:$B$3001=$B$3)*ROW(Formulas!$A$2:$A$3001))))&"") | H91: =IF(INDEX(Products!$A$2:$A$151,83)="","",INDEX(Products!$A$2:$A$151,83)) -> URomax | I91: =IF(H91="","",IF(COUNTIFS(Formulas!$A$2:$A$3001,H91,Formulas!$B$2:$B$3001,$B$3)>0,MAX(I$8:I90)+1,"")) -> 19
A92: =IF(ROW()-8<=$B$5,ROW()-8,"") | B92: =IF(A92="","",INDEX($H$9:$H$158,MATCH(A92,$I$9:$I$158,0))) | C92: =IF(A92="","",INDEX(Products!$F$2:$F$151,MATCH(B92,Products!$A$2:$A$151,0))) | D92: =IF(A92="","",COUNTIFS(Formulas!$A$2:$A$3001,B92,Formulas!$B$2:$B$3001,$B$3)) | E92: =IF(A92="","",INDEX(Formulas!$I$1:$I$3001,SUMPRODUCT(MAX((Formulas!$A$2:$A$3001=B92)*(Formulas!$B$2:$B$3001=$B$3)*ROW(Formulas!$A$2:$A$3001))))&"") | H92: =IF(INDEX(Products!$A$2:$A$151,84)="","",INDEX(Products!$A$2:$A$151,84)) -> Uromax Sachet | I92: =IF(H92="","",IF(COUNTIFS(Formulas!$A$2:$A$3001,H92,Formulas!$B$2:$B$3001,$B$3)>0,MAX(I$8:I91)+1,""))
A93: =IF(ROW()-8<=$B$5,ROW()-8,"") | B93: =IF(A93="","",INDEX($H$9:$H$158,MATCH(A93,$I$9:$I$158,0))) | C93: =IF(A93="","",INDEX(Products!$F$2:$F$151,MATCH(B93,Products!$A$2:$A$151,0))) | D93: =IF(A93="","",COUNTIFS(Formulas!$A$2:$A$3001,B93,Formulas!$B$2:$B$3001,$B$3)) | E93: =IF(A93="","",INDEX(Formulas!$I$1:$I$3001,SUMPRODUCT(MAX((Formulas!$A$2:$A$3001=B93)*(Formulas!$B$2:$B$3001=$B$3)*ROW(Formulas!$A$2:$A$3001))))&"") | H93: =IF(INDEX(Products!$A$2:$A$151,85)="","",INDEX(Products!$A$2:$A$151,85)) -> Healthy Liver | I93: =IF(H93="","",IF(COUNTIFS(Formulas!$A$2:$A$3001,H93,Formulas!$B$2:$B$3001,$B$3)>0,MAX(I$8:I92)+1,""))
A94: =IF(ROW()-8<=$B$5,ROW()-8,"") | B94: =IF(A94="","",INDEX($H$9:$H$158,MATCH(A94,$I$9:$I$158,0))) | C94: =IF(A94="","",INDEX(Products!$F$2:$F$151,MATCH(B94,Products!$A$2:$A$151,0))) | D94: =IF(A94="","",COUNTIFS(Formulas!$A$2:$A$3001,B94,Formulas!$B$2:$B$3001,$B$3)) | E94: =IF(A94="","",INDEX(Formulas!$I$1:$I$3001,SUMPRODUCT(MAX((Formulas!$A$2:$A$3001=B94)*(Formulas!$B$2:$B$3001=$B$3)*ROW(Formulas!$A$2:$A$3001))))&"") | H94: =IF(INDEX(Products!$A$2:$A$151,86)="","",INDEX(Products!$A$2:$A$151,86)) -> Kamasotra premium | I94: =IF(H94="","",IF(COUNTIFS(Formulas!$A$2:$A$3001,H94,Formulas!$B$2:$B$3001,$B$3)>0,MAX(I$8:I93)+1,""))
A95: =IF(ROW()-8<=$B$5,ROW()-8,"") | B95: =IF(A95="","",INDEX($H$9:$H$158,MATCH(A95,$I$9:$I$158,0))) | C95: =IF(A95="","",INDEX(Products!$F$2:$F$151,MATCH(B95,Products!$A$2:$A$151,0))) | D95: =IF(A95="","",COUNTIFS(Formulas!$A$2:$A$3001,B95,Formulas!$B$2:$B$3001,$B$3)) | E95: =IF(A95="","",INDEX(Formulas!$I$1:$I$3001,SUMPRODUCT(MAX((Formulas!$A$2:$A$3001=B95)*(Formulas!$B$2:$B$3001=$B$3)*ROW(Formulas!$A$2:$A$3001))))&"") | H95: =IF(INDEX(Products!$A$2:$A$151,87)="","",INDEX(Products!$A$2:$A$151,87)) -> Prostica | I95: =IF(H95="","",IF(COUNTIFS(Formulas!$A$2:$A$3001,H95,Formulas!$B$2:$B$3001,$B$3)>0,MAX(I$8:I94)+1,""))
A96: =IF(ROW()-8<=$B$5,ROW()-8,"") | B96: =IF(A96="","",INDEX($H$9:$H$158,MATCH(A96,$I$9:$I$158,0))) | C96: =IF(A96="","",INDEX(Products!$F$2:$F$151,MATCH(B96,Products!$A$2:$A$151,0))) | D96: =IF(A96="","",COUNTIFS(Formulas!$A$2:$A$3001,B96,Formulas!$B$2:$B$3001,$B$3)) | E96: =IF(A96="","",INDEX(Formulas!$I$1:$I$3001,SUMPRODUCT(MAX((Formulas!$A$2:$A$3001=B96)*(Formulas!$B$2:$B$3001=$B$3)*ROW(Formulas!$A$2:$A$3001))))&"") | H96: =IF(INDEX(Products!$A$2:$A$151,88)="","",INDEX(Products!$A$2:$A$151,88)) -> Vitacal Forte | I96: =IF(H96="","",IF(COUNTIFS(Formulas!$A$2:$A$3001,H96,Formulas!$B$2:$B$3001,$B$3)>0,MAX(I$8:I95)+1,"")) -> 20
A97: =IF(ROW()-8<=$B$5,ROW()-8,"") | B97: =IF(A97="","",INDEX($H$9:$H$158,MATCH(A97,$I$9:$I$158,0))) | C97: =IF(A97="","",INDEX(Products!$F$2:$F$151,MATCH(B97,Products!$A$2:$A$151,0))) | D97: =IF(A97="","",COUNTIFS(Formulas!$A$2:$A$3001,B97,Formulas!$B$2:$B$3001,$B$3)) | E97: =IF(A97="","",INDEX(Formulas!$I$1:$I$3001,SUMPRODUCT(MAX((Formulas!$A$2:$A$3001=B97)*(Formulas!$B$2:$B$3001=$B$3)*ROW(Formulas!$A$2:$A$3001))))&"") | H97: =IF(INDEX(Products!$A$2:$A$151,89)="","",INDEX(Products!$A$2:$A$151,89)) -> Burning Fat | I97: =IF(H97="","",IF(COUNTIFS(Formulas!$A$2:$A$3001,H97,Formulas!$B$2:$B$3001,$B$3)>0,MAX(I$8:I96)+1,""))
A98: =IF(ROW()-8<=$B$5,ROW()-8,"") | B98: =IF(A98="","",INDEX($H$9:$H$158,MATCH(A98,$I$9:$I$158,0))) | C98: =IF(A98="","",INDEX(Products!$F$2:$F$151,MATCH(B98,Products!$A$2:$A$151,0))) | D98: =IF(A98="","",COUNTIFS(Formulas!$A$2:$A$3001,B98,Formulas!$B$2:$B$3001,$B$3)) | E98: =IF(A98="","",INDEX(Formulas!$I$1:$I$3001,SUMPRODUCT(MAX((Formulas!$A$2:$A$3001=B98)*(Formulas!$B$2:$B$3001=$B$3)*ROW(Formulas!$A$2:$A$3001))))&"") | H98: =IF(INDEX(Products!$A$2:$A$151,90)="","",INDEX(Products!$A$2:$A$151,90)) -> Co-Enzyme Q10 (30mg) | I98: =IF(H98="","",IF(COUNTIFS(Formulas!$A$2:$A$3001,H98,Formulas!$B$2:$B$3001,$B$3)>0,MAX(I$8:I97)+1,""))
A99: =IF(ROW()-8<=$B$5,ROW()-8,"") | B99: =IF(A99="","",INDEX($H$9:$H$158,MATCH(A99,$I$9:$I$158,0))) | C99: =IF(A99="","",INDEX(Products!$F$2:$F$151,MATCH(B99,Products!$A$2:$A$151,0))) | D99: =IF(A99="","",COUNTIFS(Formulas!$A$2:$A$3001,B99,Formulas!$B$2:$B$3001,$B$3)) | E99: =IF(A99="","",INDEX(Formulas!$I$1:$I$3001,SUMPRODUCT(MAX((Formulas!$A$2:$A$3001=B99)*(Formulas!$B$2:$B$3001=$B$3)*ROW(Formulas!$A$2:$A$3001))))&"") | H99: =IF(INDEX(Products!$A$2:$A$151,91)="","",INDEX(Products!$A$2:$A$151,91)) -> Co-Enzyme Q10 (100mg) | I99: =IF(H99="","",IF(COUNTIFS(Formulas!$A$2:$A$3001,H99,Formulas!$B$2:$B$3001,$B$3)>0,MAX(I$8:I98)+1,""))
A100: =IF(ROW()-8<=$B$5,ROW()-8,"") | B100: =IF(A100="","",INDEX($H$9:$H$158,MATCH(A100,$I$9:$I$158,0))) | C100: =IF(A100="","",INDEX(Products!$F$2:$F$151,MATCH(B100,Products!$A$2:$A$151,0))) | D100: =IF(A100="","",COUNTIFS(Formulas!$A$2:$A$3001,B100,Formulas!$B$2:$B$3001,$B$3)) | E100: =IF(A100="","",INDEX(Formulas!$I$1:$I$3001,SUMPRODUCT(MAX((Formulas!$A$2:$A$3001=B100)*(Formulas!$B$2:$B$3001=$B$3)*ROW(Formulas!$A$2:$A$3001))))&"") | H100: =IF(INDEX(Products!$A$2:$A$151,92)="","",INDEX(Products!$A$2:$A$151,92)) -> Digestive Aid (30) | I100: =IF(H100="","",IF(COUNTIFS(Formulas!$A$2:$A$3001,H100,Formulas!$B$2:$B$3001,$B$3)>0,MAX(I$8:I99)+1,"")) -> 21
A101: =IF(ROW()-8<=$B$5,ROW()-8,"") | B101: =IF(A101="","",INDEX($H$9:$H$158,MATCH(A101,$I$9:$I$158,0))) | C101: =IF(A101="","",INDEX(Products!$F$2:$F$151,MATCH(B101,Products!$A$2:$A$151,0))) | D101: =IF(A101="","",COUNTIFS(Formulas!$A$2:$A$3001,B101,Formulas!$B$2:$B$3001,$B$3)) | E101: =IF(A101="","",INDEX(Formulas!$I$1:$I$3001,SUMPRODUCT(MAX((Formulas!$A$2:$A$3001=B101)*(Formulas!$B$2:$B$3001=$B$3)*ROW(Formulas!$A$2:$A$3001))))&"") | H101: =IF(INDEX(Products!$A$2:$A$151,93)="","",INDEX(Products!$A$2:$A$151,93)) -> Digestive Aid (60) | I101: =IF(H101="","",IF(COUNTIFS(Formulas!$A$2:$A$3001,H101,Formulas!$B$2:$B$3001,$B$3)>0,MAX(I$8:I100)+1,"")) -> 22
A102: =IF(ROW()-8<=$B$5,ROW()-8,"") | B102: =IF(A102="","",INDEX($H$9:$H$158,MATCH(A102,$I$9:$I$158,0))) | C102: =IF(A102="","",INDEX(Products!$F$2:$F$151,MATCH(B102,Products!$A$2:$A$151,0))) | D102: =IF(A102="","",COUNTIFS(Formulas!$A$2:$A$3001,B102,Formulas!$B$2:$B$3001,$B$3)) | E102: =IF(A102="","",INDEX(Formulas!$I$1:$I$3001,SUMPRODUCT(MAX((Formulas!$A$2:$A$3001=B102)*(Formulas!$B$2:$B$3001=$B$3)*ROW(Formulas!$A$2:$A$3001))))&"") | H102: =IF(INDEX(Products!$A$2:$A$151,94)="","",INDEX(Products!$A$2:$A$151,94)) -> Celer-X Forte | I102: =IF(H102="","",IF(COUNTIFS(Formulas!$A$2:$A$3001,H102,Formulas!$B$2:$B$3001,$B$3)>0,MAX(I$8:I101)+1,""))
...

Sheet Product View
A1: Product View: formula (bill of materials) of one product
A3: Select product | B3: Ezetimibe-Rosuvastatin 10-10
A4: Active ingredient(s) | B4: =IFERROR(INDEX(Products!$F$2:$F$151,MATCH($B$3,Products!$A$2:$A$151,0)),"") -> Ezetimibe, Rosuvastatin Calcium
A5: Formula lines | B5: =COUNTIF(Formulas!$A$2:$A$3001,$B$3) -> 19
A7: # | B7: Material | C7: Category | D7: Stage / Note | E7: Qty | F7: Also used in (other products)
A8: =IF(ROW()-7<=$B$5,ROW()-7,"") -> 1 | B8: =IF($A8="","",INDEX(Formulas!$B$2:$B$3001,MATCH($B$3&"|"&$A8,Formulas!$J$2:$J$3001,0))) -> Ezetimibe | C8: =IF($A8="","",INDEX(Formulas!$F$2:$F$3001,MATCH($B$3&"|"&$A8,Formulas!$J$2:$J$3001,0))) -> Active | D8: =IF($A8="","",INDEX(Formulas!$C$2:$C$3001,MATCH($B$3&"|"&$A8,Formulas!$J$2:$J$3001,0))&"") | E8: =IF($A8="","",IF(INDEX(Formulas!$D$2:$D$3001,MATCH($B$3&"|"&$A8,Formulas!$J$2:$J$3001,0))="","",INDEX(Formulas!$D$2:$D$3001,MATCH($B$3&"|"&$A8,Formulas!$J$2:$J$3001,0)))) | F8: =IF($A8="","",INDEX(Materials!$D$2:$D$301,MATCH(B8,Materials!$A$2:$A$301,0))-1) -> 3
A9: =IF(ROW()-7<=$B$5,ROW()-7,"") -> 2 | B9: =IF($A9="","",INDEX(Formulas!$B$2:$B$3001,MATCH($B$3&"|"&$A9,Formulas!$J$2:$J$3001,0))) -> Croscarmellose Sodium | C9: =IF($A9="","",INDEX(Formulas!$F$2:$F$3001,MATCH($B$3&"|"&$A9,Formulas!$J$2:$J$3001,0))) -> Disintegrant | D9: =IF($A9="","",INDEX(Formulas!$C$2:$C$3001,MATCH($B$3&"|"&$A9,Formulas!$J$2:$J$3001,0))&"") -> Intra-granular | E9: =IF($A9="","",IF(INDEX(Formulas!$D$2:$D$3001,MATCH($B$3&"|"&$A9,Formulas!$J$2:$J$3001,0))="","",INDEX(Formulas!$D$2:$D$3001,MATCH($B$3&"|"&$A9,Formulas!$J$2:$J$3001,0)))) | F9: =IF($A9="","",INDEX(Materials!$D$2:$D$301,MATCH(B9,Materials!$A$2:$A$301,0))-1) -> 25
A10: =IF(ROW()-7<=$B$5,ROW()-7,"") -> 3 | B10: =IF($A10="","",INDEX(Formulas!$B$2:$B$3001,MATCH($B$3&"|"&$A10,Formulas!$J$2:$J$3001,0))) -> Sodium Lauryl Sulfate | C10: =IF($A10="","",INDEX(Formulas!$F$2:$F$3001,MATCH($B$3&"|"&$A10,Formulas!$J$2:$J$3001,0))) -> Surfactant | D10: =IF($A10="","",INDEX(Formulas!$C$2:$C$3001,MATCH($B$3&"|"&$A10,Formulas!$J$2:$J$3001,0))&"") | E10: =IF($A10="","",IF(INDEX(Formulas!$D$2:$D$3001,MATCH($B$3&"|"&$A10,Formulas!$J$2:$J$3001,0))="","",INDEX(Formulas!$D$2:$D$3001,MATCH($B$3&"|"&$A10,Formulas!$J$2:$J$3001,0)))) | F10: =IF($A10="","",INDEX(Materials!$D$2:$D$301,MATCH(B10,Materials!$A$2:$A$301,0))-1) -> 24
A11: =IF(ROW()-7<=$B$5,ROW()-7,"") -> 4 | B11: =IF($A11="","",INDEX(Formulas!$B$2:$B$3001,MATCH($B$3&"|"&$A11,Formulas!$J$2:$J$3001,0))) -> Mannitol | C11: =IF($A11="","",INDEX(Formulas!$F$2:$F$3001,MATCH($B$3&"|"&$A11,Formulas!$J$2:$J$3001,0))) -> Filler / Diluent | D11: =IF($A11="","",INDEX(Formulas!$C$2:$C$3001,MATCH($B$3&"|"&$A11,Formulas!$J$2:$J$3001,0))&"") | E11: =IF($A11="","",IF(INDEX(Formulas!$D$2:$D$3001,MATCH($B$3&"|"&$A11,Formulas!$J$2:$J$3001,0))="","",INDEX(Formulas!$D$2:$D$3001,MATCH($B$3&"|"&$A11,Formulas!$J$2:$J$3001,0)))) | F11: =IF($A11="","",INDEX(Materials!$D$2:$D$301,MATCH(B11,Materials!$A$2:$A$301,0))-1) -> 24
A12: =IF(ROW()-7<=$B$5,ROW()-7,"") -> 5 | B12: =IF($A12="","",INDEX(Formulas!$B$2:$B$3001,MATCH($B$3&"|"&$A12,Formulas!$J$2:$J$3001,0))) -> PVP K30 | C12: =IF($A12="","",INDEX(Formulas!$F$2:$F$3001,MATCH($B$3&"|"&$A12,Formulas!$J$2:$J$3001,0))) -> Binder | D12: =IF($A12="","",INDEX(Formulas!$C$2:$C$3001,MATCH($B$3&"|"&$A12,Formulas!$J$2:$J$3001,0))&"") -> Binder Solution | E12: =IF($A12="","",IF(INDEX(Formulas!$D$2:$D$3001,MATCH($B$3&"|"&$A12,Formulas!$J$2:$J$3001,0))="","",INDEX(Formulas!$D$2:$D$3001,MATCH($B$3&"|"&$A12,Formulas!$J$2:$J$3001,0)))) | F12: =IF($A12="","",INDEX(Materials!$D$2:$D$301,MATCH(B12,Materials!$A$2:$A$301,0))-1) -> 53
A13: =IF(ROW()-7<=$B$5,ROW()-7,"") -> 6 | B13: =IF($A13="","",INDEX(Formulas!$B$2:$B$3001,MATCH($B$3&"|"&$A13,Formulas!$J$2:$J$3001,0))) -> Ethanol 96% | C13: =IF($A13="","",INDEX(Formulas!$F$2:$F$3001,MATCH($B$3&"|"&$A13,Formulas!$J$2:$J$3001,0))) -> Solvent | D13: =IF($A13="","",INDEX(Formulas!$C$2:$C$3001,MATCH($B$3&"|"&$A13,Formulas!$J$2:$J$3001,0))&"") -> Binder Solvent | E13: =IF($A13="","",IF(INDEX(Formulas!$D$2:$D$3001,MATCH($B$3&"|"&$A13,Formulas!$J$2:$J$3001,0))="","",INDEX(Formulas!$D$2:$D$3001,MATCH($B$3&"|"&$A13,Formulas!$J$2:$J$3001,0)))) | F13: =IF($A13="","",INDEX(Materials!$D$2:$D$301,MATCH(B13,Materials!$A$2:$A$301,0))-1) -> 69
A14: =IF(ROW()-7<=$B$5,ROW()-7,"") -> 7 | B14: =IF($A14="","",INDEX(Formulas!$B$2:$B$3001,MATCH($B$3&"|"&$A14,Formulas!$J$2:$J$3001,0))) -> Rosuvastatin Calcium | C14: =IF($A14="","",INDEX(Formulas!$F$2:$F$3001,MATCH($B$3&"|"&$A14,Formulas!$J$2:$J$3001,0))) -> Active | D14: =IF($A14="","",INDEX(Formulas!$C$2:$C$3001,MATCH($B$3&"|"&$A14,Formulas!$J$2:$J$3001,0))&"") | E14: =IF($A14="","",IF(INDEX(Formulas!$D$2:$D$3001,MATCH($B$3&"|"&$A14,Formulas!$J$2:$J$3001,0))="","",INDEX(Formulas!$D$2:$D$3001,MATCH($B$3&"|"&$A14,Formulas!$J$2:$J$3001,0)))) | F14: =IF($A14="","",INDEX(Materials!$D$2:$D$301,MATCH(B14,Materials!$A$2:$A$301,0))-1) -> 2
A15: =IF(ROW()-7<=$B$5,ROW()-7,"") -> 8 | B15: =IF($A15="","",INDEX(Formulas!$B$2:$B$3001,MATCH($B$3&"|"&$A15,Formulas!$J$2:$J$3001,0))) -> Croscarmellose Sodium | C15: =IF($A15="","",INDEX(Formulas!$F$2:$F$3001,MATCH($B$3&"|"&$A15,Formulas!$J$2:$J$3001,0))) -> Disintegrant | D15: =IF($A15="","",INDEX(Formulas!$C$2:$C$3001,MATCH($B$3&"|"&$A15,Formulas!$J$2:$J$3001,0))&"") -> Extra-granular | E15: =IF($A15="","",IF(INDEX(Formulas!$D$2:$D$3001,MATCH($B$3&"|"&$A15,Formulas!$J$2:$J$3001,0))="","",INDEX(Formulas!$D$2:$D$3001,MATCH($B$3&"|"&$A15,Formulas!$J$2:$J$3001,0)))) | F15: =IF($A15="","",INDEX(Materials!$D$2:$D$301,MATCH(B15,Materials!$A$2:$A$301,0))-1) -> 25
A16: =IF(ROW()-7<=$B$5,ROW()-7,"") -> 9 | B16: =IF($A16="","",INDEX(Formulas!$B$2:$B$3001,MATCH($B$3&"|"&$A16,Formulas!$J$2:$J$3001,0))) -> Microcrystalline Cellulose PH 102 | C16: =IF($A16="","",INDEX(Formulas!$F$2:$F$3001,MATCH($B$3&"|"&$A16,Formulas!$J$2:$J$3001,0))) -> Filler / Diluent | D16: =IF($A16="","",INDEX(Formulas!$C$2:$C$3001,MATCH($B$3&"|"&$A16,Formulas!$J$2:$J$3001,0))&"") | E16: =IF($A16="","",IF(INDEX(Formulas!$D$2:$D$3001,MATCH($B$3&"|"&$A16,Formulas!$J$2:$J$3001,0))="","",INDEX(Formulas!$D$2:$D$3001,MATCH($B$3&"|"&$A16,Formulas!$J$2:$J$3001,0)))) | F16: =IF($A16="","",INDEX(Materials!$D$2:$D$301,MATCH(B16,Materials!$A$2:$A$301,0))-1) -> 27
A17: =IF(ROW()-7<=$B$5,ROW()-7,"") -> 10 | B17: =IF($A17="","",INDEX(Formulas!$B$2:$B$3001,MATCH($B$3&"|"&$A17,Formulas!$J$2:$J$3001,0))) -> PVP K30 | C17: =IF($A17="","",INDEX(Formulas!$F$2:$F$3001,MATCH($B$3&"|"&$A17,Formulas!$J$2:$J$3001,0))) -> Binder | D17: =IF($A17="","",INDEX(Formulas!$C$2:$C$3001,MATCH($B$3&"|"&$A17,Formulas!$J$2:$J$3001,0))&"") -> Dry Binder | E17: =IF($A17="","",IF(INDEX(Formulas!$D$2:$D$3001,MATCH($B$3&"|"&$A17,Formulas!$J$2:$J$3001,0))="","",INDEX(Formulas!$D$2:$D$3001,MATCH($B$3&"|"&$A17,Formulas!$J$2:$J$3001,0)))) | F17: =IF($A17="","",INDEX(Materials!$D$2:$D$301,MATCH(B17,Materials!$A$2:$A$301,0))-1) -> 53
A18: =IF(ROW()-7<=$B$5,ROW()-7,"") -> 11 | B18: =IF($A18="","",INDEX(Formulas!$B$2:$B$3001,MATCH($B$3&"|"&$A18,Formulas!$J$2:$J$3001,0))) -> Colloidal Silicon Dioxide | C18: =IF($A18="","",INDEX(Formulas!$F$2:$F$3001,MATCH($B$3&"|"&$A18,Formulas!$J$2:$J$3001,0))) -> Glidant | D18: =IF($A18="","",INDEX(Formulas!$C$2:$C$3001,MATCH($B$3&"|"&$A18,Formulas!$J$2:$J$3001,0))&"") | E18: =IF($A18="","",IF(INDEX(Formulas!$D$2:$D$3001,MATCH($B$3&"|"&$A18,Formulas!$J$2:$J$3001,0))="","",INDEX(Formulas!$D$2:$D$3001,MATCH($B$3&"|"&$A18,Formulas!$J$2:$J$3001,0)))) | F18: =IF($A18="","",INDEX(Materials!$D$2:$D$301,MATCH(B18,Materials!$A$2:$A$301,0))-1) -> 74
A19: =IF(ROW()-7<=$B$5,ROW()-7,"") -> 12 | B19: =IF($A19="","",INDEX(Formulas!$B$2:$B$3001,MATCH($B$3&"|"&$A19,Formulas!$J$2:$J$3001,0))) -> Sodium Stearyl Fumarate | C19: =IF($A19="","",INDEX(Formulas!$F$2:$F$3001,MATCH($B$3&"|"&$A19,Formulas!$J$2:$J$3001,0))) -> Lubricant | D19: =IF($A19="","",INDEX(Formulas!$C$2:$C$3001,MATCH($B$3&"|"&$A19,Formulas!$J$2:$J$3001,0))&"") | E19: =IF($A19="","",IF(INDEX(Formulas!$D$2:$D$3001,MATCH($B$3&"|"&$A19,Formulas!$J$2:$J$3001,0))="","",INDEX(Formulas!$D$2:$D$3001,MATCH($B$3&"|"&$A19,Formulas!$J$2:$J$3001,0)))) | F19: =IF($A19="","",INDEX(Materials!$D$2:$D$301,MATCH(B19,Materials!$A$2:$A$301,0))-1) -> 10
... A67: =IF(ROW()-7<=$B$5,ROW()-7,"") | B67: =IF($A67="","",INDEX(Formulas!$B$2:$B$3001,MATCH($B$3&"|"&$A67,Formulas!$J$2:$J$3001,0))) | C67: =IF($A67="","",INDEX(Formulas!$F$2:$F$3001,MATCH($B$3&"|"&$A67,Formulas!$J$2:$J$3001,0))) | D67: =IF($A67="","",INDEX(Formulas!$C$2:$C$3001,MATCH($B$3&"|"&$A67,Formulas!$J$2:$J$3001,0))&"") | E67: =IF($A67="","",IF(INDEX(Formulas!$D$2:$D$3001,MATCH($B$3&"|"&$A67,Formulas!$J$2:$J$3001,0))="","",INDEX(Formulas!$D$2:$D$3001,MATCH($B$3&"|"&$A67,Formulas!$J$2:$J$3001,0)))) | F67: =IF($A67="","",INDEX(Materials!$D$2:$D$301,MATCH(B67,Materials!$A$2:$A$301,0))-1)

Sheet Materials
A1: Material | B1: Category | C1: Aliases / Notes | D1: # Products (auto) | E1: # Formula lines (auto) | F1: % of products (auto) | G1: Status (auto)
A2: Acetaminophen | B2: Active | C2: Source names: Acetaminophen Powder | D2: =IF(A2="","",SUMIFS(Formulas!$K$2:$K$3001,Formulas!$B$2:$B$3001,A2)) -> 6 | E2: =IF(A2="","",COUNTIF(Formulas!$B$2:$B$3001,A2)) -> 6 | F2: =IF(A2="","",IF(COUNTA(Products!$A$2:$A$151)=0,0,D2/COUNTA(Products!$A$2:$A$151))) -> 0.056603774 | G2: =IF(A2="","",IF(D2=0,"Not used",IF(D2=1,"Unique to 1 product",IF(D2=COUNTA(Products!$A$2:$A$151),"In all products","Shared")))) -> Shared
A3: Amlodipine Besylate | B3: Active | D3: =IF(A3="","",SUMIFS(Formulas!$K$2:$K$3001,Formulas!$B$2:$B$3001,A3)) -> 4 | E3: =IF(A3="","",COUNTIF(Formulas!$B$2:$B$3001,A3)) -> 4 | F3: =IF(A3="","",IF(COUNTA(Products!$A$2:$A$151)=0,0,D3/COUNTA(Products!$A$2:$A$151))) -> 0.037735849 | G3: =IF(A3="","",IF(D3=0,"Not used",IF(D3=1,"Unique to 1 product",IF(D3=COUNTA(Products!$A$2:$A$151),"In all products","Shared")))) -> Shared
A4: Apium Graveolens Seed Dry Extract 6:1 | B4: Active | C4: Source names: Apium Graveolens Seed Dry Extract Con. 6:1 | D4: =IF(A4="","",SUMIFS(Formulas!$K$2:$K$3001,Formulas!$B$2:$B$3001,A4)) -> 1 | E4: =IF(A4="","",COUNTIF(Formulas!$B$2:$B$3001,A4)) -> 1 | F4: =IF(A4="","",IF(COUNTA(Products!$A$2:$A$151)=0,0,D4/COUNTA(Products!$A$2:$A$151))) -> 0.0094339623 | G4: =IF(A4="","",IF(D4=0,"Not used",IF(D4=1,"Unique to 1 product",IF(D4=COUNTA(Products!$A$2:$A$151),"In all products","Shared")))) -> Unique to 1 product
A5: Apixaban | B5: Active | D5: =IF(A5="","",SUMIFS(Formulas!$K$2:$K$3001,Formulas!$B$2:$B$3001,A5)) -> 2 | E5: =IF(A5="","",COUNTIF(Formulas!$B$2:$B$3001,A5)) -> 2 | F5: =IF(A5="","",IF(COUNTA(Products!$A$2:$A$151)=0,0,D5/COUNTA(Products!$A$2:$A$151))) -> 0.018867925 | G5: =IF(A5="","",IF(D5=0,"Not used",IF(D5=1,"Unique to 1 product",IF(D5=COUNTA(Products!$A$2:$A$151),"In all products","Shared")))) -> Shared
A6: Artichoke Dry Extract 25:1 | B6: Active | C6: Source names: Artichoke Dry Extract (Cynara scolymus leaf Extract Con. 25:1) | D6: =IF(A6="","",SUMIFS(Formulas!$K$2:$K$3001,Formulas!$B$2:$B$3001,A6)) -> 1 | E6: =IF(A6="","",COUNTIF(Formulas!$B$2:$B$3001,A6)) -> 1 | F6: =IF(A6="","",IF(COUNTA(Products!$A$2:$A$151)=0,0,D6/COUNTA(Products!$A$2:$A$151))) -> 0.0094339623 | G6: =IF(A6="","",IF(D6=0,"Not used",IF(D6=1,"Unique to 1 product",IF(D6=COUNTA(Products!$A$2:$A$151),"In all products","Shared")))) -> Unique to 1 product
A7: Ascorbic Acid (Vitamin C) | B7: Active | C7: Check if it is the same as Ascorbic Acid Coated 97%. | D7: =IF(A7="","",SUMIFS(Formulas!$K$2:$K$3001,Formulas!$B$2:$B$3001,A7)) -> 2 | E7: =IF(A7="","",COUNTIF(Formulas!$B$2:$B$3001,A7)) -> 2 | F7: =IF(A7="","",IF(COUNTA(Products!$A$2:$A$151)=0,0,D7/COUNTA(Products!$A$2:$A$151))) -> 0.018867925 | G7: =IF(A7="","",IF(D7=0,"Not used",IF(D7=1,"Unique to 1 product",IF(D7=COUNTA(Products!$A$2:$A$151),"In all products","Shared")))) -> Shared
A8: Ascorbic Acid Coated 97% | B8: Active | C8: Source names: Vitamin C (as Ascorbic Acid Coated 97%); Vitamin C (as Coated Ascorbic Acid) | D8: =IF(A8="","",SUMIFS(Formulas!$K$2:$K$3001,Formulas!$B$2:$B$3001,A8)) -> 12 | E8: =IF(A8="","",COUNTIF(Formulas!$B$2:$B$3001,A8)) -> 12 | F8: =IF(A8="","",IF(COUNTA(Products!$A$2:$A$151)=0,0,D8/COUNTA(Products!$A$2:$A$151))) -> 0.11320755 | G8: =IF(A8="","",IF(D8=0,"Not used",IF(D8=1,"Unique to 1 product",IF(D8=COUNTA(Products!$A$2:$A$151),"In all products","Shared")))) -> Shared
A9: Azelastine Hydrochloride | B9: Active | D9: =IF(A9="","",SUMIFS(Formulas!$K$2:$K$3001,Formulas!$B$2:$B$3001,A9)) -> 1 | E9: =IF(A9="","",COUNTIF(Formulas!$B$2:$B$3001,A9)) -> 1 | F9: =IF(A9="","",IF(COUNTA(Products!$A$2:$A$151)=0,0,D9/COUNTA(Products!$A$2:$A$151))) -> 0.0094339623 | G9: =IF(A9="","",IF(D9=0,"Not used",IF(D9=1,"Unique to 1 product",IF(D9=COUNTA(Products!$A$2:$A$151),"In all products","Shared")))) -> Unique to 1 product
A10: Beet Root | B10: Active | D10: =IF(A10="","",SUMIFS(Formulas!$K$2:$K$3001,Formulas!$B$2:$B$3001,A10)) -> 1 | E10: =IF(A10="","",COUNTIF(Formulas!$B$2:$B$3001,A10)) -> 1 | F10: =IF(A10="","",IF(COUNTA(Products!$A$2:$A$151)=0,0,D10/COUNTA(Products!$A$2:$A$151))) -> 0.0094339623 | G10: =IF(A10="","",IF(D10=0,"Not used",IF(D10=1,"Unique to 1 product",IF(D10=COUNTA(Products!$A$2:$A$151),"In all products","Shared")))) -> Unique to 1 product
A11: Bempedoic Acid | B11: Active | D11: =IF(A11="","",SUMIFS(Formulas!$K$2:$K$3001,Formulas!$B$2:$B$3001,A11)) -> 2 | E11: =IF(A11="","",COUNTIF(Formulas!$B$2:$B$3001,A11)) -> 2 | F11: =IF(A11="","",IF(COUNTA(Products!$A$2:$A$151)=0,0,D11/COUNTA(Products!$A$2:$A$151))) -> 0.018867925 | G11: =IF(A11="","",IF(D11=0,"Not used",IF(D11=1,"Unique to 1 product",IF(D11=COUNTA(Products!$A$2:$A$151),"In all products","Shared")))) -> Shared
A12: Beta-Carotene | B12: Active | C12: Source names: Beta carotene 10% CWS; Beta-carotene 10%; Betacarotene | D12: =IF(A12="","",SUMIFS(Formulas!$K$2:$K$3001,Formulas!$B$2:$B$3001,A12)) -> 5 | E12: =IF(A12="","",COUNTIF(Formulas!$B$2:$B$3001,A12)) -> 5 | F12: =IF(A12="","",IF(COUNTA(Products!$A$2:$A$151)=0,0,D12/COUNTA(Products!$A$2:$A$151))) -> 0.047169811 | G12: =IF(A12="","",IF(D12=0,"Not used",IF(D12=1,"Unique to 1 product",IF(D12=COUNTA(Products!$A$2:$A$151),"In all products","Shared")))) -> Shared
A13: Biotin (Vitamin B7) | B13: Active | C13: Source names: Biotin; Vitamin B7 (as Biotin); Vitamin B7 (Biotin) | D13: =IF(A13="","",SUMIFS(Formulas!$K$2:$K$3001,Formulas!$B$2:$B$3001,A13)) -> 5 | E13: =IF(A13="","",COUNTIF(Formulas!$B$2:$B$3001,A13)) -> 5 | F13: =IF(A13="","",IF(COUNTA(Products!$A$2:$A$151)=0,0,D13/COUNTA(Products!$A$2:$A$151))) -> 0.047169811 | G13: =IF(A13="","",IF(D13=0,"Not used",IF(D13=1,"Unique to 1 product",IF(D13=COUNTA(Products!$A$2:$A$151),"In all products","Shared")))) -> Shared
A14: Borax | B14: Active | D14: =IF(A14="","",SUMIFS(Formulas!$K$2:$K$3001,Formulas!$B$2:$B$3001,A14)) -> 1 | E14: =IF(A14="","",COUNTIF(Formulas!$B$2:$B$3001,A14)) -> 1 | F14: =IF(A14="","",IF(COUNTA(Products!$A$2:$A$151)=0,0,D14/COUNTA(Products!$A$2:$A$151))) -> 0.0094339623 | G14: =IF(A14="","",IF(D14=0,"Not used",IF(D14=1,"Unique to 1 product",IF(D14=COUNTA(Products!$A$2:$A$151),"In all products","Shared")))) -> Unique to 1 product
A15: Caffeine (Base) | B15: Active | D15: =IF(A15="","",SUMIFS(Formulas!$K$2:$K$3001,Formulas!$B$2:$B$3001,A15)) -> 1 | E15: =IF(A15="","",COUNTIF(Formulas!$B$2:$B$3001,A15)) -> 1 | F15: =IF(A15="","",IF(COUNTA(Products!$A$2:$A$151)=0,0,D15/COUNTA(Products!$A$2:$A$151))) -> 0.0094339623 | G15: =IF(A15="","",IF(D15=0,"Not used",IF(D15=1,"Unique to 1 product",IF(D15=COUNTA(Products!$A$2:$A$151),"In all products","Shared")))) -> Unique to 1 product
A16: Calcium Carbonate | B16: Active | C16: Check if it is the same as Calcium Carbonate Heavy. | D16: =IF(A16="","",SUMIFS(Formulas!$K$2:$K$3001,Formulas!$B$2:$B$3001,A16)) -> 1 | E16: =IF(A16="","",COUNTIF(Formulas!$B$2:$B$3001,A16)) -> 1 | F16: =IF(A16="","",IF(COUNTA(Products!$A$2:$A$151)=0,0,D16/COUNTA(Products!$A$2:$A$151))) -> 0.0094339623 | G16: =IF(A16="","",IF(D16=0,"Not used",IF(D16=1,"Unique to 1 product",IF(D16=COUNTA(Products!$A$2:$A$151),"In all products","Shared")))) -> Unique to 1 product
A17: Calcium Carbonate Heavy | B17: Active | C17: Source names: Calcium (as Calcium Carbonate - Heavy); Ca (Calcium Carbonate Heavy); Calcium Carbonate (Heavy) (+1 more, see Name Mapping) | D17: =IF(A17="","",SUMIFS(Formulas!$K$2:$K$3001,Formulas!$B$2:$B$3001,A17)) -> 7 | E17: =IF(A17="","",COUNTIF(Formulas!$B$2:$B$3001,A17)) -> 7 | F17: =IF(A17="","",IF(COUNTA(Products!$A$2:$A$151)=0,0,D17/COUNTA(Products!$A$2:$A$151))) -> 0.066037736 | G17: =IF(A17="","",IF(D17=0,"Not used",IF(D17=1,"Unique to 1 product",IF(D17=COUNTA(Products!$A$2:$A$151),"In all products","Shared")))) -> Shared
A18: Calcium Pantothenate (Vitamin B5) | B18: Active | C18: Source names: Calcium Pantothenate (B5); Vitamin B5 (as Calcium Pantothenate); Calcium Pantothenate(B5) (+1 more, see Name Mapping) | D18: =IF(A18="","",SUMIFS(Formulas!$K$2:$K$3001,Formulas!$B$2:$B$3001,A18)) -> 7 | E18: =IF(A18="","",COUNTIF(Formulas!$B$2:$B$3001,A18)) -> 7 | F18: =IF(A18="","",IF(COUNTA(Products!$A$2:$A$151)=0,0,D18/COUNTA(Products!$A$2:$A$151))) -> 0.066037736 | G18: =IF(A18="","",IF(D18=0,"Not used",IF(D18=1,"Unique to 1 product",IF(D18=COUNTA(Products!$A$2:$A$151),"In all products","Shared")))) -> Shared
A19: Choline Bitartrate | B19: Active | D19: =IF(A19="","",SUMIFS(Formulas!$K$2:$K$3001,Formulas!$B$2:$B$3001,A19)) -> 2 | E19: =IF(A19="","",COUNTIF(Formulas!$B$2:$B$3001,A19)) -> 2 | F19: =IF(A19="","",IF(COUNTA(Products!$A$2:$A$151)=0,0,D19/COUNTA(Products!$A$2:$A$151))) -> 0.018867925 | G19: =IF(A19="","",IF(D19=0,"Not used",IF(D19=1,"Unique to 1 product",IF(D19=COUNTA(Products!$A$2:$A$151),"In all products","Shared")))) -> Shared
A20: Chromium Picolinate | B20: Active | C20: Source names: Chromium (as Chromium Picolinate) | D20: =IF(A20="","",SUMIFS(Formulas!$K$2:$K$3001,Formulas!$B$2:$B$3001,A20)) -> 3 | E20: =IF(A20="","",COUNTIF(Formulas!$B$2:$B$3001,A20)) -> 3 | F20: =IF(A20="","",IF(COUNTA(Products!$A$2:$A$151)=0,0,D20/COUNTA(Products!$A$2:$A$151))) -> 0.028301887 | G20: =IF(A20="","",IF(D20=0,"Not used",IF(D20=1,"Unique to 1 product",IF(D20=COUNTA(Products!$A$2:$A$151),"In all products","Shared")))) -> Shared
A21: Citicoline Sodium | B21: Active | D21: =IF(A21="","",SUMIFS(Formulas!$K$2:$K$3001,Formulas!$B$2:$B$3001,A21)) -> 1 | E21: =IF(A21="","",COUNTIF(Formulas!$B$2:$B$3001,A21)) -> 1 | F21: =IF(A21="","",IF(COUNTA(Products!$A$2:$A$151)=0,0,D21/COUNTA(Products!$A$2:$A$151))) -> 0.0094339623 | G21: =IF(A21="","",IF(D21=0,"Not used",IF(D21=1,"Unique to 1 product",IF(D21=COUNTA(Products!$A$2:$A$151),"In all products","Shared")))) -> Unique to 1 product
A22: Coleus Forskohlii Root Dry Extract 10:1 | B22: Active | C22: Source names: Coleus Forskohlii Root Dry Extract Con. 10:1 | D22: =IF(A22="","",SUMIFS(Formulas!$K$2:$K$3001,Formulas!$B$2:$B$3001,A22)) -> 1 | E22: =IF(A22="","",COUNTIF(Formulas!$B$2:$B$3001,A22)) -> 1 | F22: =IF(A22="","",IF(COUNTA(Products!$A$2:$A$151)=0,0,D22/COUNTA(Products!$A$2:$A$151))) -> 0.0094339623 | G22: =IF(A22="","",IF(D22=0,"Not used",IF(D22=1,"Unique to 1 product",IF(D22=COUNTA(Products!$A$2:$A$151),"In all products","Shared")))) -> Unique to 1 product
A23: Copper Gluconate | B23: Active | C23: Source names: Cupper (as Cupper Gluconate); Copper (as Copper Gluconate); Copper Gluconate (Cu= 3 mg) | D23: =IF(A23="","",SUMIFS(Formulas!$K$2:$K$3001,Formulas!$B$2:$B$3001,A23)) -> 5 | E23: =IF(A23="","",COUNTIF(Formulas!$B$2:$B$3001,A23)) -> 5 | F23: =IF(A23="","",IF(COUNTA(Products!$A$2:$A$151)=0,0,D23/COUNTA(Products!$A$2:$A$151))) -> 0.047169811 | G23: =IF(A23="","",IF(D23=0,"Not used",IF(D23=1,"Unique to 1 product",IF(D23=COUNTA(Products!$A$2:$A$151),"In all products","Shared")))) -> Shared
A24: Cranberry Dry Extract 25:1 | B24: Active | C24: Source names: Cranberry Dry Extrat (Vaccinium macrocarpon fruit extract Con 25:1); Cranberry Dry Extrat (Vaccinium macrocarpon fruit dry extract Con. 25:1) | D24: =IF(A24="","",SUMIFS(Formulas!$K$2:$K$3001,Formulas!$B$2:$B$3001,A24)) -> 2 | E24: =IF(A24="","",COUNTIF(Formulas!$B$2:$B$3001,A24)) -> 2 | F24: =IF(A24="","",IF(COUNTA(Products!$A$2:$A$151)=0,0,D24/COUNTA(Products!$A$2:$A$151))) -> 0.018867925 | G24: =IF(A24="","",IF(D24=0,"Not used",IF(D24=1,"Unique to 1 product",IF(D24=COUNTA(Products!$A$2:$A$151),"In all products","Shared")))) -> Shared
A25: Cyanocobalamin (Vitamin B12) | B25: Active | C25: Source names: Cyanocobalamin (B12); Cyanocobalamin; Vitamin B12 (+3 more, see Name Mapping) | D25: =IF(A25="","",SUMIFS(Formulas!$K$2:$K$3001,Formulas!$B$2:$B$3001,A25)) -> 10 | E25: =IF(A25="","",COUNTIF(Formulas!$B$2:$B$3001,A25)) -> 10 | F25: =IF(A25="","",IF(COUNTA(Products!$A$2:$A$151)=0,0,D25/COUNTA(Products!$A$2:$A$151))) -> 0.094339623 | G25: =IF(A25="","",IF(D25=0,"Not used",IF(D25=1,"Unique to 1 product",IF(D25=COUNTA(Products!$A$2:$A$151),"In all products","Shared")))) -> Shared
A26: D-Alpha Tocopheryl Acetate 50% (Vitamin E) | B26: Active | C26: Source names: D-Alpha-Tocopheryl Acetate 50% (Vitamin E) | D26: =IF(A26="","",SUMIFS(Formulas!$K$2:$K$3001,Formulas!$B$2:$B$3001,A26)) -> 1 | E26: =IF(A26="","",COUNTIF(Formulas!$B$2:$B$3001,A26)) -> 1 | F26: =IF(A26="","",IF(COUNTA(Products!$A$2:$A$151)=0,0,D26/COUNTA(Products!$A$2:$A$151))) -> 0.0094339623 | G26: =IF(A26="","",IF(D26=0,"Not used",IF(D26=1,"Unique to 1 product",IF(D26=COUNTA(Products!$A$2:$A$151),"In all products","Shared")))) -> Unique to 1 product
A27: Dapagliflozin Propanediol Monohydrate | B27: Active | D27: =IF(A27="","",SUMIFS(Formulas!$K$2:$K$3001,Formulas!$B$2:$B$3001,A27)) -> 2 | E27: =IF(A27="","",COUNTIF(Formulas!$B$2:$B$3001,A27)) -> 2 | F27: =IF(A27="","",IF(COUNTA(Products!$A$2:$A$151)=0,0,D27/COUNTA(Products!$A$2:$A$151))) -> 0.018867925 | G27: =IF(A27="","",IF(D27=0,"Not used",IF(D27=1,"Unique to 1 product",IF(D27=COUNTA(Products!$A$2:$A$151),"In all products","Shared")))) -> Shared
A28: Devil's Claw Dry Extract 6:1 | B28: Active | C28: Source names: Devil's Claw Dry Extract (Harpagophytum procumbens Root Extract Con. 6:1) | D28: =IF(A28="","",SUMIFS(Formulas!$K$2:$K$3001,Formulas!$B$2:$B$3001,A28)) -> 1 | E28: =IF(A28="","",COUNTIF(Formulas!$B$2:$B$3001,A28)) -> 1 | F28: =IF(A28="","",IF(COUNTA(Products!$A$2:$A$151)=0,0,D28/COUNTA(Products!$A$2:$A$151))) -> 0.0094339623 | G28: =IF(A28="","",IF(D28=0,"Not used",IF(D28=1,"Unique to 1 product",IF(D28=COUNTA(Products!$A$2:$A$151),"In all products","Shared")))) -> Unique to 1 product
A29: Dexlansoprazole Pellets 20% | B29: Active | D29: =IF(A29="","",SUMIFS(Formulas!$K$2:$K$3001,Formulas!$B$2:$B$3001,A29)) -> 2 | E29: =IF(A29="","",COUNTIF(Formulas!$B$2:$B$3001,A29)) -> 2 | F29: =IF(A29="","",IF(COUNTA(Products!$A$2:$A$151)=0,0,D29/COUNTA(Products!$A$2:$A$151))) -> 0.018867925 | G29: =IF(A29="","",IF(D29=0,"Not used",IF(D29=1,"Unique to 1 product",IF(D29=COUNTA(Products!$A$2:$A$151),"In all products","Shared")))) -> Shared
A30: Dextromethorphan HBr | B30: Active | D30: =IF(A30="","",SUMIFS(Formulas!$K$2:$K$3001,Formulas!$B$2:$B$3001,A30)) -> 2 | E30: =IF(A30="","",COUNTIF(Formulas!$B$2:$B$3001,A30)) -> 2 | F30: =IF(A30="","",IF(COUNTA(Products!$A$2:$A$151)=0,0,D30/COUNTA(Products!$A$2:$A$151))) -> 0.018867925 | G30: =IF(A30="","",IF(D30=0,"Not used",IF(D30=1,"Unique to 1 product",IF(D30=COUNTA(Products!$A$2:$A$151),"In all products","Shared")))) -> Shared
A31: Diphenhydramine HCl | B31: Active | D31: =IF(A31="","",SUMIFS(Formulas!$K$2:$K$3001,Formulas!$B$2:$B$3001,A31)) -> 2 | E31: =IF(A31="","",COUNTIF(Formulas!$B$2:$B$3001,A31)) -> 2 | F31: =IF(A31="","",IF(COUNTA(Products!$A$2:$A$151)=0,0,D31/COUNTA(Products!$A$2:$A$151))) -> 0.018867925 | G31: =IF(A31="","",IF(D31=0,"Not used",IF(D31=1,"Unique to 1 product",IF(D31=COUNTA(Products!$A$2:$A$151),"In all products","Shared")))) -> Shared
A32: dl-Alpha Tocopheryl Acetate 50% (Vitamin E) | B32: Active | C32: Source names: Vitamin E (dl-Alpha Tocopheryl Acetate 50%) | D32: =IF(A32="","",SUMIFS(Formulas!$K$2:$K$3001,Formulas!$B$2:$B$3001,A32)) -> 4 | E32: =IF(A32="","",COUNTIF(Formulas!$B$2:$B$3001,A32)) -> 4 | F32: =IF(A32="","",IF(COUNTA(Products!$A$2:$A$151)=0,0,D32/COUNTA(Products!$A$2:$A$151))) -> 0.037735849 | G32: =IF(A32="","",IF(D32=0,"Not used",IF(D32=1,"Unique to 1 product",IF(D32=COUNTA(Products!$A$2:$A$151),"In all products","Shared")))) -> Shared
A33: Echinacea Purpurea Dry Extract | B33: Active | C33: Source names: Echinacea Purpurea L. Dry Extract; Echinacea Purpurea | D33: =IF(A33="","",SUMIFS(Formulas!$K$2:$K$3001,Formulas!$B$2:$B$3001,A33)) -> 2 | E33: =IF(A33="","",COUNTIF(Formulas!$B$2:$B$3001,A33)) -> 2 | F33: =IF(A33="","",IF(COUNTA(Products!$A$2:$A$151)=0,0,D33/COUNTA(Products!$A$2:$A$151))) -> 0.018867925 | G33: =IF(A33="","",IF(D33=0,"Not used",IF(D33=1,"Unique to 1 product",IF(D33=COUNTA(Products!$A$2:$A$151),"In all products","Shared")))) -> Shared
A34: Empagliflozin | B34: Active | C34: Source names: Empagliflozine | D34: =IF(A34="","",SUMIFS(Formulas!$K$2:$K$3001,Formulas!$B$2:$B$3001,A34)) -> 15 | E34: =IF(A34="","",COUNTIF(Formulas!$B$2:$B$3001,A34)) -> 15 | F34: =IF(A34="","",IF(COUNTA(Products!$A$2:$A$151)=0,0,D34/COUNTA(Products!$A$2:$A$151))) -> 0.14150943 | G34: =IF(A34="","",IF(D34=0,"Not used",IF(D34=1,"Unique to 1 product",IF(D34=COUNTA(Products!$A$2:$A$151),"In all products","Shared")))) -> Shared
A35: Epimedium Grandiflorum (Horny Goat Weed) Dry Extract 20:1 | B35: Active | C35: Source names: Epimedium Grandiflorum (Horny Goat Weed) Dry Extract Con. 20:1 | D35: =IF(A35="","",SUMIFS(Formulas!$K$2:$K$3001,Formulas!$B$2:$B$3001,A35)) -> 2 | E35: =IF(A35="","",COUNTIF(Formulas!$B$2:$B$3001,A35)) -> 2 | F35: =IF(A35="","",IF(COUNTA(Products!$A$2:$A$151)=0,0,D35/COUNTA(Products!$A$2:$A$151))) -> 0.018867925 | G35: =IF(A35="","",IF(D35=0,"Not used",IF(D35=1,"Unique to 1 product",IF(D35=COUNTA(Products!$A$2:$A$151),"In all products","Shared")))) -> Shared
A36: Ezetimibe | B36: Active | D36: =IF(A36="","",SUMIFS(Formulas!$K$2:$K$3001,Formulas!$B$2:$B$3001,A36)) -> 4 | E36: =IF(A36="","",COUNTIF(Formulas!$B$2:$B$3001,A36)) -> 4 | F36: =IF(A36="","",IF(COUNTA(Products!$A$2:$A$151)=0,0,D36/COUNTA(Products!$A$2:$A$151))) -> 0.037735849 | G36: =IF(A36="","",IF(D36=0,"Not used",IF(D36=1,"Unique to 1 product",IF(D36=COUNTA(Products!$A$2:$A$151),"In all products","Shared")))) -> Shared
A37: Fennel Dry Extract 5:1 | B37: Active | C37: Source names: Fennel Dry Extract (Foeniculum vulgare Extract Con. 5:1) | D37: =IF(A37="","",SUMIFS(Formulas!$K$2:$K$3001,Formulas!$B$2:$B$3001,A37)) -> 2 | E37: =IF(A37="","",COUNTIF(Formulas!$B$2:$B$3001,A37)) -> 2 | F37: =IF(A37="","",IF(COUNTA(Products!$A$2:$A$151)=0,0,D37/COUNTA(Products!$A$2:$A$151))) -> 0.018867925 | G37: =IF(A37="","",IF(D37=0,"Not used",IF(D37=1,"Unique to 1 product",IF(D37=COUNTA(Products!$A$2:$A$151),"In all products","Shared")))) -> Shared
A38: Ferrous Bisglycinate | B38: Active | C38: Source names: Ferrous Bisglycinate 20%; Iron (as Ferrous Bisglycinate) | D38: =IF(A38="","",SUMIFS(Formulas!$K$2:$K$3001,Formulas!$B$2:$B$3001,A38)) -> 2 | E38: =IF(A38="","",COUNTIF(Formulas!$B$2:$B$3001,A38)) -> 2 | F38: =IF(A38="","",IF(COUNTA(Products!$A$2:$A$151)=0,0,D38/COUNTA(Products!$A$2:$A$151))) -> 0.018867925 | G38: =IF(A38="","",IF(D38=0,"Not used",IF(D38=1,"Unique to 1 product",IF(D38=COUNTA(Products!$A$2:$A$151),"In all products","Shared")))) -> Shared
A39: Ferrous Fumarate | B39: Active | C39: Source names: Iron (as Ferrous Fumarate); Ferrous Fumarate (Fe= 14 mg) | D39: =IF(A39="","",SUMIFS(Formulas!$K$2:$K$3001,Formulas!$B$2:$B$3001,A39)) -> 3 | E39: =IF(A39="","",COUNTIF(Formulas!$B$2:$B$3001,A39)) -> 3 | F39: =IF(A39="","",IF(COUNTA(Products!$A$2:$A$151)=0,0,D39/COUNTA(Products!$A$2:$A$151))) -> 0.028301887 | G39: =IF(A39="","",IF(D39=0,"Not used",IF(D39=1,"Unique to 1 product",IF(D39=COUNTA(Products!$A$2:$A$151),"In all products","Shared")))) -> Shared
A40: Finerenone | B40: Active | D40: =IF(A40="","",SUMIFS(Formulas!$K$2:$K$3001,Formulas!$B$2:$B$3001,A40)) -> 2 | E40: =IF(A40="","",COUNTIF(Formulas!$B$2:$B$3001,A40)) -> 2 | F40: =IF(A40="","",IF(COUNTA(Products!$A$2:$A$151)=0,0,D40/COUNTA(Products!$A$2:$A$151))) -> 0.018867925 | G40: =IF(A40="","",IF(D40=0,"Not used",IF(D40=1,"Unique to 1 product",IF(D40=COUNTA(Products!$A$2:$A$151),"In all products","Shared")))) -> Shared
A41: Fluticasone Propionate | B41: Active | D41: =IF(A41="","",SUMIFS(Formulas!$K$2:$K$3001,Formulas!$B$2:$B$3001,A41)) -> 1 | E41: =IF(A41="","",COUNTIF(Formulas!$B$2:$B$3001,A41)) -> 1 | F41: =IF(A41="","",IF(COUNTA(Products!$A$2:$A$151)=0,0,D41/COUNTA(Products!$A$2:$A$151))) -> 0.0094339623 | G41: =IF(A41="","",IF(D41=0,"Not used",IF(D41=1,"Unique to 1 product",IF(D41=COUNTA(Products!$A$2:$A$151),"In all products","Shared")))) -> Unique to 1 product
A42: Folic Acid (Vitamin B9) | B42: Active | C42: Source names: Folic Acid; Vitamin B9 (as Folic Acid); Folic Acid (B9) (+1 more, see Name Mapping) | D42: =IF(A42="","",SUMIFS(Formulas!$K$2:$K$3001,Formulas!$B$2:$B$3001,A42)) -> 7 | E42: =IF(A42="","",COUNTIF(Formulas!$B$2:$B$3001,A42)) -> 7 | F42: =IF(A42="","",IF(COUNTA(Products!$A$2:$A$151)=0,0,D42/COUNTA(Products!$A$2:$A$151))) -> 0.066037736 | G42: =IF(A42="","",IF(D42=0,"Not used",IF(D42=1,"Unique to 1 product",IF(D42=COUNTA(Products!$A$2:$A$151),"In all products","Shared")))) -> Shared
A43: Garcinia Cambogia Fruit Dry Extract 6:1 | B43: Active | C43: Source names: Garcinia Cambogia Fruit Dry Extract Con. 6:1 | D43: =IF(A43="","",SUMIFS(Formulas!$K$2:$K$3001,Formulas!$B$2:$B$3001,A43)) -> 1 | E43: =IF(A43="","",COUNTIF(Formulas!$B$2:$B$3001,A43)) -> 1 | F43: =IF(A43="","",IF(COUNTA(Products!$A$2:$A$151)=0,0,D43/COUNTA(Products!$A$2:$A$151))) -> 0.0094339623 | G43: =IF(A43="","",IF(D43=0,"Not used",IF(D43=1,"Unique to 1 product",IF(D43=COUNTA(Products!$A$2:$A$151),"In all products","Shared")))) -> Unique to 1 product
A44: Gentian Dry Extract 4:1 | B44: Active | C44: Source names: Gentian Dry Extract (Gentiana lutea Extract Con. 4:1) | D44: =IF(A44="","",SUMIFS(Formulas!$K$2:$K$3001,Formulas!$B$2:$B$3001,A44)) -> 2 | E44: =IF(A44="","",COUNTIF(Formulas!$B$2:$B$3001,A44)) -> 2 | F44: =IF(A44="","",IF(COUNTA(Products!$A$2:$A$151)=0,0,D44/COUNTA(Products!$A$2:$A$151))) -> 0.018867925 | G44: =IF(A44="","",IF(D44=0,"Not used",IF(D44=1,"Unique to 1 product",IF(D44=COUNTA(Products!$A$2:$A$151),"In all products","Shared")))) -> Shared
A45: Ginger Dry Extract 10:1 | B45: Active | C45: Source names: Ginger Dry Extract (Zingiber officinale Extract Con. 10:1) | D45: =IF(A45="","",SUMIFS(Formulas!$K$2:$K$3001,Formulas!$B$2:$B$3001,A45)) -> 2 | E45: =IF(A45="","",COUNTIF(Formulas!$B$2:$B$3001,A45)) -> 2 | F45: =IF(A45="","",IF(COUNTA(Products!$A$2:$A$151)=0,0,D45/COUNTA(Products!$A$2:$A$151))) -> 0.018867925 | G45: =IF(A45="","",IF(D45=0,"Not used",IF(D45=1,"Unique to 1 product",IF(D45=COUNTA(Products!$A$2:$A$151),"In all products","Shared")))) -> Shared
A46: Ginger Dry Extract 5:1 | B46: Active | C46: Source names: Ginger Dry Extract (Zingiber Officinalis dry Extract Con. 5:1) | D46: =IF(A46="","",SUMIFS(Formulas!$K$2:$K$3001,Formulas!$B$2:$B$3001,A46)) -> 1 | E46: =IF(A46="","",COUNTIF(Formulas!$B$2:$B$3001,A46)) -> 1 | F46: =IF(A46="","",IF(COUNTA(Products!$A$2:$A$151)=0,0,D46/COUNTA(Products!$A$2:$A$151))) -> 0.0094339623 | G46: =IF(A46="","",IF(D46=0,"Not used",IF(D46=1,"Unique to 1 product",IF(D46=COUNTA(Products!$A$2:$A$151),"In all products","Shared")))) -> Unique to 1 product
A47: Ginkgo Biloba Leaf Dry Extract 50:1 | B47: Active | C47: Source names: Ginkgo Biloba Leaf Dry Extract Con. 50:1 | D47: =IF(A47="","",SUMIFS(Formulas!$K$2:$K$3001,Formulas!$B$2:$B$3001,A47)) -> 1 | E47: =IF(A47="","",COUNTIF(Formulas!$B$2:$B$3001,A47)) -> 1 | F47: =IF(A47="","",IF(COUNTA(Products!$A$2:$A$151)=0,0,D47/COUNTA(Products!$A$2:$A$151))) -> 0.0094339623 | G47: =IF(A47="","",IF(D47=0,"Not used",IF(D47=1,"Unique to 1 product",IF(D47=COUNTA(Products!$A$2:$A$151),"In all products","Shared")))) -> Unique to 1 product
A48: Ginseng Panax | B48: Active | C48: Check if it is the same as Panax Ginseng Dry Extract 3:1. | D48: =IF(A48="","",SUMIFS(Formulas!$K$2:$K$3001,Formulas!$B$2:$B$3001,A48)) -> 1 | E48: =IF(A48="","",COUNTIF(Formulas!$B$2:$B$3001,A48)) -> 1 | F48: =IF(A48="","",IF(COUNTA(Products!$A$2:$A$151)=0,0,D48/COUNTA(Products!$A$2:$A$151))) -> 0.0094339623 | G48: =IF(A48="","",IF(D48=0,"Not used",IF(D48=1,"Unique to 1 product",IF(D48=COUNTA(Products!$A$2:$A$151),"In all products","Shared")))) -> Unique to 1 product
A49: Gymnema Sylvestre Leaf Dry Extract 10:1 | B49: Active | C49: Source names: Gymnema Sylvestre Leaf Dry Extract Con. 10:1 | D49: =IF(A49="","",SUMIFS(Formulas!$K$2:$K$3001,Formulas!$B$2:$B$3001,A49)) -> 1 | E49: =IF(A49="","",COUNTIF(Formulas!$B$2:$B$3001,A49)) -> 1 | F49: =IF(A49="","",IF(COUNTA(Products!$A$2:$A$151)=0,0,D49/COUNTA(Products!$A$2:$A$151))) -> 0.0094339623 | G49: =IF(A49="","",IF(D49=0,"Not used",IF(D49=1,"Unique to 1 product",IF(D49=COUNTA(Products!$A$2:$A$151),"In all products","Shared")))) -> Unique to 1 product
A50: Hydrochlorothiazide | B50: Active | D50: =IF(A50="","",SUMIFS(Formulas!$K$2:$K$3001,Formulas!$B$2:$B$3001,A50)) -> 3 | E50: =IF(A50="","",COUNTIF(Formulas!$B$2:$B$3001,A50)) -> 3 | F50: =IF(A50="","",IF(COUNTA(Products!$A$2:$A$151)=0,0,D50/COUNTA(Products!$A$2:$A$151))) -> 0.028301887 | G50: =IF(A50="","",IF(D50=0,"Not used",IF(D50=1,"Unique to 1 product",IF(D50=COUNTA(Products!$A$2:$A$151),"In all products","Shared")))) -> Shared
A51: Inositol (Vitamin B8) | B51: Active | C51: Source names: Vitamin B8 (as Inositol) | D51: =IF(A51="","",SUMIFS(Formulas!$K$2:$K$3001,Formulas!$B$2:$B$3001,A51)) -> 4 | E51: =IF(A51="","",COUNTIF(Formulas!$B$2:$B$3001,A51)) -> 4 | F51: =IF(A51="","",IF(COUNTA(Products!$A$2:$A$151)=0,0,D51/COUNTA(Products!$A$2:$A$151))) -> 0.037735849 | G51: =IF(A51="","",IF(D51=0,"Not used",IF(D51=1,"Unique to 1 product",IF(D51=COUNTA(Products!$A$2:$A$151),"In all products","Shared")))) -> Shared
A52: Juniper Communis Fruit Dry Extract 2:1 | B52: Active | C52: Source names: Juniper Communis Fruit dry Extract Con. 2:1 | D52: =IF(A52="","",SUMIFS(Formulas!$K$2:$K$3001,Formulas!$B$2:$B$3001,A52)) -> 1 | E52: =IF(A52="","",COUNTIF(Formulas!$B$2:$B$3001,A52)) -> 1 | F52: =IF(A52="","",IF(COUNTA(Products!$A$2:$A$151)=0,0,D52/COUNTA(Products!$A$2:$A$151))) -> 0.0094339623 | G52: =IF(A52="","",IF(D52=0,"Not used",IF(D52=1,"Unique to 1 product",IF(D52=COUNTA(Products!$A$2:$A$151),"In all products","Shared")))) -> Unique to 1 product
A53: L-Arginine | B53: Active | C53: Source names: L-Arginine (Base) | D53: =IF(A53="","",SUMIFS(Formulas!$K$2:$K$3001,Formulas!$B$2:$B$3001,A53)) -> 5 | E53: =IF(A53="","",COUNTIF(Formulas!$B$2:$B$3001,A53)) -> 5 | F53: =IF(A53="","",IF(COUNTA(Products!$A$2:$A$151)=0,0,D53/COUNTA(Products!$A$2:$A$151))) -> 0.047169811 | G53: =IF(A53="","",IF(D53=0,"Not used",IF(D53=1,"Unique to 1 product",IF(D53=COUNTA(Products!$A$2:$A$151),"In all products","Shared")))) -> Shared
A54: L-Carnitine (Base) | B54: Active | D54: =IF(A54="","",SUMIFS(Formulas!$K$2:$K$3001,Formulas!$B$2:$B$3001,A54)) -> 3 | E54: =IF(A54="","",COUNTIF(Formulas!$B$2:$B$3001,A54)) -> 3 | F54: =IF(A54="","",IF(COUNTA(Products!$A$2:$A$151)=0,0,D54/COUNTA(Products!$A$2:$A$151))) -> 0.028301887 | G54: =IF(A54="","",IF(D54=0,"Not used",IF(D54=1,"Unique to 1 product",IF(D54=COUNTA(Products!$A$2:$A$151),"In all products","Shared")))) -> Shared
A55: L-Citrulline | B55: Active | D55: =IF(A55="","",SUMIFS(Formulas!$K$2:$K$3001,Formulas!$B$2:$B$3001,A55)) -> 1 | E55: =IF(A55="","",COUNTIF(Formulas!$B$2:$B$3001,A55)) -> 1 | F55: =IF(A55="","",IF(COUNTA(Products!$A$2:$A$151)=0,0,D55/COUNTA(Products!$A$2:$A$151))) -> 0.0094339623 | G55: =IF(A55="","",IF(D55=0,"Not used",IF(D55=1,"Unique to 1 product",IF(D55=COUNTA(Products!$A$2:$A$151),"In all products","Shared")))) -> Unique to 1 product
A56: L-Cystine | B56: Active | D56: =IF(A56="","",SUMIFS(Formulas!$K$2:$K$3001,Formulas!$B$2:$B$3001,A56)) -> 1 | E56: =IF(A56="","",COUNTIF(Formulas!$B$2:$B$3001,A56)) -> 1 | F56: =IF(A56="","",IF(COUNTA(Products!$A$2:$A$151)=0,0,D56/COUNTA(Products!$A$2:$A$151))) -> 0.0094339623 | G56: =IF(A56="","",IF(D56=0,"Not used",IF(D56=1,"Unique to 1 product",IF(D56=COUNTA(Products!$A$2:$A$151),"In all products","Shared")))) -> Unique to 1 product
A57: Linagliptin | B57: Active | D57: =IF(A57="","",SUMIFS(Formulas!$K$2:$K$3001,Formulas!$B$2:$B$3001,A57)) -> 9 | E57: =IF(A57="","",COUNTIF(Formulas!$B$2:$B$3001,A57)) -> 9 | F57: =IF(A57="","",IF(COUNTA(Products!$A$2:$A$151)=0,0,D57/COUNTA(Products!$A$2:$A$151))) -> 0.08490566 | G57: =IF(A57="","",IF(D57=0,"Not used",IF(D57=1,"Unique to 1 product",IF(D57=COUNTA(Products!$A$2:$A$151),"In all products","Shared")))) -> Shared
A58: Liquorice Dry Extract 8:1 | B58: Active | C58: Source names: Liquorice Dry Extract (Glycyrrhiza glabra Extract Con. 8:1) | D58: =IF(A58="","",SUMIFS(Formulas!$K$2:$K$3001,Formulas!$B$2:$B$3001,A58)) -> 2 | E58: =IF(A58="","",COUNTIF(Formulas!$B$2:$B$3001,A58)) -> 2 | F58: =IF(A58="","",IF(COUNTA(Products!$A$2:$A$151)=0,0,D58/COUNTA(Products!$A$2:$A$151))) -> 0.018867925 | G58: =IF(A58="","",IF(D58=0,"Not used",IF(D58=1,"Unique to 1 product",IF(D58=COUNTA(Products!$A$2:$A$151),"In all products","Shared")))) -> Shared
A59: Loperamide HCl | B59: Active | D59: =IF(A59="","",SUMIFS(Formulas!$K$2:$K$3001,Formulas!$B$2:$B$3001,A59)) -> 1 | E59: =IF(A59="","",COUNTIF(Formulas!$B$2:$B$3001,A59)) -> 1 | F59: =IF(A59="","",IF(COUNTA(Products!$A$2:$A$151)=0,0,D59/COUNTA(Products!$A$2:$A$151))) -> 0.0094339623 | G59: =IF(A59="","",IF(D59=0,"Not used",IF(D59=1,"Unique to 1 product",IF(D59=COUNTA(Products!$A$2:$A$151),"In all products","Shared")))) -> Unique to 1 product
A60: Magnesium Oxide Heavy | B60: Active | C60: Source names: Heavy magnesium oxide; Magnesium oxide-Heavy; Magnesium (as Magnesium Oxide - Heavy) (+2 more, see Name Mapping) | D60: =IF(A60="","",SUMIFS(Formulas!$K$2:$K$3001,Formulas!$B$2:$B$3001,A60)) -> 8 | E60: =IF(A60="","",COUNTIF(Formulas!$B$2:$B$3001,A60)) -> 8 | F60: =IF(A60="","",IF(COUNTA(Products!$A$2:$A$151)=0,0,D60/COUNTA(Products!$A$2:$A$151))) -> 0.075471698 | G60: =IF(A60="","",IF(D60=0,"Not used",IF(D60=1,"Unique to 1 product",IF(D60=COUNTA(Products!$A$2:$A$151),"In all products","Shared")))) -> Shared
A61: Manganese Sulfate Monohydrate | B61: Active | C61: Source names: Manganese (as Manganese Sulfate Monohydrate) | D61: =IF(A61="","",SUMIFS(Formulas!$K$2:$K$3001,Formulas!$B$2:$B$3001,A61)) -> 3 | E61: =IF(A61="","",COUNTIF(Formulas!$B$2:$B$3001,A61)) -> 3 | F61: =IF(A61="","",IF(COUNTA(Products!$A$2:$A$151)=0,0,D61/COUNTA(Products!$A$2:$A$151))) -> 0.028301887 | G61: =IF(A61="","",IF(D61=0,"Not used",IF(D61=1,"Unique to 1 product",IF(D61=COUNTA(Products!$A$2:$A$151),"In all products","Shared")))) -> Shared
A62: Marshmallow Dry Extract 3:1 | B62: Active | C62: Source names: Marshmallow Dry Extract (Althea officinalis Extract Con. 3:1) | D62: =IF(A62="","",SUMIFS(Formulas!$K$2:$K$3001,Formulas!$B$2:$B$3001,A62)) -> 2 | E62: =IF(A62="","",COUNTIF(Formulas!$B$2:$B$3001,A62)) -> 2 | F62: =IF(A62="","",IF(COUNTA(Products!$A$2:$A$151)=0,0,D62/COUNTA(Products!$A$2:$A$151))) -> 0.018867925 | G62: =IF(A62="","",IF(D62=0,"Not used",IF(D62=1,"Unique to 1 product",IF(D62=COUNTA(Products!$A$2:$A$151),"In all products","Shared")))) -> Shared
A63: Metformin Hydrochloride | B63: Active | C63: Source names: Metformin; Metformin HCl | D63: =IF(A63="","",SUMIFS(Formulas!$K$2:$K$3001,Formulas!$B$2:$B$3001,A63)) -> 13 | E63: =IF(A63="","",COUNTIF(Formulas!$B$2:$B$3001,A63)) -> 13 | F63: =IF(A63="","",IF(COUNTA(Products!$A$2:$A$151)=0,0,D63/COUNTA(Products!$A$2:$A$151))) -> 0.12264151 | G63: =IF(A63="","",IF(D63=0,"Not used",IF(D63=1,"Unique to 1 product",IF(D63=COUNTA(Products!$A$2:$A$151),"In all products","Shared")))) -> Shared
A64: Methionine | B64: Active | D64: =IF(A64="","",SUMIFS(Formulas!$K$2:$K$3001,Formulas!$B$2:$B$3001,A64)) -> 1 | E64: =IF(A64="","",COUNTIF(Formulas!$B$2:$B$3001,A64)) -> 1 | F64: =IF(A64="","",IF(COUNTA(Products!$A$2:$A$151)=0,0,D64/COUNTA(Products!$A$2:$A$151))) -> 0.0094339623 | G64: =IF(A64="","",IF(D64=0,"Not used",IF(D64=1,"Unique to 1 product",IF(D64=COUNTA(Products!$A$2:$A$151),"In all products","Shared")))) -> Unique to 1 product
A65: Methyl Sulphonyl Methane (MSM) | B65: Active | D65: =IF(A65="","",SUMIFS(Formulas!$K$2:$K$3001,Formulas!$B$2:$B$3001,A65)) -> 1 | E65: =IF(A65="","",COUNTIF(Formulas!$B$2:$B$3001,A65)) -> 1 | F65: =IF(A65="","",IF(COUNTA(Products!$A$2:$A$151)=0,0,D65/COUNTA(Products!$A$2:$A$151))) -> 0.0094339623 | G65: =IF(A65="","",IF(D65=0,"Not used",IF(D65=1,"Unique to 1 product",IF(D65=COUNTA(Products!$A$2:$A$151),"In all products","Shared")))) -> Unique to 1 product
A66: Milk Thistle Dry Extract 70:1 | B66: Active | C66: Source names: Milk Thistle Dry Extract (Silybum marianum fruit Extract Con. 70:1); Milk Thistle Dry Extract (Silybum Marianum Dry Extract Con. 70:1) | D66: =IF(A66="","",SUMIFS(Formulas!$K$2:$K$3001,Formulas!$B$2:$B$3001,A66)) -> 3 | E66: =IF(A66="","",COUNTIF(Formulas!$B$2:$B$3001,A66)) -> 3 | F66: =IF(A66="","",IF(COUNTA(Products!$A$2:$A$151)=0,0,D66/COUNTA(Products!$A$2:$A$151))) -> 0.028301887 | G66: =IF(A66="","",IF(D66=0,"Not used",IF(D66=1,"Unique to 1 product",IF(D66=COUNTA(Products!$A$2:$A$151),"In all products","Shared")))) -> Shared
A67: Naproxen | B67: Active | D67: =IF(A67="","",SUMIFS(Formulas!$K$2:$K$3001,Formulas!$B$2:$B$3001,A67)) -> 1 | E67: =IF(A67="","",COUNTIF(Formulas!$B$2:$B$3001,A67)) -> 1 | F67: =IF(A67="","",IF(COUNTA(Products!$A$2:$A$151)=0,0,D67/COUNTA(Products!$A$2:$A$151))) -> 0.0094339623 | G67: =IF(A67="","",IF(D67=0,"Not used",IF(D67=1,"Unique to 1 product",IF(D67=COUNTA(Products!$A$2:$A$151),"In all products","Shared")))) -> Unique to 1 product
A68: Nicotinamide (Vitamin B3) | B68: Active | C68: Source names: Nicotinamide; Vitamin B3 (as Nicotinamide); Nicotinamide (B3) (+1 more, see Name Mapping) | D68: =IF(A68="","",SUMIFS(Formulas!$K$2:$K$3001,Formulas!$B$2:$B$3001,A68)) -> 10 | E68: =IF(A68="","",COUNTIF(Formulas!$B$2:$B$3001,A68)) -> 10 | F68: =IF(A68="","",IF(COUNTA(Products!$A$2:$A$151)=0,0,D68/COUNTA(Products!$A$2:$A$151))) -> 0.094339623 | G68: =IF(A68="","",IF(D68=0,"Not used",IF(D68=1,"Unique to 1 product",IF(D68=COUNTA(Products!$A$2:$A$151),"In all products","Shared")))) -> Shared
A69: Nicotinamide Mononucleotide (NMN) Granule | B69: Active | C69: Source names: Nicotinamide mononucleotide granule | D69: =IF(A69="","",SUMIFS(Formulas!$K$2:$K$3001,Formulas!$B$2:$B$3001,A69)) -> 1 | E69: =IF(A69="","",COUNTIF(Formulas!$B$2:$B$3001,A69)) -> 1 | F69: =IF(A69="","",IF(COUNTA(Products!$A$2:$A$151)=0,0,D69/COUNTA(Products!$A$2:$A$151))) -> 0.0094339623 | G69: =IF(A69="","",IF(D69=0,"Not used",IF(D69=1,"Unique to 1 product",IF(D69=COUNTA(Products!$A$2:$A$151),"In all products","Shared")))) -> Unique to 1 product
A70: Omega 3 Powder (from Flax Seed Dry Extract) | B70: Active | D70: =IF(A70="","",SUMIFS(Formulas!$K$2:$K$3001,Formulas!$B$2:$B$3001,A70)) -> 1 | E70: =IF(A70="","",COUNTIF(Formulas!$B$2:$B$3001,A70)) -> 1 | F70: =IF(A70="","",IF(COUNTA(Products!$A$2:$A$151)=0,0,D70/COUNTA(Products!$A$2:$A$151))) -> 0.0094339623 | G70: =IF(A70="","",IF(D70=0,"Not used",IF(D70=1,"Unique to 1 product",IF(D70=COUNTA(Products!$A$2:$A$151),"In all products","Shared")))) -> Unique to 1 product
A71: Ozanimod Hydrochloride | B71: Active | D71: =IF(A71="","",SUMIFS(Formulas!$K$2:$K$3001,Formulas!$B$2:$B$3001,A71)) -> 2 | E71: =IF(A71="","",COUNTIF(Formulas!$B$2:$B$3001,A71)) -> 2 | F71: =IF(A71="","",IF(COUNTA(Products!$A$2:$A$151)=0,0,D71/COUNTA(Products!$A$2:$A$151))) -> 0.018867925 | G71: =IF(A71="","",IF(D71=0,"Not used",IF(D71=1,"Unique to 1 product",IF(D71=COUNTA(Products!$A$2:$A$151),"In all products","Shared")))) -> Shared
A72: Panax Ginseng (Asian Ginseng) Dry Extract 3:1 | B72: Active | C72: Source names: Panax Ginseng (Asian Ginseng) Dry Extract Con. 3:1 | D72: =IF(A72="","",SUMIFS(Formulas!$K$2:$K$3001,Formulas!$B$2:$B$3001,A72)) -> 2 | E72: =IF(A72="","",COUNTIF(Formulas!$B$2:$B$3001,A72)) -> 2 | F72: =IF(A72="","",IF(COUNTA(Products!$A$2:$A$151)=0,0,D72/COUNTA(Products!$A$2:$A$151))) -> 0.018867925 | G72: =IF(A72="","",IF(D72=0,"Not used",IF(D72=1,"Unique to 1 product",IF(D72=COUNTA(Products!$A$2:$A$151),"In all products","Shared")))) -> Shared
A73: Peppermint Dry Extract | B73: Active | C73: Source names: Peppermint Dry Extract (Mentha piperita Extract) | D73: =IF(A73="","",SUMIFS(Formulas!$K$2:$K$3001,Formulas!$B$2:$B$3001,A73)) -> 2 | E73: =IF(A73="","",COUNTIF(Formulas!$B$2:$B$3001,A73)) -> 2 | F73: =IF(A73="","",IF(COUNTA(Products!$A$2:$A$151)=0,0,D73/COUNTA(Products!$A$2:$A$151))) -> 0.018867925 | G73: =IF(A73="","",IF(D73=0,"Not used",IF(D73=1,"Unique to 1 product",IF(D73=COUNTA(Products!$A$2:$A$151),"In all products","Shared")))) -> Shared
A74: Phenylephrine HCl | B74: Active | D74: =IF(A74="","",SUMIFS(Formulas!$K$2:$K$3001,Formulas!$B$2:$B$3001,A74)) -> 6 | E74: =IF(A74="","",COUNTIF(Formulas!$B$2:$B$3001,A74)) -> 6 | F74: =IF(A74="","",IF(COUNTA(Products!$A$2:$A$151)=0,0,D74/COUNTA(Products!$A$2:$A$151))) -> 0.056603774 | G74: =IF(A74="","",IF(D74=0,"Not used",IF(D74=1,"Unique to 1 product",IF(D74=COUNTA(Products!$A$2:$A$151),"In all products","Shared")))) -> Shared
A75: Potassium Iodide | B75: Active | C75: Source names: Iodine** (as Potassium Iodide); Iodine (Potassium Iodide) | D75: =IF(A75="","",SUMIFS(Formulas!$K$2:$K$3001,Formulas!$B$2:$B$3001,A75)) -> 3 | E75: =IF(A75="","",COUNTIF(Formulas!$B$2:$B$3001,A75)) -> 3 | F75: =IF(A75="","",IF(COUNTA(Products!$A$2:$A$151)=0,0,D75/COUNTA(Products!$A$2:$A$151))) -> 0.028301887 | G75: =IF(A75="","",IF(D75=0,"Not used",IF(D75=1,"Unique to 1 product",IF(D75=COUNTA(Products!$A$2:$A$151),"In all products","Shared")))) -> Shared
A76: Premix Dermo Bella | B76: Active | D76: =IF(A76="","",SUMIFS(Formulas!$K$2:$K$3001,Formulas!$B$2:$B$3001,A76)) -> 1 | E76: =IF(A76="","",COUNTIF(Formulas!$B$2:$B$3001,A76)) -> 1 | F76: =IF(A76="","",IF(COUNTA(Products!$A$2:$A$151)=0,0,D76/COUNTA(Products!$A$2:$A$151))) -> 0.0094339623 | G76: =IF(A76="","",IF(D76=0,"Not used",IF(D76=1,"Unique to 1 product",IF(D76=COUNTA(Products!$A$2:$A$151),"In all products","Shared")))) -> Unique to 1 product
A77: Prucalopride Succinate | B77: Active | D77: =IF(A77="","",SUMIFS(Formulas!$K$2:$K$3001,Formulas!$B$2:$B$3001,A77)) -> 2 | E77: =IF(A77="","",COUNTIF(Formulas!$B$2:$B$3001,A77)) -> 2 | F77: =IF(A77="","",IF(COUNTA(Products!$A$2:$A$151)=0,0,D77/COUNTA(Products!$A$2:$A$151))) -> 0.018867925 | G77: =IF(A77="","",IF(D77=0,"Not used",IF(D77=1,"Unique to 1 product",IF(D77=COUNTA(Products!$A$2:$A$151),"In all products","Shared")))) -> Shared
A78: Pyridoxine Hydrochloride (Vitamin B6) | B78: Active | C78: Source names: Pyridoxine HCl (B6); Vitamin B6; Pyridoxin Hydrochloride (Vitamin B6) (+4 more, see Name Mapping) | D78: =IF(A78="","",SUMIFS(Formulas!$K$2:$K$3001,Formulas!$B$2:$B$3001,A78)) -> 13 | E78: =IF(A78="","",COUNTIF(Formulas!$B$2:$B$3001,A78)) -> 13 | F78: =IF(A78="","",IF(COUNTA(Products!$A$2:$A$151)=0,0,D78/COUNTA(Products!$A$2:$A$151))) -> 0.12264151 | G78: =IF(A78="","",IF(D78=0,"Not used",IF(D78=1,"Unique to 1 product",IF(D78=COUNTA(Products!$A$2:$A$151),"In all products","Shared")))) -> Shared
A79: Ranolazine | B79: Active | D79: =IF(A79="","",SUMIFS(Formulas!$K$2:$K$3001,Formulas!$B$2:$B$3001,A79)) -> 1 | E79: =IF(A79="","",COUNTIF(Formulas!$B$2:$B$3001,A79)) -> 1 | F79: =IF(A79="","",IF(COUNTA(Products!$A$2:$A$151)=0,0,D79/COUNTA(Products!$A$2:$A$151))) -> 0.0094339623 | G79: =IF(A79="","",IF(D79=0,"Not used",IF(D79=1,"Unique to 1 product",IF(D79=COUNTA(Products!$A$2:$A$151),"In all products","Shared")))) -> Unique to 1 product
A80: Resmetirom | B80: Active | D80: =IF(A80="","",SUMIFS(Formulas!$K$2:$K$3001,Formulas!$B$2:$B$3001,A80)) -> 3 | E80: =IF(A80="","",COUNTIF(Formulas!$B$2:$B$3001,A80)) -> 3 | F80: =IF(A80="","",IF(COUNTA(Products!$A$2:$A$151)=0,0,D80/COUNTA(Products!$A$2:$A$151))) -> 0.028301887 | G80: =IF(A80="","",IF(D80=0,"Not used",IF(D80=1,"Unique to 1 product",IF(D80=COUNTA(Products!$A$2:$A$151),"In all products","Shared")))) -> Shared
A81: Riboflavin (Vitamin B2) | B81: Active | C81: Source names: Riboflavin (B2); Vitamin B2 (as Riboflavin); Vitamin B2 (Riboflavin) | D81: =IF(A81="","",SUMIFS(Formulas!$K$2:$K$3001,Formulas!$B$2:$B$3001,A81)) -> 9 | E81: =IF(A81="","",COUNTIF(Formulas!$B$2:$B$3001,A81)) -> 9 | F81: =IF(A81="","",IF(COUNTA(Products!$A$2:$A$151)=0,0,D81/COUNTA(Products!$A$2:$A$151))) -> 0.08490566 | G81: =IF(A81="","",IF(D81=0,"Not used",IF(D81=1,"Unique to 1 product",IF(D81=COUNTA(Products!$A$2:$A$151),"In all products","Shared")))) -> Shared
A82: Rosuvastatin Calcium | B82: Active | D82: =IF(A82="","",SUMIFS(Formulas!$K$2:$K$3001,Formulas!$B$2:$B$3001,A82)) -> 3 | E82: =IF(A82="","",COUNTIF(Formulas!$B$2:$B$3001,A82)) -> 3 | F82: =IF(A82="","",IF(COUNTA(Products!$A$2:$A$151)=0,0,D82/COUNTA(Products!$A$2:$A$151))) -> 0.028301887 | G82: =IF(A82="","",IF(D82=0,"Not used",IF(D82=1,"Unique to 1 product",IF(D82=COUNTA(Products!$A$2:$A$151),"In all products","Shared")))) -> Shared
A83: Sacubitril/Valsartan 3Sodium 2.5H2O Co-crystal | B83: Active | C83: Source names: Sacubitril/Valsartan 3Sodium,2.5.H20 Co Crystal | D83: =IF(A83="","",SUMIFS(Formulas!$K$2:$K$3001,Formulas!$B$2:$B$3001,A83)) -> 3 | E83: =IF(A83="","",COUNTIF(Formulas!$B$2:$B$3001,A83)) -> 3 | F83: =IF(A83="","",IF(COUNTA(Products!$A$2:$A$151)=0,0,D83/COUNTA(Products!$A$2:$A$151))) -> 0.028301887 | G83: =IF(A83="","",IF(D83=0,"Not used",IF(D83=1,"Unique to 1 product",IF(D83=COUNTA(Products!$A$2:$A$151),"In all products","Shared")))) -> Shared
A84: Saw Palmetto Dry Extract 4:1 | B84: Active | C84: Source names: Saw palmetto Dry Extract (Con 4:1) | D84: =IF(A84="","",SUMIFS(Formulas!$K$2:$K$3001,Formulas!$B$2:$B$3001,A84)) -> 1 | E84: =IF(A84="","",COUNTIF(Formulas!$B$2:$B$3001,A84)) -> 1 | F84: =IF(A84="","",IF(COUNTA(Products!$A$2:$A$151)=0,0,D84/COUNTA(Products!$A$2:$A$151))) -> 0.0094339623 | G84: =IF(A84="","",IF(D84=0,"Not used",IF(D84=1,"Unique to 1 product",IF(D84=COUNTA(Products!$A$2:$A$151),"In all products","Shared")))) -> Unique to 1 product
A85: Siberian Ginseng Dry Extract 5:1 | B85: Active | C85: Source names: Siberian Ginseng Dry extract (Eleutherococcus senticosus Dry Extract Con. 5:1); Eleutherococcus Senticosus (Siberian Ginseng) Dry Extract Con. 5:1 | D85: =IF(A85="","",SUMIFS(Formulas!$K$2:$K$3001,Formulas!$B$2:$B$3001,A85)) -> 4 | E85: =IF(A85="","",COUNTIF(Formulas!$B$2:$B$3001,A85)) -> 4 | F85: =IF(A85="","",IF(COUNTA(Products!$A$2:$A$151)=0,0,D85/COUNTA(Products!$A$2:$A$151))) -> 0.037735849 | G85: =IF(A85="","",IF(D85=0,"Not used",IF(D85=1,"Unique to 1 product",IF(D85=COUNTA(Products!$A$2:$A$151),"In all products","Shared")))) -> Shared
A86: Sodium Selenate Anhydrous | B86: Active | D86: =IF(A86="","",SUMIFS(Formulas!$K$2:$K$3001,Formulas!$B$2:$B$3001,A86)) -> 1 | E86: =IF(A86="","",COUNTIF(Formulas!$B$2:$B$3001,A86)) -> 1 | F86: =IF(A86="","",IF(COUNTA(Products!$A$2:$A$151)=0,0,D86/COUNTA(Products!$A$2:$A$151))) -> 0.0094339623 | G86: =IF(A86="","",IF(D86=0,"Not used",IF(D86=1,"Unique to 1 product",IF(D86=COUNTA(Products!$A$2:$A$151),"In all products","Shared")))) -> Unique to 1 product
A87: Sodium Selenite | B87: Active | C87: Source names: Selenium (as Sodium selenite); Selenium (as Sodium Selenite); Selenium (as Sodium Selenite Anhydrous) | D87: =IF(A87="","",SUMIFS(Formulas!$K$2:$K$3001,Formulas!$B$2:$B$3001,A87)) -> 4 | E87: =IF(A87="","",COUNTIF(Formulas!$B$2:$B$3001,A87)) -> 4 | F87: =IF(A87="","",IF(COUNTA(Products!$A$2:$A$151)=0,0,D87/COUNTA(Products!$A$2:$A$151))) -> 0.037735849 | G87: =IF(A87="","",IF(D87=0,"Not used",IF(D87=1,"Unique to 1 product",IF(D87=COUNTA(Products!$A$2:$A$151),"In all products","Shared")))) -> Shared
A88: Taurine | B88: Active | D88: =IF(A88="","",SUMIFS(Formulas!$K$2:$K$3001,Formulas!$B$2:$B$3001,A88)) -> 1 | E88: =IF(A88="","",COUNTIF(Formulas!$B$2:$B$3001,A88)) -> 1 | F88: =IF(A88="","",IF(COUNTA(Products!$A$2:$A$151)=0,0,D88/COUNTA(Products!$A$2:$A$151))) -> 0.0094339623 | G88: =IF(A88="","",IF(D88=0,"Not used",IF(D88=1,"Unique to 1 product",IF(D88=COUNTA(Products!$A$2:$A$151),"In all products","Shared")))) -> Unique to 1 product
A89: Telmisartan | B89: Active | D89: =IF(A89="","",SUMIFS(Formulas!$K$2:$K$3001,Formulas!$B$2:$B$3001,A89)) -> 10 | E89: =IF(A89="","",COUNTIF(Formulas!$B$2:$B$3001,A89)) -> 10 | F89: =IF(A89="","",IF(COUNTA(Products!$A$2:$A$151)=0,0,D89/COUNTA(Products!$A$2:$A$151))) -> 0.094339623 | G89: =IF(A89="","",IF(D89=0,"Not used",IF(D89=1,"Unique to 1 product",IF(D89=COUNTA(Products!$A$2:$A$151),"In all products","Shared")))) -> Shared
A90: Thiamine Hydrochloride (Vitamin B1) | B90: Active | C90: Source names: Thiamin (B1); Vitamin B1; Vitamin B1 (as Thiamine Hydrochloride) (+4 more, see Name Mapping) | D90: =IF(A90="","",SUMIFS(Formulas!$K$2:$K$3001,Formulas!$B$2:$B$3001,A90)) -> 9 | E90: =IF(A90="","",COUNTIF(Formulas!$B$2:$B$3001,A90)) -> 9 | F90: =IF(A90="","",IF(COUNTA(Products!$A$2:$A$151)=0,0,D90/COUNTA(Products!$A$2:$A$151))) -> 0.08490566 | G90: =IF(A90="","",IF(D90=0,"Not used",IF(D90=1,"Unique to 1 product",IF(D90=COUNTA(Products!$A$2:$A$151),"In all products","Shared")))) -> Shared
A91: Tribulus Terrestris Dry Extract 50:1 | B91: Active | C91: Source names: Tribulus Terrestris Dry Extract Con. 50:1 | D91: =IF(A91="","",SUMIFS(Formulas!$K$2:$K$3001,Formulas!$B$2:$B$3001,A91)) -> 2 | E91: =IF(A91="","",COUNTIF(Formulas!$B$2:$B$3001,A91)) -> 2 | F91: =IF(A91="","",IF(COUNTA(Products!$A$2:$A$151)=0,0,D91/COUNTA(Products!$A$2:$A$151))) -> 0.018867925 | G91: =IF(A91="","",IF(D91=0,"Not used",IF(D91=1,"Unique to 1 product",IF(D91=COUNTA(Products!$A$2:$A$151),"In all products","Shared")))) -> Shared
A92: Ubidecarenone (Co-Q10) | B92: Active | C92: Source names: Ubidecarenone; Co-Q10 (Ubidecarenone) | D92: =IF(A92="","",SUMIFS(Formulas!$K$2:$K$3001,Formulas!$B$2:$B$3001,A92)) -> 3 | E92: =IF(A92="","",COUNTIF(Formulas!$B$2:$B$3001,A92)) -> 3 | F92: =IF(A92="","",IF(COUNTA(Products!$A$2:$A$151)=0,0,D92/COUNTA(Products!$A$2:$A$151))) -> 0.028301887 | G92: =IF(A92="","",IF(D92=0,"Not used",IF(D92=1,"Unique to 1 product",IF(D92=COUNTA(Products!$A$2:$A$151),"In all products","Shared")))) -> Shared
A93: Vitamin D3 | B93: Active | C93: Source names: Dry Vitamin D3 Type 100 CWS; Dry Vitamin D3 type 100 CWS; Dry Vitamin D3 type 100 CWS (Vitamin D3) (+2 more, see Name Mapping) | D93: =IF(A93="","",SUMIFS(Formulas!$K$2:$K$3001,Formulas!$B$2:$B$3001,A93)) -> 8 | E93: =IF(A93="","",COUNTIF(Formulas!$B$2:$B$3001,A93)) -> 8 | F93: =IF(A93="","",IF(COUNTA(Products!$A$2:$A$151)=0,0,D93/COUNTA(Products!$A$2:$A$151))) -> 0.075471698 | G93: =IF(A93="","",IF(D93=0,"Not used",IF(D93=1,"Unique to 1 product",IF(D93=COUNTA(Products!$A$2:$A$151),"In all products","Shared")))) -> Shared
A94: Vitamin K1 | B94: Active | C94: Source names: Dry Vitamin K1 5% (Solid) | D94: =IF(A94="","",SUMIFS(Formulas!$K$2:$K$3001,Formulas!$B$2:$B$3001,A94)) -> 2 | E94: =IF(A94="","",COUNTIF(Formulas!$B$2:$B$3001,A94)) -> 2 | F94: =IF(A94="","",IF(COUNTA(Products!$A$2:$A$151)=0,0,D94/COUNTA(Products!$A$2:$A$151))) -> 0.018867925 | G94: =IF(A94="","",IF(D94=0,"Not used",IF(D94=1,"Unique to 1 product",IF(D94=COUNTA(Products!$A$2:$A$151),"In all products","Shared")))) -> Shared
A95: Zinc Gluconate | B95: Active | C95: Source names: Zinc (as Zinc Gluconate); Zn (Zinc Gluconate); Zinc Gluconate (Zn= 25 mg) | D95: =IF(A95="","",SUMIFS(Formulas!$K$2:$K$3001,Formulas!$B$2:$B$3001,A95)) -> 10 | E95: =IF(A95="","",COUNTIF(Formulas!$B$2:$B$3001,A95)) -> 10 | F95: =IF(A95="","",IF(COUNTA(Products!$A$2:$A$151)=0,0,D95/COUNTA(Products!$A$2:$A$151))) -> 0.094339623 | G95: =IF(A95="","",IF(D95=0,"Not used",IF(D95=1,"Unique to 1 product",IF(D95=COUNTA(Products!$A$2:$A$151),"In all products","Shared")))) -> Shared
A96: Meglumine | B96: Alkalizer / Solubilizer | D96: =IF(A96="","",SUMIFS(Formulas!$K$2:$K$3001,Formulas!$B$2:$B$3001,A96)) -> 10 | E96: =IF(A96="","",COUNTIF(Formulas!$B$2:$B$3001,A96)) -> 10 | F96: =IF(A96="","",IF(COUNTA(Products!$A$2:$A$151)=0,0,D96/COUNTA(Products!$A$2:$A$151))) -> 0.094339623 | G96: =IF(A96="","",IF(D96=0,"Not used",IF(D96=1,"Unique to 1 product",IF(D96=COUNTA(Products!$A$2:$A$151),"In all products","Shared")))) -> Shared
A97: Sodium Hydroxide | B97: Alkalizer / Solubilizer | D97: =IF(A97="","",SUMIFS(Formulas!$K$2:$K$3001,Formulas!$B$2:$B$3001,A97)) -> 11 | E97: =IF(A97="","",COUNTIF(Formulas!$B$2:$B$3001,A97)) -> 11 | F97: =IF(A97="","",IF(COUNTA(Products!$A$2:$A$151)=0,0,D97/COUNTA(Products!$A$2:$A$151))) -> 0.10377358 | G97: =IF(A97="","",IF(D97=0,"Not used",IF(D97=1,"Unique to 1 product",IF(D97=COUNTA(Products!$A$2:$A$151),"In all products","Shared")))) -> Shared
A98: PVP K30 | B98: Binder | C98: Source names: PVPK30; Povidone K30; Poly vinyl Pyrrolidone (PVP-K30) (+3 more, see Name Mapping) | D98: =IF(A98="","",SUMIFS(Formulas!$K$2:$K$3001,Formulas!$B$2:$B$3001,A98)) -> 54 | E98: =IF(A98="","",COUNTIF(Formulas!$B$2:$B$3001,A98)) -> 66 | F98: =IF(A98="","",IF(COUNTA(Products!$A$2:$A$151)=0,0,D98/COUNTA(Products!$A$2:$A$151))) -> 0.50943396 | G98: =IF(A98="","",IF(D98=0,"Not used",IF(D98=1,"Unique to 1 product",IF(D98=COUNTA(Products!$A$2:$A$151),"In all products","Shared")))) -> Shared
A99: PVP K90 | B99: Binder | D99: =IF(A99="","",SUMIFS(Formulas!$K$2:$K$3001,Formulas!$B$2:$B$3001,A99)) -> 12 | E99: =IF(A99="","",COUNTIF(Formulas!$B$2:$B$3001,A99)) -> 16 | F99: =IF(A99="","",IF(COUNTA(Products!$A$2:$A$151)=0,0,D99/COUNTA(Products!$A$2:$A$151))) -> 0.11320755 | G99: =IF(A99="","",IF(D99=0,"Not used",IF(D99=1,"Unique to 1 product",IF(D99=COUNTA(Products!$A$2:$A$151),"In all products","Shared")))) -> Shared
A100: HPMC 15cps (Hypromellose) | B100: Binder / Coating Polymer | C100: Source names: Hypromellose 15cps | D100: =IF(A100="","",SUMIFS(Formulas!$K$2:$K$3001,Formulas!$B$2:$B$3001,A100)) -> 1 | E100: =IF(A100="","",COUNTIF(Formulas!$B$2:$B$3001,A100)) -> 1 | F100: =IF(A100="","",IF(COUNTA(Products!$A$2:$A$151)=0,0,D100/COUNTA(Products!$A$2:$A$151))) -> 0.0094339623 | G100: =IF(A100="","",IF(D100=0,"Not used",IF(D100=1,"Unique to 1 product",IF(D100=COUNTA(Products!$A$2:$A$151),"In all products","Shared")))) -> Unique to 1 product
...

Sheet Products
A1: Product | B1: Notes (strength, dosage form...) | C1: Active 1 (auto) | D1: Active 2 (auto) | E1: # Actives (auto) | F1: Active(s) (auto) | G1: # Formula lines (auto) | H1: # Distinct materials (auto)
A2: Ezetimibe-Rosuvastatin 10-10 | C2: =IF(A2="","",IFERROR(INDEX(Formulas!$B$2:$B$3001,MATCH(A2&"|1",Formulas!$H$2:$H$3001,0)),"")) -> Ezetimibe | D2: =IF(A2="","",IFERROR(INDEX(Formulas!$B$2:$B$3001,MATCH(A2&"|2",Formulas!$H$2:$H$3001,0)),"")) -> Rosuvastatin Calcium | E2: =IF(A2="","",COUNTIFS(Formulas!$A$2:$A$3001,A2,Formulas!$F$2:$F$3001,"Active")) -> 2 | F2: =IF(A2="","",IF(C2="","",C2&IF(D2="","",", "&D2)&IF(E2>2," (+"&(E2-2)&" more)",""))) -> Ezetimibe, Rosuvastatin Calcium | G2: =IF(A2="","",COUNTIF(Formulas!$A$2:$A$3001,A2)) -> 19 | H2: =IF(A2="","",SUMIFS(Formulas!$K$2:$K$3001,Formulas!$A$2:$A$3001,A2)) -> 16
A3: Ezetimibe-Rosuvastatin 10-20 | C3: =IF(A3="","",IFERROR(INDEX(Formulas!$B$2:$B$3001,MATCH(A3&"|1",Formulas!$H$2:$H$3001,0)),"")) -> Ezetimibe | D3: =IF(A3="","",IFERROR(INDEX(Formulas!$B$2:$B$3001,MATCH(A3&"|2",Formulas!$H$2:$H$3001,0)),"")) -> Rosuvastatin Calcium | E3: =IF(A3="","",COUNTIFS(Formulas!$A$2:$A$3001,A3,Formulas!$F$2:$F$3001,"Active")) -> 2 | F3: =IF(A3="","",IF(C3="","",C3&IF(D3="","",", "&D3)&IF(E3>2," (+"&(E3-2)&" more)",""))) -> Ezetimibe, Rosuvastatin Calcium | G3: =IF(A3="","",COUNTIF(Formulas!$A$2:$A$3001,A3)) -> 20 | H3: =IF(A3="","",SUMIFS(Formulas!$K$2:$K$3001,Formulas!$A$2:$A$3001,A3)) -> 17
A4: Ezetimibe-Rosuvastatin 10-40 | C4: =IF(A4="","",IFERROR(INDEX(Formulas!$B$2:$B$3001,MATCH(A4&"|1",Formulas!$H$2:$H$3001,0)),"")) -> Ezetimibe | D4: =IF(A4="","",IFERROR(INDEX(Formulas!$B$2:$B$3001,MATCH(A4&"|2",Formulas!$H$2:$H$3001,0)),"")) -> Rosuvastatin Calcium | E4: =IF(A4="","",COUNTIFS(Formulas!$A$2:$A$3001,A4,Formulas!$F$2:$F$3001,"Active")) -> 2 | F4: =IF(A4="","",IF(C4="","",C4&IF(D4="","",", "&D4)&IF(E4>2," (+"&(E4-2)&" more)",""))) -> Ezetimibe, Rosuvastatin Calcium | G4: =IF(A4="","",COUNTIF(Formulas!$A$2:$A$3001,A4)) -> 19 | H4: =IF(A4="","",SUMIFS(Formulas!$K$2:$K$3001,Formulas!$A$2:$A$3001,A4)) -> 16
A5: Resmitrom (Resffera) 60 | C5: =IF(A5="","",IFERROR(INDEX(Formulas!$B$2:$B$3001,MATCH(A5&"|1",Formulas!$H$2:$H$3001,0)),"")) -> Resmetirom | D5: =IF(A5="","",IFERROR(INDEX(Formulas!$B$2:$B$3001,MATCH(A5&"|2",Formulas!$H$2:$H$3001,0)),"")) | E5: =IF(A5="","",COUNTIFS(Formulas!$A$2:$A$3001,A5,Formulas!$F$2:$F$3001,"Active")) -> 1 | F5: =IF(A5="","",IF(C5="","",C5&IF(D5="","",", "&D5)&IF(E5>2," (+"&(E5-2)&" more)",""))) -> Resmetirom | G5: =IF(A5="","",COUNTIF(Formulas!$A$2:$A$3001,A5)) -> 17 | H5: =IF(A5="","",SUMIFS(Formulas!$K$2:$K$3001,Formulas!$A$2:$A$3001,A5)) -> 15
A6: Resmitrom (Resffera) 80 | C6: =IF(A6="","",IFERROR(INDEX(Formulas!$B$2:$B$3001,MATCH(A6&"|1",Formulas!$H$2:$H$3001,0)),"")) -> Resmetirom | D6: =IF(A6="","",IFERROR(INDEX(Formulas!$B$2:$B$3001,MATCH(A6&"|2",Formulas!$H$2:$H$3001,0)),"")) | E6: =IF(A6="","",COUNTIFS(Formulas!$A$2:$A$3001,A6,Formulas!$F$2:$F$3001,"Active")) -> 1 | F6: =IF(A6="","",IF(C6="","",C6&IF(D6="","",", "&D6)&IF(E6>2," (+"&(E6-2)&" more)",""))) -> Resmetirom | G6: =IF(A6="","",COUNTIF(Formulas!$A$2:$A$3001,A6)) -> 17 | H6: =IF(A6="","",SUMIFS(Formulas!$K$2:$K$3001,Formulas!$A$2:$A$3001,A6)) -> 15
A7: Resmitrom (Resffera) 100 | C7: =IF(A7="","",IFERROR(INDEX(Formulas!$B$2:$B$3001,MATCH(A7&"|1",Formulas!$H$2:$H$3001,0)),"")) -> Resmetirom | D7: =IF(A7="","",IFERROR(INDEX(Formulas!$B$2:$B$3001,MATCH(A7&"|2",Formulas!$H$2:$H$3001,0)),"")) | E7: =IF(A7="","",COUNTIFS(Formulas!$A$2:$A$3001,A7,Formulas!$F$2:$F$3001,"Active")) -> 1 | F7: =IF(A7="","",IF(C7="","",C7&IF(D7="","",", "&D7)&IF(E7>2," (+"&(E7-2)&" more)",""))) -> Resmetirom | G7: =IF(A7="","",COUNTIF(Formulas!$A$2:$A$3001,A7)) -> 17 | H7: =IF(A7="","",SUMIFS(Formulas!$K$2:$K$3001,Formulas!$A$2:$A$3001,A7)) -> 15
A8: Finerodyd 10 | C8: =IF(A8="","",IFERROR(INDEX(Formulas!$B$2:$B$3001,MATCH(A8&"|1",Formulas!$H$2:$H$3001,0)),"")) -> Finerenone | D8: =IF(A8="","",IFERROR(INDEX(Formulas!$B$2:$B$3001,MATCH(A8&"|2",Formulas!$H$2:$H$3001,0)),"")) | E8: =IF(A8="","",COUNTIFS(Formulas!$A$2:$A$3001,A8,Formulas!$F$2:$F$3001,"Active")) -> 1 | F8: =IF(A8="","",IF(C8="","",C8&IF(D8="","",", "&D8)&IF(E8>2," (+"&(E8-2)&" more)",""))) -> Finerenone | G8: =IF(A8="","",COUNTIF(Formulas!$A$2:$A$3001,A8)) -> 16 | H8: =IF(A8="","",SUMIFS(Formulas!$K$2:$K$3001,Formulas!$A$2:$A$3001,A8)) -> 14
A9: Finerodyd 20 | C9: =IF(A9="","",IFERROR(INDEX(Formulas!$B$2:$B$3001,MATCH(A9&"|1",Formulas!$H$2:$H$3001,0)),"")) -> Finerenone | D9: =IF(A9="","",IFERROR(INDEX(Formulas!$B$2:$B$3001,MATCH(A9&"|2",Formulas!$H$2:$H$3001,0)),"")) | E9: =IF(A9="","",COUNTIFS(Formulas!$A$2:$A$3001,A9,Formulas!$F$2:$F$3001,"Active")) -> 1 | F9: =IF(A9="","",IF(C9="","",C9&IF(D9="","",", "&D9)&IF(E9>2," (+"&(E9-2)&" more)",""))) -> Finerenone | G9: =IF(A9="","",COUNTIF(Formulas!$A$2:$A$3001,A9)) -> 16 | H9: =IF(A9="","",SUMIFS(Formulas!$K$2:$K$3001,Formulas!$A$2:$A$3001,A9)) -> 14
A10: Cardyd 20 | C10: =IF(A10="","",IFERROR(INDEX(Formulas!$B$2:$B$3001,MATCH(A10&"|1",Formulas!$H$2:$H$3001,0)),"")) -> Telmisartan | D10: =IF(A10="","",IFERROR(INDEX(Formulas!$B$2:$B$3001,MATCH(A10&"|2",Formulas!$H$2:$H$3001,0)),"")) | E10: =IF(A10="","",COUNTIFS(Formulas!$A$2:$A$3001,A10,Formulas!$F$2:$F$3001,"Active")) -> 1 | F10: =IF(A10="","",IF(C10="","",C10&IF(D10="","",", "&D10)&IF(E10>2," (+"&(E10-2)&" more)",""))) -> Telmisartan | G10: =IF(A10="","",COUNTIF(Formulas!$A$2:$A$3001,A10)) -> 13 | H10: =IF(A10="","",SUMIFS(Formulas!$K$2:$K$3001,Formulas!$A$2:$A$3001,A10)) -> 13
A11: Cardyd 40 | C11: =IF(A11="","",IFERROR(INDEX(Formulas!$B$2:$B$3001,MATCH(A11&"|1",Formulas!$H$2:$H$3001,0)),"")) -> Telmisartan | D11: =IF(A11="","",IFERROR(INDEX(Formulas!$B$2:$B$3001,MATCH(A11&"|2",Formulas!$H$2:$H$3001,0)),"")) | E11: =IF(A11="","",COUNTIFS(Formulas!$A$2:$A$3001,A11,Formulas!$F$2:$F$3001,"Active")) -> 1 | F11: =IF(A11="","",IF(C11="","",C11&IF(D11="","",", "&D11)&IF(E11>2," (+"&(E11-2)&" more)",""))) -> Telmisartan | G11: =IF(A11="","",COUNTIF(Formulas!$A$2:$A$3001,A11)) -> 13 | H11: =IF(A11="","",SUMIFS(Formulas!$K$2:$K$3001,Formulas!$A$2:$A$3001,A11)) -> 13
A12: Cardyd 80 | C12: =IF(A12="","",IFERROR(INDEX(Formulas!$B$2:$B$3001,MATCH(A12&"|1",Formulas!$H$2:$H$3001,0)),"")) -> Telmisartan | D12: =IF(A12="","",IFERROR(INDEX(Formulas!$B$2:$B$3001,MATCH(A12&"|2",Formulas!$H$2:$H$3001,0)),"")) | E12: =IF(A12="","",COUNTIFS(Formulas!$A$2:$A$3001,A12,Formulas!$F$2:$F$3001,"Active")) -> 1 | F12: =IF(A12="","",IF(C12="","",C12&IF(D12="","",", "&D12)&IF(E12>2," (+"&(E12-2)&" more)",""))) -> Telmisartan | G12: =IF(A12="","",COUNTIF(Formulas!$A$2:$A$3001,A12)) -> 13 | H12: =IF(A12="","",SUMIFS(Formulas!$K$2:$K$3001,Formulas!$A$2:$A$3001,A12)) -> 13
A13: Cardyd-AM 80/5 | C13: =IF(A13="","",IFERROR(INDEX(Formulas!$B$2:$B$3001,MATCH(A13&"|1",Formulas!$H$2:$H$3001,0)),"")) -> Telmisartan | D13: =IF(A13="","",IFERROR(INDEX(Formulas!$B$2:$B$3001,MATCH(A13&"|2",Formulas!$H$2:$H$3001,0)),"")) -> Amlodipine Besylate | E13: =IF(A13="","",COUNTIFS(Formulas!$A$2:$A$3001,A13,Formulas!$F$2:$F$3001,"Active")) -> 2 | F13: =IF(A13="","",IF(C13="","",C13&IF(D13="","",", "&D13)&IF(E13>2," (+"&(E13-2)&" more)",""))) -> Telmisartan, Amlodipine Besylate | G13: =IF(A13="","",COUNTIF(Formulas!$A$2:$A$3001,A13)) -> 19 | H13: =IF(A13="","",SUMIFS(Formulas!$K$2:$K$3001,Formulas!$A$2:$A$3001,A13)) -> 16
... A45: Flusip Cold and Flu (Sugar Free) | C45: =IF(A45="","",IFERROR(INDEX(Formulas!$B$2:$B$3001,MATCH(A45&"|1",Formulas!$H$2:$H$3001,0)),"")) -> Acetaminophen | D45: =IF(A45="","",IFERROR(INDEX(Formulas!$B$2:$B$3001,MATCH(A45&"|2",Formulas!$H$2:$H$3001,0)),"")) -> Phenylephrine HCl | E45: =IF(A45="","",COUNTIFS(Formulas!$A$2:$A$3001,A45,Formulas!$F$2:$F$3001,"Active")) -> 3 | F45: =IF(A45="","",IF(C45="","",C45&IF(D45="","",", "&D45)&IF(E45>2," (+"&(E45-2)&" more)",""))) -> Acetaminophen, Phenylephrine HCl (+1 more) | G45: =IF(A45="","",COUNTIF(Formulas!$A$2:$A$3001,A45)) -> 12 | H45: =IF(A45="","",SUMIFS(Formulas!$K$2:$K$3001,Formulas!$A$2:$A$3001,A45)) -> 12
A46: Flusip-C | B46: No formula in source file yet | C46: =IF(A46="","",IFERROR(INDEX(Formulas!$B$2:$B$3001,MATCH(A46&"|1",Formulas!$H$2:$H$3001,0)),"")) | D46: =IF(A46="","",IFERROR(INDEX(Formulas!$B$2:$B$3001,MATCH(A46&"|2",Formulas!$H$2:$H$3001,0)),"")) | E46: =IF(A46="","",COUNTIFS(Formulas!$A$2:$A$3001,A46,Formulas!$F$2:$F$3001,"Active")) -> 0 | F46: =IF(A46="","",IF(C46="","",C46&IF(D46="","",", "&D46)&IF(E46>2," (+"&(E46-2)&" more)",""))) | G46: =IF(A46="","",COUNTIF(Formulas!$A$2:$A$3001,A46)) -> 0 | H46: =IF(A46="","",SUMIFS(Formulas!$K$2:$K$3001,Formulas!$A$2:$A$3001,A46)) -> 0
A47: Empagliflozin 10 mg | C47: =IF(A47="","",IFERROR(INDEX(Formulas!$B$2:$B$3001,MATCH(A47&"|1",Formulas!$H$2:$H$3001,0)),"")) -> Empagliflozin | D47: =IF(A47="","",IFERROR(INDEX(Formulas!$B$2:$B$3001,MATCH(A47&"|2",Formulas!$H$2:$H$3001,0)),"")) | E47: =IF(A47="","",COUNTIFS(Formulas!$A$2:$A$3001,A47,Formulas!$F$2:$F$3001,"Active")) -> 1 | F47: =IF(A47="","",IF(C47="","",C47&IF(D47="","",", "&D47)&IF(E47>2," (+"&(E47-2)&" more)",""))) -> Empagliflozin | G47: =IF(A47="","",COUNTIF(Formulas!$A$2:$A$3001,A47)) -> 13 | H47: =IF(A47="","",SUMIFS(Formulas!$K$2:$K$3001,Formulas!$A$2:$A$3001,A47)) -> 12
A48: Empaglose 25 | C48: =IF(A48="","",IFERROR(INDEX(Formulas!$B$2:$B$3001,MATCH(A48&"|1",Formulas!$H$2:$H$3001,0)),"")) -> Empagliflozin | D48: =IF(A48="","",IFERROR(INDEX(Formulas!$B$2:$B$3001,MATCH(A48&"|2",Formulas!$H$2:$H$3001,0)),"")) | E48: =IF(A48="","",COUNTIFS(Formulas!$A$2:$A$3001,A48,Formulas!$F$2:$F$3001,"Active")) -> 1 | F48: =IF(A48="","",IF(C48="","",C48&IF(D48="","",", "&D48)&IF(E48>2," (+"&(E48-2)&" more)",""))) -> Empagliflozin | G48: =IF(A48="","",COUNTIF(Formulas!$A$2:$A$3001,A48)) -> 14 | H48: =IF(A48="","",SUMIFS(Formulas!$K$2:$K$3001,Formulas!$A$2:$A$3001,A48)) -> 13
A49: Lixiban 2.5 | C49: =IF(A49="","",IFERROR(INDEX(Formulas!$B$2:$B$3001,MATCH(A49&"|1",Formulas!$H$2:$H$3001,0)),"")) -> Apixaban | D49: =IF(A49="","",IFERROR(INDEX(Formulas!$B$2:$B$3001,MATCH(A49&"|2",Formulas!$H$2:$H$3001,0)),"")) | E49: =IF(A49="","",COUNTIFS(Formulas!$A$2:$A$3001,A49,Formulas!$F$2:$F$3001,"Active")) -> 1 | F49: =IF(A49="","",IF(C49="","",C49&IF(D49="","",", "&D49)&IF(E49>2," (+"&(E49-2)&" more)",""))) -> Apixaban | G49: =IF(A49="","",COUNTIF(Formulas!$A$2:$A$3001,A49)) -> 15 | H49: =IF(A49="","",SUMIFS(Formulas!$K$2:$K$3001,Formulas!$A$2:$A$3001,A49)) -> 15
A50: Lixiban 5 | C50: =IF(A50="","",IFERROR(INDEX(Formulas!$B$2:$B$3001,MATCH(A50&"|1",Formulas!$H$2:$H$3001,0)),"")) -> Apixaban | D50: =IF(A50="","",IFERROR(INDEX(Formulas!$B$2:$B$3001,MATCH(A50&"|2",Formulas!$H$2:$H$3001,0)),"")) | E50: =IF(A50="","",COUNTIFS(Formulas!$A$2:$A$3001,A50,Formulas!$F$2:$F$3001,"Active")) -> 1 | F50: =IF(A50="","",IF(C50="","",C50&IF(D50="","",", "&D50)&IF(E50>2," (+"&(E50-2)&" more)",""))) -> Apixaban | G50: =IF(A50="","",COUNTIF(Formulas!$A$2:$A$3001,A50)) -> 15 | H50: =IF(A50="","",SUMIFS(Formulas!$K$2:$K$3001,Formulas!$A$2:$A$3001,A50)) -> 15
A51: Glose-lin 10/5 | C51: =IF(A51="","",IFERROR(INDEX(Formulas!$B$2:$B$3001,MATCH(A51&"|1",Formulas!$H$2:$H$3001,0)),"")) -> Empagliflozin | D51: =IF(A51="","",IFERROR(INDEX(Formulas!$B$2:$B$3001,MATCH(A51&"|2",Formulas!$H$2:$H$3001,0)),"")) -> Linagliptin | E51: =IF(A51="","",COUNTIFS(Formulas!$A$2:$A$3001,A51,Formulas!$F$2:$F$3001,"Active")) -> 2 | F51: =IF(A51="","",IF(C51="","",C51&IF(D51="","",", "&D51)&IF(E51>2," (+"&(E51-2)&" more)",""))) -> Empagliflozin, Linagliptin | G51: =IF(A51="","",COUNTIF(Formulas!$A$2:$A$3001,A51)) -> 15 | H51: =IF(A51="","",SUMIFS(Formulas!$K$2:$K$3001,Formulas!$A$2:$A$3001,A51)) -> 13
A52: Glose-lin 25/5 | C52: =IF(A52="","",IFERROR(INDEX(Formulas!$B$2:$B$3001,MATCH(A52&"|1",Formulas!$H$2:$H$3001,0)),"")) -> Empagliflozin | D52: =IF(A52="","",IFERROR(INDEX(Formulas!$B$2:$B$3001,MATCH(A52&"|2",Formulas!$H$2:$H$3001,0)),"")) -> Linagliptin | E52: =IF(A52="","",COUNTIFS(Formulas!$A$2:$A$3001,A52,Formulas!$F$2:$F$3001,"Active")) -> 2 | F52: =IF(A52="","",IF(C52="","",C52&IF(D52="","",", "&D52)&IF(E52>2," (+"&(E52-2)&" more)",""))) -> Empagliflozin, Linagliptin | G52: =IF(A52="","",COUNTIF(Formulas!$A$2:$A$3001,A52)) -> 16 | H52: =IF(A52="","",SUMIFS(Formulas!$K$2:$K$3001,Formulas!$A$2:$A$3001,A52)) -> 14
A53: TRILEMO ER 5-2.5-1000 | C53: =IF(A53="","",IFERROR(INDEX(Formulas!$B$2:$B$3001,MATCH(A53&"|1",Formulas!$H$2:$H$3001,0)),"")) -> Metformin Hydrochloride | D53: =IF(A53="","",IFERROR(INDEX(Formulas!$B$2:$B$3001,MATCH(A53&"|2",Formulas!$H$2:$H$3001,0)),"")) -> Empagliflozin | E53: =IF(A53="","",COUNTIFS(Formulas!$A$2:$A$3001,A53,Formulas!$F$2:$F$3001,"Active")) -> 3 | F53: =IF(A53="","",IF(C53="","",C53&IF(D53="","",", "&D53)&IF(E53>2," (+"&(E53-2)&" more)",""))) -> Metformin Hydrochloride, Empagliflozin (+1 more) | G53: =IF(A53="","",COUNTIF(Formulas!$A$2:$A$3001,A53)) -> 25 | H53: =IF(A53="","",SUMIFS(Formulas!$K$2:$K$3001,Formulas!$A$2:$A$3001,A53)) -> 17
A54: TRILEMO ER 10-5-1000 | C54: =IF(A54="","",IFERROR(INDEX(Formulas!$B$2:$B$3001,MATCH(A54&"|1",Formulas!$H$2:$H$3001,0)),"")) -> Metformin Hydrochloride | D54: =IF(A54="","",IFERROR(INDEX(Formulas!$B$2:$B$3001,MATCH(A54&"|2",Formulas!$H$2:$H$3001,0)),"")) -> Empagliflozin | E54: =IF(A54="","",COUNTIFS(Formulas!$A$2:$A$3001,A54,Formulas!$F$2:$F$3001,"Active")) -> 3 | F54: =IF(A54="","",IF(C54="","",C54&IF(D54="","",", "&D54)&IF(E54>2," (+"&(E54-2)&" more)",""))) -> Metformin Hydrochloride, Empagliflozin (+1 more) | G54: =IF(A54="","",COUNTIF(Formulas!$A$2:$A$3001,A54)) -> 24 | H54: =IF(A54="","",SUMIFS(Formulas!$K$2:$K$3001,Formulas!$A$2:$A$3001,A54)) -> 16
A55: TRILEMO ER 12.5-2.5-1000 | C55: =IF(A55="","",IFERROR(INDEX(Formulas!$B$2:$B$3001,MATCH(A55&"|1",Formulas!$H$2:$H$3001,0)),"")) -> Metformin Hydrochloride | D55: =IF(A55="","",IFERROR(INDEX(Formulas!$B$2:$B$3001,MATCH(A55&"|2",Formulas!$H$2:$H$3001,0)),"")) -> Empagliflozin | E55: =IF(A55="","",COUNTIFS(Formulas!$A$2:$A$3001,A55,Formulas!$F$2:$F$3001,"Active")) -> 3 | F55: =IF(A55="","",IF(C55="","",C55&IF(D55="","",", "&D55)&IF(E55>2," (+"&(E55-2)&" more)",""))) -> Metformin Hydrochloride, Empagliflozin (+1 more) | G55: =IF(A55="","",COUNTIF(Formulas!$A$2:$A$3001,A55)) -> 24 | H55: =IF(A55="","",SUMIFS(Formulas!$K$2:$K$3001,Formulas!$A$2:$A$3001,A55)) -> 16
A56: TRILEMO ER 25-5-1000 | C56: =IF(A56="","",IFERROR(INDEX(Formulas!$B$2:$B$3001,MATCH(A56&"|1",Formulas!$H$2:$H$3001,0)),"")) -> Metformin Hydrochloride | D56: =IF(A56="","",IFERROR(INDEX(Formulas!$B$2:$B$3001,MATCH(A56&"|2",Formulas!$H$2:$H$3001,0)),"")) -> Empagliflozin | E56: =IF(A56="","",COUNTIFS(Formulas!$A$2:$A$3001,A56,Formulas!$F$2:$F$3001,"Active")) -> 3 | F56: =IF(A56="","",IF(C56="","",C56&IF(D56="","",", "&D56)&IF(E56>2," (+"&(E56-2)&" more)",""))) -> Metformin Hydrochloride, Empagliflozin (+1 more) | G56: =IF(A56="","",COUNTIF(Formulas!$A$2:$A$3001,A56)) -> 24 | H56: =IF(A56="","",SUMIFS(Formulas!$K$2:$K$3001,Formulas!$A$2:$A$3001,A56)) -> 16
A57: Emet-Duo 5/1000 ER | C57: =IF(A57="","",IFERROR(INDEX(Formulas!$B$2:$B$3001,MATCH(A57&"|1",Formulas!$H$2:$H$3001,0)),"")) -> Metformin Hydrochloride | D57: =IF(A57="","",IFERROR(INDEX(Formulas!$B$2:$B$3001,MATCH(A57&"|2",Formulas!$H$2:$H$3001,0)),"")) -> Empagliflozin | E57: =IF(A57="","",COUNTIFS(Formulas!$A$2:$A$3001,A57,Formulas!$F$2:$F$3001,"Active")) -> 2 | F57: =IF(A57="","",IF(C57="","",C57&IF(D57="","",", "&D57)&IF(E57>2," (+"&(E57-2)&" more)",""))) -> Metformin Hydrochloride, Empagliflozin | G57: =IF(A57="","",COUNTIF(Formulas!$A$2:$A$3001,A57)) -> 23 | H57: =IF(A57="","",SUMIFS(Formulas!$K$2:$K$3001,Formulas!$A$2:$A$3001,A57)) -> 18
A58: Emet-Duo 10/1000 ER | C58: =IF(A58="","",IFERROR(INDEX(Formulas!$B$2:$B$3001,MATCH(A58&"|1",Formulas!$H$2:$H$3001,0)),"")) -> Metformin Hydrochloride | D58: =IF(A58="","",IFERROR(INDEX(Formulas!$B$2:$B$3001,MATCH(A58&"|2",Formulas!$H$2:$H$3001,0)),"")) -> Empagliflozin | E58: =IF(A58="","",COUNTIFS(Formulas!$A$2:$A$3001,A58,Formulas!$F$2:$F$3001,"Active")) -> 2 | F58: =IF(A58="","",IF(C58="","",C58&IF(D58="","",", "&D58)&IF(E58>2," (+"&(E58-2)&" more)",""))) -> Metformin Hydrochloride, Empagliflozin | G58: =IF(A58="","",COUNTIF(Formulas!$A$2:$A$3001,A58)) -> 24 | H58: =IF(A58="","",SUMIFS(Formulas!$K$2:$K$3001,Formulas!$A$2:$A$3001,A58)) -> 19
... A60: Emet-Duo 25/1000 ER | C60: =IF(A60="","",IFERROR(INDEX(Formulas!$B$2:$B$3001,MATCH(A60&"|1",Formulas!$H$2:$H$3001,0)),"")) -> Metformin Hydrochloride | D60: =IF(A60="","",IFERROR(INDEX(Formulas!$B$2:$B$3001,MATCH(A60&"|2",Formulas!$H$2:$H$3001,0)),"")) -> Empagliflozin | E60: =IF(A60="","",COUNTIFS(Formulas!$A$2:$A$3001,A60,Formulas!$F$2:$F$3001,"Active")) -> 2 | F60: =IF(A60="","",IF(C60="","",C60&IF(D60="","",", "&D60)&IF(E60>2," (+"&(E60-2)&" more)",""))) -> Metformin Hydrochloride, Empagliflozin | G60: =IF(A60="","",COUNTIF(Formulas!$A$2:$A$3001,A60)) -> 23 | H60: =IF(A60="","",SUMIFS(Formulas!$K$2:$K$3001,Formulas!$A$2:$A$3001,A60)) -> 18
A61: Emet-Duo 12.5/1000 | B61: No formula in source file yet | C61: =IF(A61="","",IFERROR(INDEX(Formulas!$B$2:$B$3001,MATCH(A61&"|1",Formulas!$H$2:$H$3001,0)),"")) | D61: =IF(A61="","",IFERROR(INDEX(Formulas!$B$2:$B$3001,MATCH(A61&"|2",Formulas!$H$2:$H$3001,0)),"")) | E61: =IF(A61="","",COUNTIFS(Formulas!$A$2:$A$3001,A61,Formulas!$F$2:$F$3001,"Active")) -> 0 | F61: =IF(A61="","",IF(C61="","",C61&IF(D61="","",", "&D61)&IF(E61>2," (+"&(E61-2)&" more)",""))) | G61: =IF(A61="","",COUNTIF(Formulas!$A$2:$A$3001,A61)) -> 0 | H61: =IF(A61="","",SUMIFS(Formulas!$K$2:$K$3001,Formulas!$A$2:$A$3001,A61)) -> 0
A62: Emet-Duo 5/1000 | C62: =IF(A62="","",IFERROR(INDEX(Formulas!$B$2:$B$3001,MATCH(A62&"|1",Formulas!$H$2:$H$3001,0)),"")) -> Empagliflozin | D62: =IF(A62="","",IFERROR(INDEX(Formulas!$B$2:$B$3001,MATCH(A62&"|2",Formulas!$H$2:$H$3001,0)),"")) -> Metformin Hydrochloride | E62: =IF(A62="","",COUNTIFS(Formulas!$A$2:$A$3001,A62,Formulas!$F$2:$F$3001,"Active")) -> 2 | F62: =IF(A62="","",IF(C62="","",C62&IF(D62="","",", "&D62)&IF(E62>2," (+"&(E62-2)&" more)",""))) -> Empagliflozin, Metformin Hydrochloride | G62: =IF(A62="","",COUNTIF(Formulas!$A$2:$A$3001,A62)) -> 17 | H62: =IF(A62="","",SUMIFS(Formulas!$K$2:$K$3001,Formulas!$A$2:$A$3001,A62)) -> 16
A63: Emet-Duo 12.5/500 | C63: =IF(A63="","",IFERROR(INDEX(Formulas!$B$2:$B$3001,MATCH(A63&"|1",Formulas!$H$2:$H$3001,0)),"")) -> Empagliflozin | D63: =IF(A63="","",IFERROR(INDEX(Formulas!$B$2:$B$3001,MATCH(A63&"|2",Formulas!$H$2:$H$3001,0)),"")) -> Metformin Hydrochloride | E63: =IF(A63="","",COUNTIFS(Formulas!$A$2:$A$3001,A63,Formulas!$F$2:$F$3001,"Active")) -> 2 | F63: =IF(A63="","",IF(C63="","",C63&IF(D63="","",", "&D63)&IF(E63>2," (+"&(E63-2)&" more)",""))) -> Empagliflozin, Metformin Hydrochloride | G63: =IF(A63="","",COUNTIF(Formulas!$A$2:$A$3001,A63)) -> 18 | H63: =IF(A63="","",SUMIFS(Formulas!$K$2:$K$3001,Formulas!$A$2:$A$3001,A63)) -> 17
A64: Emet-Duo 5/500 | C64: =IF(A64="","",IFERROR(INDEX(Formulas!$B$2:$B$3001,MATCH(A64&"|1",Formulas!$H$2:$H$3001,0)),"")) -> Empagliflozin | D64: =IF(A64="","",IFERROR(INDEX(Formulas!$B$2:$B$3001,MATCH(A64&"|2",Formulas!$H$2:$H$3001,0)),"")) -> Metformin Hydrochloride | E64: =IF(A64="","",COUNTIFS(Formulas!$A$2:$A$3001,A64,Formulas!$F$2:$F$3001,"Active")) -> 2 | F64: =IF(A64="","",IF(C64="","",C64&IF(D64="","",", "&D64)&IF(E64>2," (+"&(E64-2)&" more)",""))) -> Empagliflozin, Metformin Hydrochloride | G64: =IF(A64="","",COUNTIF(Formulas!$A$2:$A$3001,A64)) -> 17 | H64: =IF(A64="","",SUMIFS(Formulas!$K$2:$K$3001,Formulas!$A$2:$A$3001,A64)) -> 16
A65: Citicoline 500 | C65: =IF(A65="","",IFERROR(INDEX(Formulas!$B$2:$B$3001,MATCH(A65&"|1",Formulas!$H$2:$H$3001,0)),"")) -> Citicoline Sodium | D65: =IF(A65="","",IFERROR(INDEX(Formulas!$B$2:$B$3001,MATCH(A65&"|2",Formulas!$H$2:$H$3001,0)),"")) | E65: =IF(A65="","",COUNTIFS(Formulas!$A$2:$A$3001,A65,Formulas!$F$2:$F$3001,"Active")) -> 1 | F65: =IF(A65="","",IF(C65="","",C65&IF(D65="","",", "&D65)&IF(E65>2," (+"&(E65-2)&" more)",""))) -> Citicoline Sodium | G65: =IF(A65="","",COUNTIF(Formulas!$A$2:$A$3001,A65)) -> 15 | H65: =IF(A65="","",SUMIFS(Formulas!$K$2:$K$3001,Formulas!$A$2:$A$3001,A65)) -> 13
A66: NMN | C66: =IF(A66="","",IFERROR(INDEX(Formulas!$B$2:$B$3001,MATCH(A66&"|1",Formulas!$H$2:$H$3001,0)),"")) -> Nicotinamide Mononucleotide (NMN) Granule | D66: =IF(A66="","",IFERROR(INDEX(Formulas!$B$2:$B$3001,MATCH(A66&"|2",Formulas!$H$2:$H$3001,0)),"")) | E66: =IF(A66="","",COUNTIFS(Formulas!$A$2:$A$3001,A66,Formulas!$F$2:$F$3001,"Active")) -> 1 | F66: =IF(A66="","",IF(C66="","",C66&IF(D66="","",", "&D66)&IF(E66>2," (+"&(E66-2)&" more)",""))) -> Nicotinamide Mononucleotide (NMN) Granule | G66: =IF(A66="","",COUNTIF(Formulas!$A$2:$A$3001,A66)) -> 5 | H66: =IF(A66="","",SUMIFS(Formulas!$K$2:$K$3001,Formulas!$A$2:$A$3001,A66)) -> 5
A67: L-Arginine 1000 | C67: =IF(A67="","",IFERROR(INDEX(Formulas!$B$2:$B$3001,MATCH(A67&"|1",Formulas!$H$2:$H$3001,0)),"")) -> L-Arginine | D67: =IF(A67="","",IFERROR(INDEX(Formulas!$B$2:$B$3001,MATCH(A67&"|2",Formulas!$H$2:$H$3001,0)),"")) | E67: =IF(A67="","",COUNTIFS(Formulas!$A$2:$A$3001,A67,Formulas!$F$2:$F$3001,"Active")) -> 1 | F67: =IF(A67="","",IF(C67="","",C67&IF(D67="","",", "&D67)&IF(E67>2," (+"&(E67-2)&" more)",""))) -> L-Arginine | G67: =IF(A67="","",COUNTIF(Formulas!$A$2:$A$3001,A67)) -> 13 | H67: =IF(A67="","",SUMIFS(Formulas!$K$2:$K$3001,Formulas!$A$2:$A$3001,A67)) -> 12
A68: L-Arginine 2000 | C68: =IF(A68="","",IFERROR(INDEX(Formulas!$B$2:$B$3001,MATCH(A68&"|1",Formulas!$H$2:$H$3001,0)),"")) -> L-Arginine | D68: =IF(A68="","",IFERROR(INDEX(Formulas!$B$2:$B$3001,MATCH(A68&"|2",Formulas!$H$2:$H$3001,0)),"")) | E68: =IF(A68="","",COUNTIFS(Formulas!$A$2:$A$3001,A68,Formulas!$F$2:$F$3001,"Active")) -> 1 | F68: =IF(A68="","",IF(C68="","",C68&IF(D68="","",", "&D68)&IF(E68>2," (+"&(E68-2)&" more)",""))) -> L-Arginine | G68: =IF(A68="","",COUNTIF(Formulas!$A$2:$A$3001,A68)) -> 13 | H68: =IF(A68="","",SUMIFS(Formulas!$K$2:$K$3001,Formulas!$A$2:$A$3001,A68)) -> 12
A69: L-Carnitine 1000/10 | C69: =IF(A69="","",IFERROR(INDEX(Formulas!$B$2:$B$3001,MATCH(A69&"|1",Formulas!$H$2:$H$3001,0)),"")) -> L-Carnitine (Base) | D69: =IF(A69="","",IFERROR(INDEX(Formulas!$B$2:$B$3001,MATCH(A69&"|2",Formulas!$H$2:$H$3001,0)),"")) | E69: =IF(A69="","",COUNTIFS(Formulas!$A$2:$A$3001,A69,Formulas!$F$2:$F$3001,"Active")) -> 1 | F69: =IF(A69="","",IF(C69="","",C69&IF(D69="","",", "&D69)&IF(E69>2," (+"&(E69-2)&" more)",""))) -> L-Carnitine (Base) | G69: =IF(A69="","",COUNTIF(Formulas!$A$2:$A$3001,A69)) -> 13 | H69: =IF(A69="","",SUMIFS(Formulas!$K$2:$K$3001,Formulas!$A$2:$A$3001,A69)) -> 13
A70: L-Carnitine 2000/10 | C70: =IF(A70="","",IFERROR(INDEX(Formulas!$B$2:$B$3001,MATCH(A70&"|1",Formulas!$H$2:$H$3001,0)),"")) -> L-Carnitine (Base) | D70: =IF(A70="","",IFERROR(INDEX(Formulas!$B$2:$B$3001,MATCH(A70&"|2",Formulas!$H$2:$H$3001,0)),"")) | E70: =IF(A70="","",COUNTIFS(Formulas!$A$2:$A$3001,A70,Formulas!$F$2:$F$3001,"Active")) -> 1 | F70: =IF(A70="","",IF(C70="","",C70&IF(D70="","",", "&D70)&IF(E70>2," (+"&(E70-2)&" more)",""))) -> L-Carnitine (Base) | G70: =IF(A70="","",COUNTIF(Formulas!$A$2:$A$3001,A70)) -> 13 | H70: =IF(A70="","",SUMIFS(Formulas!$K$2:$K$3001,Formulas!$A$2:$A$3001,A70)) -> 13
A71: L-Carnitine Caffeine | C71: =IF(A71="","",IFERROR(INDEX(Formulas!$B$2:$B$3001,MATCH(A71&"|1",Formulas!$H$2:$H$3001,0)),"")) -> L-Carnitine (Base) | D71: =IF(A71="","",IFERROR(INDEX(Formulas!$B$2:$B$3001,MATCH(A71&"|2",Formulas!$H$2:$H$3001,0)),"")) -> Caffeine (Base) | E71: =IF(A71="","",COUNTIFS(Formulas!$A$2:$A$3001,A71,Formulas!$F$2:$F$3001,"Active")) -> 5 | F71: =IF(A71="","",IF(C71="","",C71&IF(D71="","",", "&D71)&IF(E71>2," (+"&(E71-2)&" more)",""))) -> L-Carnitine (Base), Caffeine (Base) (+3 more) | G71: =IF(A71="","",COUNTIF(Formulas!$A$2:$A$3001,A71)) -> 16 | H71: =IF(A71="","",SUMIFS(Formulas!$K$2:$K$3001,Formulas!$A$2:$A$3001,A71)) -> 16
A72: B-Complex | C72: =IF(A72="","",IFERROR(INDEX(Formulas!$B$2:$B$3001,MATCH(A72&"|1",Formulas!$H$2:$H$3001,0)),"")) -> Cyanocobalamin (Vitamin B12) | D72: =IF(A72="","",IFERROR(INDEX(Formulas!$B$2:$B$3001,MATCH(A72&"|2",Formulas!$H$2:$H$3001,0)),"")) -> Thiamine Hydrochloride (Vitamin B1) | E72: =IF(A72="","",COUNTIFS(Formulas!$A$2:$A$3001,A72,Formulas!$F$2:$F$3001,"Active")) -> 8 | F72: =IF(A72="","",IF(C72="","",C72&IF(D72="","",", "&D72)&IF(E72>2," (+"&(E72-2)&" more)",""))) -> Cyanocobalamin (Vitamin B12), Thiamine Hydrochloride (Vitamin B1) (+6 more) | G72: =IF(A72="","",COUNTIF(Formulas!$A$2:$A$3001,A72)) -> 16 | H72: =IF(A72="","",SUMIFS(Formulas!$K$2:$K$3001,Formulas!$A$2:$A$3001,A72)) -> 16
A73: Sachet Vitamin B12 | C73: =IF(A73="","",IFERROR(INDEX(Formulas!$B$2:$B$3001,MATCH(A73&"|1",Formulas!$H$2:$H$3001,0)),"")) -> Cyanocobalamin (Vitamin B12) | D73: =IF(A73="","",IFERROR(INDEX(Formulas!$B$2:$B$3001,MATCH(A73&"|2",Formulas!$H$2:$H$3001,0)),"")) | E73: =IF(A73="","",COUNTIFS(Formulas!$A$2:$A$3001,A73,Formulas!$F$2:$F$3001,"Active")) -> 1 | F73: =IF(A73="","",IF(C73="","",C73&IF(D73="","",", "&D73)&IF(E73>2," (+"&(E73-2)&" more)",""))) -> Cyanocobalamin (Vitamin B12) | G73: =IF(A73="","",COUNTIF(Formulas!$A$2:$A$3001,A73)) -> 8 | H73: =IF(A73="","",SUMIFS(Formulas!$K$2:$K$3001,Formulas!$A$2:$A$3001,A73)) -> 8
A74: Ca+k+D3 | C74: =IF(A74="","",IFERROR(INDEX(Formulas!$B$2:$B$3001,MATCH(A74&"|1",Formulas!$H$2:$H$3001,0)),"")) -> Calcium Carbonate | D74: =IF(A74="","",IFERROR(INDEX(Formulas!$B$2:$B$3001,MATCH(A74&"|2",Formulas!$H$2:$H$3001,0)),"")) -> Vitamin D3 | E74: =IF(A74="","",COUNTIFS(Formulas!$A$2:$A$3001,A74,Formulas!$F$2:$F$3001,"Active")) -> 3 | F74: =IF(A74="","",IF(C74="","",C74&IF(D74="","",", "&D74)&IF(E74>2," (+"&(E74-2)&" more)",""))) -> Calcium Carbonate, Vitamin D3 (+1 more) | G74: =IF(A74="","",COUNTIF(Formulas!$A$2:$A$3001,A74)) -> 12 | H74: =IF(A74="","",SUMIFS(Formulas!$K$2:$K$3001,Formulas!$A$2:$A$3001,A74)) -> 11
A75: Zinc+Vitamin C | B75: No formula in source file yet | C75: =IF(A75="","",IFERROR(INDEX(Formulas!$B$2:$B$3001,MATCH(A75&"|1",Formulas!$H$2:$H$3001,0)),"")) | D75: =IF(A75="","",IFERROR(INDEX(Formulas!$B$2:$B$3001,MATCH(A75&"|2",Formulas!$H$2:$H$3001,0)),"")) | E75: =IF(A75="","",COUNTIFS(Formulas!$A$2:$A$3001,A75,Formulas!$F$2:$F$3001,"Active")) -> 0 | F75: =IF(A75="","",IF(C75="","",C75&IF(D75="","",", "&D75)&IF(E75>2," (+"&(E75-2)&" more)",""))) | G75: =IF(A75="","",COUNTIF(Formulas!$A$2:$A$3001,A75)) -> 0 | H75: =IF(A75="","",SUMIFS(Formulas!$K$2:$K$3001,Formulas!$A$2:$A$3001,A75)) -> 0
A76: Vitamin C 1000 mg | C76: =IF(A76="","",IFERROR(INDEX(Formulas!$B$2:$B$3001,MATCH(A76&"|1",Formulas!$H$2:$H$3001,0)),"")) -> Ascorbic Acid Coated 97% | D76: =IF(A76="","",IFERROR(INDEX(Formulas!$B$2:$B$3001,MATCH(A76&"|2",Formulas!$H$2:$H$3001,0)),"")) | E76: =IF(A76="","",COUNTIFS(Formulas!$A$2:$A$3001,A76,Formulas!$F$2:$F$3001,"Active")) -> 1 | F76: =IF(A76="","",IF(C76="","",C76&IF(D76="","",", "&D76)&IF(E76>2," (+"&(E76-2)&" more)",""))) -> Ascorbic Acid Coated 97% | G76: =IF(A76="","",COUNTIF(Formulas!$A$2:$A$3001,A76)) -> 9 | H76: =IF(A76="","",SUMIFS(Formulas!$K$2:$K$3001,Formulas!$A$2:$A$3001,A76)) -> 9
A77: Magnesium Oxide | C77: =IF(A77="","",IFERROR(INDEX(Formulas!$B$2:$B$3001,MATCH(A77&"|1",Formulas!$H$2:$H$3001,0)),"")) -> Magnesium Oxide Heavy | D77: =IF(A77="","",IFERROR(INDEX(Formulas!$B$2:$B$3001,MATCH(A77&"|2",Formulas!$H$2:$H$3001,0)),"")) | E77: =IF(A77="","",COUNTIFS(Formulas!$A$2:$A$3001,A77,Formulas!$F$2:$F$3001,"Active")) -> 1 | F77: =IF(A77="","",IF(C77="","",C77&IF(D77="","",", "&D77)&IF(E77>2," (+"&(E77-2)&" more)",""))) -> Magnesium Oxide Heavy | G77: =IF(A77="","",COUNTIF(Formulas!$A$2:$A$3001,A77)) -> 7 | H77: =IF(A77="","",SUMIFS(Formulas!$K$2:$K$3001,Formulas!$A$2:$A$3001,A77)) -> 7
A78: Magni D | C78: =IF(A78="","",IFERROR(INDEX(Formulas!$B$2:$B$3001,MATCH(A78&"|1",Formulas!$H$2:$H$3001,0)),"")) -> Magnesium Oxide Heavy | D78: =IF(A78="","",IFERROR(INDEX(Formulas!$B$2:$B$3001,MATCH(A78&"|2",Formulas!$H$2:$H$3001,0)),"")) -> Thiamine Hydrochloride (Vitamin B1) | E78: =IF(A78="","",COUNTIFS(Formulas!$A$2:$A$3001,A78,Formulas!$F$2:$F$3001,"Active")) -> 4 | F78: =IF(A78="","",IF(C78="","",C78&IF(D78="","",", "&D78)&IF(E78>2," (+"&(E78-2)&" more)",""))) -> Magnesium Oxide Heavy, Thiamine Hydrochloride (Vitamin B1) (+2 more) | G78: =IF(A78="","",COUNTIF(Formulas!$A$2:$A$3001,A78)) -> 10 | H78: =IF(A78="","",SUMIFS(Formulas!$K$2:$K$3001,Formulas!$A$2:$A$3001,A78)) -> 10
A79: Sweet Sleep | B79: No formula in source file yet | C79: =IF(A79="","",IFERROR(INDEX(Formulas!$B$2:$B$3001,MATCH(A79&"|1",Formulas!$H$2:$H$3001,0)),"")) | D79: =IF(A79="","",IFERROR(INDEX(Formulas!$B$2:$B$3001,MATCH(A79&"|2",Formulas!$H$2:$H$3001,0)),"")) | E79: =IF(A79="","",COUNTIFS(Formulas!$A$2:$A$3001,A79,Formulas!$F$2:$F$3001,"Active")) -> 0 | F79: =IF(A79="","",IF(C79="","",C79&IF(D79="","",", "&D79)&IF(E79>2," (+"&(E79-2)&" more)",""))) | G79: =IF(A79="","",COUNTIF(Formulas!$A$2:$A$3001,A79)) -> 0 | H79: =IF(A79="","",SUMIFS(Formulas!$K$2:$K$3001,Formulas!$A$2:$A$3001,A79)) -> 0
A80: Ferrikid | B80: No formula in source file yet | C80: =IF(A80="","",IFERROR(INDEX(Formulas!$B$2:$B$3001,MATCH(A80&"|1",Formulas!$H$2:$H$3001,0)),"")) | D80: =IF(A80="","",IFERROR(INDEX(Formulas!$B$2:$B$3001,MATCH(A80&"|2",Formulas!$H$2:$H$3001,0)),"")) | E80: =IF(A80="","",COUNTIFS(Formulas!$A$2:$A$3001,A80,Formulas!$F$2:$F$3001,"Active")) -> 0 | F80: =IF(A80="","",IF(C80="","",C80&IF(D80="","",", "&D80)&IF(E80>2," (+"&(E80-2)&" more)",""))) | G80: =IF(A80="","",COUNTIF(Formulas!$A$2:$A$3001,A80)) -> 0 | H80: =IF(A80="","",SUMIFS(Formulas!$K$2:$K$3001,Formulas!$A$2:$A$3001,A80)) -> 0
A81: Painlys | C81: =IF(A81="","",IFERROR(INDEX(Formulas!$B$2:$B$3001,MATCH(A81&"|1",Formulas!$H$2:$H$3001,0)),"")) -> Ginger Dry Extract 5:1 | D81: =IF(A81="","",IFERROR(INDEX(Formulas!$B$2:$B$3001,MATCH(A81&"|2",Formulas!$H$2:$H$3001,0)),"")) -> Devil's Claw Dry Extract 6:1 | E81: =IF(A81="","",COUNTIFS(Formulas!$A$2:$A$3001,A81,Formulas!$F$2:$F$3001,"Active")) -> 3 | F81: =IF(A81="","",IF(C81="","",C81&IF(D81="","",", "&D81)&IF(E81>2," (+"&(E81-2)&" more)",""))) -> Ginger Dry Extract 5:1, Devil's Claw Dry Extract 6:1 (+1 more) | G81: =IF(A81="","",COUNTIF(Formulas!$A$2:$A$3001,A81)) -> 16 | H81: =IF(A81="","",SUMIFS(Formulas!$K$2:$K$3001,Formulas!$A$2:$A$3001,A81)) -> 15
A82: Feroral Premium | C82: =IF(A82="","",IFERROR(INDEX(Formulas!$B$2:$B$3001,MATCH(A82&"|1",Formulas!$H$2:$H$3001,0)),"")) -> Ferrous Bisglycinate | D82: =IF(A82="","",IFERROR(INDEX(Formulas!$B$2:$B$3001,MATCH(A82&"|2",Formulas!$H$2:$H$3001,0)),"")) -> Folic Acid (Vitamin B9) | E82: =IF(A82="","",COUNTIFS(Formulas!$A$2:$A$3001,A82,Formulas!$F$2:$F$3001,"Active")) -> 4 | F82: =IF(A82="","",IF(C82="","",C82&IF(D82="","",", "&D82)&IF(E82>2," (+"&(E82-2)&" more)",""))) -> Ferrous Bisglycinate, Folic Acid (Vitamin B9) (+2 more) | G82: =IF(A82="","",COUNTIF(Formulas!$A$2:$A$3001,A82)) -> 20 | H82: =IF(A82="","",SUMIFS(Formulas!$K$2:$K$3001,Formulas!$A$2:$A$3001,A82)) -> 17
A83: Ginc Active | C83: =IF(A83="","",IFERROR(INDEX(Formulas!$B$2:$B$3001,MATCH(A83&"|1",Formulas!$H$2:$H$3001,0)),"")) -> Ginkgo Biloba Leaf Dry Extract 50:1 | D83: =IF(A83="","",IFERROR(INDEX(Formulas!$B$2:$B$3001,MATCH(A83&"|2",Formulas!$H$2:$H$3001,0)),"")) -> Calcium Carbonate Heavy | E83: =IF(A83="","",COUNTIFS(Formulas!$A$2:$A$3001,A83,Formulas!$F$2:$F$3001,"Active")) -> 2 | F83: =IF(A83="","",IF(C83="","",C83&IF(D83="","",", "&D83)&IF(E83>2," (+"&(E83-2)&" more)",""))) -> Ginkgo Biloba Leaf Dry Extract 50:1, Calcium Carbonate Heavy | G83: =IF(A83="","",COUNTIF(Formulas!$A$2:$A$3001,A83)) -> 6 | H83: =IF(A83="","",SUMIFS(Formulas!$K$2:$K$3001,Formulas!$A$2:$A$3001,A83)) -> 6
A84: URomax | C84: =IF(A84="","",IFERROR(INDEX(Formulas!$B$2:$B$3001,MATCH(A84&"|1",Formulas!$H$2:$H$3001,0)),"")) -> Cranberry Dry Extract 25:1 | D84: =IF(A84="","",IFERROR(INDEX(Formulas!$B$2:$B$3001,MATCH(A84&"|2",Formulas!$H$2:$H$3001,0)),"")) -> Ascorbic Acid Coated 97% | E84: =IF(A84="","",COUNTIFS(Formulas!$A$2:$A$3001,A84,Formulas!$F$2:$F$3001,"Active")) -> 2 | F84: =IF(A84="","",IF(C84="","",C84&IF(D84="","",", "&D84)&IF(E84>2," (+"&(E84-2)&" more)",""))) -> Cranberry Dry Extract 25:1, Ascorbic Acid Coated 97% | G84: =IF(A84="","",COUNTIF(Formulas!$A$2:$A$3001,A84)) -> 15 | H84: =IF(A84="","",SUMIFS(Formulas!$K$2:$K$3001,Formulas!$A$2:$A$3001,A84)) -> 12
A85: Uromax Sachet | C85: =IF(A85="","",IFERROR(INDEX(Formulas!$B$2:$B$3001,MATCH(A85&"|1",Formulas!$H$2:$H$3001,0)),"")) -> Cranberry Dry Extract 25:1 | D85: =IF(A85="","",IFERROR(INDEX(Formulas!$B$2:$B$3001,MATCH(A85&"|2",Formulas!$H$2:$H$3001,0)),"")) -> Ascorbic Acid Coated 97% | E85: =IF(A85="","",COUNTIFS(Formulas!$A$2:$A$3001,A85,Formulas!$F$2:$F$3001,"Active")) -> 2 | F85: =IF(A85="","",IF(C85="","",C85&IF(D85="","",", "&D85)&IF(E85>2," (+"&(E85-2)&" more)",""))) -> Cranberry Dry Extract 25:1, Ascorbic Acid Coated 97% | G85: =IF(A85="","",COUNTIF(Formulas!$A$2:$A$3001,A85)) -> 9 | H85: =IF(A85="","",SUMIFS(Formulas!$K$2:$K$3001,Formulas!$A$2:$A$3001,A85)) -> 8
A86: Healthy Liver | C86: =IF(A86="","",IFERROR(INDEX(Formulas!$B$2:$B$3001,MATCH(A86&"|1",Formulas!$H$2:$H$3001,0)),"")) -> Milk Thistle Dry Extract 70:1 | D86: =IF(A86="","",IFERROR(INDEX(Formulas!$B$2:$B$3001,MATCH(A86&"|2",Formulas!$H$2:$H$3001,0)),"")) -> Artichoke Dry Extract 25:1 | E86: =IF(A86="","",COUNTIFS(Formulas!$A$2:$A$3001,A86,Formulas!$F$2:$F$3001,"Active")) -> 6 | F86: =IF(A86="","",IF(C86="","",C86&IF(D86="","",", "&D86)&IF(E86>2," (+"&(E86-2)&" more)",""))) -> Milk Thistle Dry Extract 70:1, Artichoke Dry Extract 25:1 (+4 more) | G86: =IF(A86="","",COUNTIF(Formulas!$A$2:$A$3001,A86)) -> 22 | H86: =IF(A86="","",SUMIFS(Formulas!$K$2:$K$3001,Formulas!$A$2:$A$3001,A86)) -> 18
A87: Kamasotra premium | C87: =IF(A87="","",IFERROR(INDEX(Formulas!$B$2:$B$3001,MATCH(A87&"|1",Formulas!$H$2:$H$3001,0)),"")) -> Cyanocobalamin (Vitamin B12) | D87: =IF(A87="","",IFERROR(INDEX(Formulas!$B$2:$B$3001,MATCH(A87&"|2",Formulas!$H$2:$H$3001,0)),"")) -> Ginseng Panax | E87: =IF(A87="","",COUNTIFS(Formulas!$A$2:$A$3001,A87,Formulas!$F$2:$F$3001,"Active")) -> 5 | F87: =IF(A87="","",IF(C87="","",C87&IF(D87="","",", "&D87)&IF(E87>2," (+"&(E87-2)&" more)",""))) -> Cyanocobalamin (Vitamin B12), Ginseng Panax (+3 more) | G87: =IF(A87="","",COUNTIF(Formulas!$A$2:$A$3001,A87)) -> 10 | H87: =IF(A87="","",SUMIFS(Formulas!$K$2:$K$3001,Formulas!$A$2:$A$3001,A87)) -> 10
A88: Prostica | C88: =IF(A88="","",IFERROR(INDEX(Formulas!$B$2:$B$3001,MATCH(A88&"|1",Formulas!$H$2:$H$3001,0)),"")) -> Saw Palmetto Dry Extract 4:1 | D88: =IF(A88="","",IFERROR(INDEX(Formulas!$B$2:$B$3001,MATCH(A88&"|2",Formulas!$H$2:$H$3001,0)),"")) -> Sodium Selenite | E88: =IF(A88="","",COUNTIFS(Formulas!$A$2:$A$3001,A88,Formulas!$F$2:$F$3001,"Active")) -> 3 | F88: =IF(A88="","",IF(C88="","",C88&IF(D88="","",", "&D88)&IF(E88>2," (+"&(E88-2)&" more)",""))) -> Saw Palmetto Dry Extract 4:1, Sodium Selenite (+1 more) | G88: =IF(A88="","",COUNTIF(Formulas!$A$2:$A$3001,A88)) -> 19 | H88: =IF(A88="","",SUMIFS(Formulas!$K$2:$K$3001,Formulas!$A$2:$A$3001,A88)) -> 17
A89: Vitacal Forte | C89: =IF(A89="","",IFERROR(INDEX(Formulas!$B$2:$B$3001,MATCH(A89&"|1",Formulas!$H$2:$H$3001,0)),"")) -> Calcium Carbonate Heavy | D89: =IF(A89="","",IFERROR(INDEX(Formulas!$B$2:$B$3001,MATCH(A89&"|2",Formulas!$H$2:$H$3001,0)),"")) -> Vitamin D3 | E89: =IF(A89="","",COUNTIFS(Formulas!$A$2:$A$3001,A89,Formulas!$F$2:$F$3001,"Active")) -> 9 | F89: =IF(A89="","",IF(C89="","",C89&IF(D89="","",", "&D89)&IF(E89>2," (+"&(E89-2)&" more)",""))) -> Calcium Carbonate Heavy, Vitamin D3 (+7 more) | G89: =IF(A89="","",COUNTIF(Formulas!$A$2:$A$3001,A89)) -> 15 | H89: =IF(A89="","",SUMIFS(Formulas!$K$2:$K$3001,Formulas!$A$2:$A$3001,A89)) -> 15
A90: Burning Fat | C90: =IF(A90="","",IFERROR(INDEX(Formulas!$B$2:$B$3001,MATCH(A90&"|1",Formulas!$H$2:$H$3001,0)),"")) -> Coleus Forskohlii Root Dry Extract 10:1 | D90: =IF(A90="","",IFERROR(INDEX(Formulas!$B$2:$B$3001,MATCH(A90&"|2",Formulas!$H$2:$H$3001,0)),"")) -> Chromium Picolinate | E90: =IF(A90="","",COUNTIFS(Formulas!$A$2:$A$3001,A90,Formulas!$F$2:$F$3001,"Active")) -> 7 | F90: =IF(A90="","",IF(C90="","",C90&IF(D90="","",", "&D90)&IF(E90>2," (+"&(E90-2)&" more)",""))) -> Coleus Forskohlii Root Dry Extract 10:1, Chromium Picolinate (+5 more) | G90: =IF(A90="","",COUNTIF(Formulas!$A$2:$A$3001,A90)) -> 29 | H90: =IF(A90="","",SUMIFS(Formulas!$K$2:$K$3001,Formulas!$A$2:$A$3001,A90)) -> 20
A91: Co-Enzyme Q10 (30mg) | C91: =IF(A91="","",IFERROR(INDEX(Formulas!$B$2:$B$3001,MATCH(A91&"|1",Formulas!$H$2:$H$3001,0)),"")) -> Ubidecarenone (Co-Q10) | D91: =IF(A91="","",IFERROR(INDEX(Formulas!$B$2:$B$3001,MATCH(A91&"|2",Formulas!$H$2:$H$3001,0)),"")) | E91: =IF(A91="","",COUNTIFS(Formulas!$A$2:$A$3001,A91,Formulas!$F$2:$F$3001,"Active")) -> 1 | F91: =IF(A91="","",IF(C91="","",C91&IF(D91="","",", "&D91)&IF(E91>2," (+"&(E91-2)&" more)",""))) -> Ubidecarenone (Co-Q10) | G91: =IF(A91="","",COUNTIF(Formulas!$A$2:$A$3001,A91)) -> 18 | H91: =IF(A91="","",SUMIFS(Formulas!$K$2:$K$3001,Formulas!$A$2:$A$3001,A91)) -> 14
A92: Co-Enzyme Q10 (100mg) | C92: =IF(A92="","",IFERROR(INDEX(Formulas!$B$2:$B$3001,MATCH(A92&"|1",Formulas!$H$2:$H$3001,0)),"")) -> Ubidecarenone (Co-Q10) | D92: =IF(A92="","",IFERROR(INDEX(Formulas!$B$2:$B$3001,MATCH(A92&"|2",Formulas!$H$2:$H$3001,0)),"")) | E92: =IF(A92="","",COUNTIFS(Formulas!$A$2:$A$3001,A92,Formulas!$F$2:$F$3001,"Active")) -> 1 | F92: =IF(A92="","",IF(C92="","",C92&IF(D92="","",", "&D92)&IF(E92>2," (+"&(E92-2)&" more)",""))) -> Ubidecarenone (Co-Q10) | G92: =IF(A92="","",COUNTIF(Formulas!$A$2:$A$3001,A92)) -> 19 | H92: =IF(A92="","",SUMIFS(Formulas!$K$2:$K$3001,Formulas!$A$2:$A$3001,A92)) -> 15
... A102: X-Ade (Bottle 30 pcs) | C102: =IF(A102="","",IFERROR(INDEX(Formulas!$B$2:$B$3001,MATCH(A102&"|1",Formulas!$H$2:$H$3001,0)),"")) -> Zinc Gluconate | D102: =IF(A102="","",IFERROR(INDEX(Formulas!$B$2:$B$3001,MATCH(A102&"|2",Formulas!$H$2:$H$3001,0)),"")) -> Magnesium Oxide Heavy | E102: =IF(A102="","",COUNTIFS(Formulas!$A$2:$A$3001,A102,Formulas!$F$2:$F$3001,"Active")) -> 10 | F102: =IF(A102="","",IF(C102="","",C102&IF(D102="","",", "&D102)&IF(E102>2," (+"&(E102-2)&" more)",""))) -> Zinc Gluconate, Magnesium Oxide Heavy (+8 more) | G102: =IF(A102="","",COUNTIF(Formulas!$A$2:$A$3001,A102)) -> 26 | H102: =IF(A102="","",SUMIFS(Formulas!$K$2:$K$3001,Formulas!$A$2:$A$3001,A102)) -> 23
A103: Energe-X | B103: No formula in source file yet | C103: =IF(A103="","",IFERROR(INDEX(Formulas!$B$2:$B$3001,MATCH(A103&"|1",Formulas!$H$2:$H$3001,0)),"")) | D103: =IF(A103="","",IFERROR(INDEX(Formulas!$B$2:$B$3001,MATCH(A103&"|2",Formulas!$H$2:$H$3001,0)),"")) | E103: =IF(A103="","",COUNTIFS(Formulas!$A$2:$A$3001,A103,Formulas!$F$2:$F$3001,"Active")) -> 0 | F103: =IF(A103="","",IF(C103="","",C103&IF(D103="","",", "&D103)&IF(E103>2," (+"&(E103-2)&" more)",""))) | G103: =IF(A103="","",COUNTIF(Formulas!$A$2:$A$3001,A103)) -> 0 | H103: =IF(A103="","",SUMIFS(Formulas!$K$2:$K$3001,Formulas!$A$2:$A$3001,A103)) -> 0
A104: Dermo bella Permium 30 Cap | C104: =IF(A104="","",IFERROR(INDEX(Formulas!$B$2:$B$3001,MATCH(A104&"|1",Formulas!$H$2:$H$3001,0)),"")) -> Premix Dermo Bella | D104: =IF(A104="","",IFERROR(INDEX(Formulas!$B$2:$B$3001,MATCH(A104&"|2",Formulas!$H$2:$H$3001,0)),"")) -> L-Cystine | E104: =IF(A104="","",COUNTIFS(Formulas!$A$2:$A$3001,A104,Formulas!$F$2:$F$3001,"Active")) -> 3 | F104: =IF(A104="","",IF(C104="","",C104&IF(D104="","",", "&D104)&IF(E104>2," (+"&(E104-2)&" more)",""))) -> Premix Dermo Bella, L-Cystine (+1 more) | G104: =IF(A104="","",COUNTIF(Formulas!$A$2:$A$3001,A104)) -> 17 | H104: =IF(A104="","",SUMIFS(Formulas!$K$2:$K$3001,Formulas!$A$2:$A$3001,A104)) -> 15
A105: Zylicut 180 | B105: No formula in source file yet | C105: =IF(A105="","",IFERROR(INDEX(Formulas!$B$2:$B$3001,MATCH(A105&"|1",Formulas!$H$2:$H$3001,0)),"")) | D105: =IF(A105="","",IFERROR(INDEX(Formulas!$B$2:$B$3001,MATCH(A105&"|2",Formulas!$H$2:$H$3001,0)),"")) | E105: =IF(A105="","",COUNTIFS(Formulas!$A$2:$A$3001,A105,Formulas!$F$2:$F$3001,"Active")) -> 0 | F105: =IF(A105="","",IF(C105="","",C105&IF(D105="","",", "&D105)&IF(E105>2," (+"&(E105-2)&" more)",""))) | G105: =IF(A105="","",COUNTIF(Formulas!$A$2:$A$3001,A105)) -> 0 | H105: =IF(A105="","",SUMIFS(Formulas!$K$2:$K$3001,Formulas!$A$2:$A$3001,A105)) -> 0
A106: Zylicut-Duo 180/10 | B106: No formula in source file yet | C106: =IF(A106="","",IFERROR(INDEX(Formulas!$B$2:$B$3001,MATCH(A106&"|1",Formulas!$H$2:$H$3001,0)),"")) | D106: =IF(A106="","",IFERROR(INDEX(Formulas!$B$2:$B$3001,MATCH(A106&"|2",Formulas!$H$2:$H$3001,0)),"")) | E106: =IF(A106="","",COUNTIFS(Formulas!$A$2:$A$3001,A106,Formulas!$F$2:$F$3001,"Active")) -> 0 | F106: =IF(A106="","",IF(C106="","",C106&IF(D106="","",", "&D106)&IF(E106>2," (+"&(E106-2)&" more)",""))) | G106: =IF(A106="","",COUNTIF(Formulas!$A$2:$A$3001,A106)) -> 0 | H106: =IF(A106="","",SUMIFS(Formulas!$K$2:$K$3001,Formulas!$A$2:$A$3001,A106)) -> 0
A107: Hair and Skin | C107: =IF(A107="","",IFERROR(INDEX(Formulas!$B$2:$B$3001,MATCH(A107&"|1",Formulas!$H$2:$H$3001,0)),"")) -> Biotin (Vitamin B7) | D107: =IF(A107="","",IFERROR(INDEX(Formulas!$B$2:$B$3001,MATCH(A107&"|2",Formulas!$H$2:$H$3001,0)),"")) -> Folic Acid (Vitamin B9) | E107: =IF(A107="","",COUNTIFS(Formulas!$A$2:$A$3001,A107,Formulas!$F$2:$F$3001,"Active")) -> 9 | F107: =IF(A107="","",IF(C107="","",C107&IF(D107="","",", "&D107)&IF(E107>2," (+"&(E107-2)&" more)",""))) -> Biotin (Vitamin B7), Folic Acid (Vitamin B9) (+7 more) | G107: =IF(A107="","",COUNTIF(Formulas!$A$2:$A$3001,A107)) -> 20 | H107: =IF(A107="","",SUMIFS(Formulas!$K$2:$K$3001,Formulas!$A$2:$A$3001,A107)) -> 17
C108: =IF(A108="","",IFERROR(INDEX(Formulas!$B$2:$B$3001,MATCH(A108&"|1",Formulas!$H$2:$H$3001,0)),"")) | D108: =IF(A108="","",IFERROR(INDEX(Formulas!$B$2:$B$3001,MATCH(A108&"|2",Formulas!$H$2:$H$3001,0)),"")) | E108: =IF(A108="","",COUNTIFS(Formulas!$A$2:$A$3001,A108,Formulas!$F$2:$F$3001,"Active")) | F108: =IF(A108="","",IF(C108="","",C108&IF(D108="","",", "&D108)&IF(E108>2," (+"&(E108-2)&" more)",""))) | G108: =IF(A108="","",COUNTIF(Formulas!$A$2:$A$3001,A108)) | H108: =IF(A108="","",SUMIFS(Formulas!$K$2:$K$3001,Formulas!$A$2:$A$3001,A108))
C109: =IF(A109="","",IFERROR(INDEX(Formulas!$B$2:$B$3001,MATCH(A109&"|1",Formulas!$H$2:$H$3001,0)),"")) | D109: =IF(A109="","",IFERROR(INDEX(Formulas!$B$2:$B$3001,MATCH(A109&"|2",Formulas!$H$2:$H$3001,0)),"")) | E109: =IF(A109="","",COUNTIFS(Formulas!$A$2:$A$3001,A109,Formulas!$F$2:$F$3001,"Active")) | F109: =IF(A109="","",IF(C109="","",C109&IF(D109="","",", "&D109)&IF(E109>2," (+"&(E109-2)&" more)",""))) | G109: =IF(A109="","",COUNTIF(Formulas!$A$2:$A$3001,A109)) | H109: =IF(A109="","",SUMIFS(Formulas!$K$2:$K$3001,Formulas!$A$2:$A$3001,A109))
C110: =IF(A110="","",IFERROR(INDEX(Formulas!$B$2:$B$3001,MATCH(A110&"|1",Formulas!$H$2:$H$3001,0)),"")) | D110: =IF(A110="","",IFERROR(INDEX(Formulas!$B$2:$B$3001,MATCH(A110&"|2",Formulas!$H$2:$H$3001,0)),"")) | E110: =IF(A110="","",COUNTIFS(Formulas!$A$2:$A$3001,A110,Formulas!$F$2:$F$3001,"Active")) | F110: =IF(A110="","",IF(C110="","",C110&IF(D110="","",", "&D110)&IF(E110>2," (+"&(E110-2)&" more)",""))) | G110: =IF(A110="","",COUNTIF(Formulas!$A$2:$A$3001,A110)) | H110: =IF(A110="","",SUMIFS(Formulas!$K$2:$K$3001,Formulas!$A$2:$A$3001,A110))
C111: =IF(A111="","",IFERROR(INDEX(Formulas!$B$2:$B$3001,MATCH(A111&"|1",Formulas!$H$2:$H$3001,0)),"")) | D111: =IF(A111="","",IFERROR(INDEX(Formulas!$B$2:$B$3001,MATCH(A111&"|2",Formulas!$H$2:$H$3001,0)),"")) | E111: =IF(A111="","",COUNTIFS(Formulas!$A$2:$A$3001,A111,Formulas!$F$2:$F$3001,"Active")) | F111: =IF(A111="","",IF(C111="","",C111&IF(D111="","",", "&D111)&IF(E111>2," (+"&(E111-2)&" more)",""))) | G111: =IF(A111="","",COUNTIF(Formulas!$A$2:$A$3001,A111)) | H111: =IF(A111="","",SUMIFS(Formulas!$K$2:$K$3001,Formulas!$A$2:$A$3001,A111))
C112: =IF(A112="","",IFERROR(INDEX(Formulas!$B$2:$B$3001,MATCH(A112&"|1",Formulas!$H$2:$H$3001,0)),"")) | D112: =IF(A112="","",IFERROR(INDEX(Formulas!$B$2:$B$3001,MATCH(A112&"|2",Formulas!$H$2:$H$3001,0)),"")) | E112: =IF(A112="","",COUNTIFS(Formulas!$A$2:$A$3001,A112,Formulas!$F$2:$F$3001,"Active")) | F112: =IF(A112="","",IF(C112="","",C112&IF(D112="","",", "&D112)&IF(E112>2," (+"&(E112-2)&" more)",""))) | G112: =IF(A112="","",COUNTIF(Formulas!$A$2:$A$3001,A112)) | H112: =IF(A112="","",SUMIFS(Formulas!$K$2:$K$3001,Formulas!$A$2:$A$3001,A112))
C113: =IF(A113="","",IFERROR(INDEX(Formulas!$B$2:$B$3001,MATCH(A113&"|1",Formulas!$H$2:$H$3001,0)),"")) | D113: =IF(A113="","",IFERROR(INDEX(Formulas!$B$2:$B$3001,MATCH(A113&"|2",Formulas!$H$2:$H$3001,0)),"")) | E113: =IF(A113="","",COUNTIFS(Formulas!$A$2:$A$3001,A113,Formulas!$F$2:$F$3001,"Active")) | F113: =IF(A113="","",IF(C113="","",C113&IF(D113="","",", "&D113)&IF(E113>2," (+"&(E113-2)&" more)",""))) | G113: =IF(A113="","",COUNTIF(Formulas!$A$2:$A$3001,A113)) | H113: =IF(A113="","",SUMIFS(Formulas!$K$2:$K$3001,Formulas!$A$2:$A$3001,A113))
C114: =IF(A114="","",IFERROR(INDEX(Formulas!$B$2:$B$3001,MATCH(A114&"|1",Formulas!$H$2:$H$3001,0)),"")) | D114: =IF(A114="","",IFERROR(INDEX(Formulas!$B$2:$B$3001,MATCH(A114&"|2",Formulas!$H$2:$H$3001,0)),"")) | E114: =IF(A114="","",COUNTIFS(Formulas!$A$2:$A$3001,A114,Formulas!$F$2:$F$3001,"Active")) | F114: =IF(A114="","",IF(C114="","",C114&IF(D114="","",", "&D114)&IF(E114>2," (+"&(E114-2)&" more)",""))) | G114: =IF(A114="","",COUNTIF(Formulas!$A$2:$A$3001,A114)) | H114: =IF(A114="","",SUMIFS(Formulas!$K$2:$K$3001,Formulas!$A$2:$A$3001,A114))
C115: =IF(A115="","",IFERROR(INDEX(Formulas!$B$2:$B$3001,MATCH(A115&"|1",Formulas!$H$2:$H$3001,0)),"")) | D115: =IF(A115="","",IFERROR(INDEX(Formulas!$B$2:$B$3001,MATCH(A115&"|2",Formulas!$H$2:$H$3001,0)),"")) | E115: =IF(A115="","",COUNTIFS(Formulas!$A$2:$A$3001,A115,Formulas!$F$2:$F$3001,"Active")) | F115: =IF(A115="","",IF(C115="","",C115&IF(D115="","",", "&D115)&IF(E115>2," (+"&(E115-2)&" more)",""))) | G115: =IF(A115="","",COUNTIF(Formulas!$A$2:$A$3001,A115)) | H115: =IF(A115="","",SUMIFS(Formulas!$K$2:$K$3001,Formulas!$A$2:$A$3001,A115))
C116: =IF(A116="","",IFERROR(INDEX(Formulas!$B$2:$B$3001,MATCH(A116&"|1",Formulas!$H$2:$H$3001,0)),"")) | D116: =IF(A116="","",IFERROR(INDEX(Formulas!$B$2:$B$3001,MATCH(A116&"|2",Formulas!$H$2:$H$3001,0)),"")) | E116: =IF(A116="","",COUNTIFS(Formulas!$A$2:$A$3001,A116,Formulas!$F$2:$F$3001,"Active")) | F116: =IF(A116="","",IF(C116="","",C116&IF(D116="","",", "&D116)&IF(E116>2," (+"&(E116-2)&" more)",""))) | G116: =IF(A116="","",COUNTIF(Formulas!$A$2:$A$3001,A116)) | H116: =IF(A116="","",SUMIFS(Formulas!$K$2:$K$3001,Formulas!$A$2:$A$3001,A116))
C117: =IF(A117="","",IFERROR(INDEX(Formulas!$B$2:$B$3001,MATCH(A117&"|1",Formulas!$H$2:$H$3001,0)),"")) | D117: =IF(A117="","",IFERROR(INDEX(Formulas!$B$2:$B$3001,MATCH(A117&"|2",Formulas!$H$2:$H$3001,0)),"")) | E117: =IF(A117="","",COUNTIFS(Formulas!$A$2:$A$3001,A117,Formulas!$F$2:$F$3001,"Active")) | F117: =IF(A117="","",IF(C117="","",C117&IF(D117="","",", "&D117)&IF(E117>2," (+"&(E117-2)&" more)",""))) | G117: =IF(A117="","",COUNTIF(Formulas!$A$2:$A$3001,A117)) | H117: =IF(A117="","",SUMIFS(Formulas!$K$2:$K$3001,Formulas!$A$2:$A$3001,A117))
C118: =IF(A118="","",IFERROR(INDEX(Formulas!$B$2:$B$3001,MATCH(A118&"|1",Formulas!$H$2:$H$3001,0)),"")) | D118: =IF(A118="","",IFERROR(INDEX(Formulas!$B$2:$B$3001,MATCH(A118&"|2",Formulas!$H$2:$H$3001,0)),"")) | E118: =IF(A118="","",COUNTIFS(Formulas!$A$2:$A$3001,A118,Formulas!$F$2:$F$3001,"Active")) | F118: =IF(A118="","",IF(C118="","",C118&IF(D118="","",", "&D118)&IF(E118>2," (+"&(E118-2)&" more)",""))) | G118: =IF(A118="","",COUNTIF(Formulas!$A$2:$A$3001,A118)) | H118: =IF(A118="","",SUMIFS(Formulas!$K$2:$K$3001,Formulas!$A$2:$A$3001,A118))
C119: =IF(A119="","",IFERROR(INDEX(Formulas!$B$2:$B$3001,MATCH(A119&"|1",Formulas!$H$2:$H$3001,0)),"")) | D119: =IF(A119="","",IFERROR(INDEX(Formulas!$B$2:$B$3001,MATCH(A119&"|2",Formulas!$H$2:$H$3001,0)),"")) | E119: =IF(A119="","",COUNTIFS(Formulas!$A$2:$A$3001,A119,Formulas!$F$2:$F$3001,"Active")) | F119: =IF(A119="","",IF(C119="","",C119&IF(D119="","",", "&D119)&IF(E119>2," (+"&(E119-2)&" more)",""))) | G119: =IF(A119="","",COUNTIF(Formulas!$A$2:$A$3001,A119)) | H119: =IF(A119="","",SUMIFS(Formulas!$K$2:$K$3001,Formulas!$A$2:$A$3001,A119))
... C151: =IF(A151="","",IFERROR(INDEX(Formulas!$B$2:$B$3001,MATCH(A151&"|1",Formulas!$H$2:$H$3001,0)),"")) | D151: =IF(A151="","",IFERROR(INDEX(Formulas!$B$2:$B$3001,MATCH(A151&"|2",Formulas!$H$2:$H$3001,0)),"")) | E151: =IF(A151="","",COUNTIFS(Formulas!$A$2:$A$3001,A151,Formulas!$F$2:$F$3001,"Active")) | F151: =IF(A151="","",IF(C151="","",C151&IF(D151="","",", "&D151)&IF(E151>2," (+"&(E151-2)&" more)",""))) | G151: =IF(A151="","",COUNTIF(Formulas!$A$2:$A$3001,A151)) | H151: =IF(A151="","",SUMIFS(Formulas!$K$2:$K$3001,Formulas!$A$2:$A$3001,A151))

Sheet Formulas
A1: Product | B1: Material | C1: Stage / Note | D1: Qty (optional) | F1: Category (auto) | G1: Check (auto) | H1: Active key (auto) | I1: Stages combined (auto) | J1: Line key (auto) | K1: First use (auto)
A2: Ezetimibe-Rosuvastatin 10-10 | B2: Ezetimibe | F2: =IF(B2="","",IFERROR(INDEX(Materials!$B$2:$B$301,MATCH(B2,Materials!$A$2:$A$301,0)),"")) -> Active | G2: =IF(AND(A2="",B2=""),"",IF(A2="","Missing product",IF(B2="","Missing material",IF(COUNTIF(ProductList,A2)=0,"Product not in Products list",IF(COUNTIF(MaterialList,B2)=0,"Material not in Materials list","OK"))))) -> OK | H2: =IF(F2="Active",A2&"|"&COUNTIFS(A$2:A2,A2,F$2:F2,"Active"),"") -> Ezetimibe-Rosuvastatin 10-10|1 | I2: =IF(B2="","",IF(SUMPRODUCT(MAX((A$1:A1=A2)*(B$1:B1=B2)*ROW(A$1:A1)))=0,C2&"",IF(C2="",INDEX(I$1:I1,SUMPRODUCT(MAX((A$1:A1=A2)*(B$1:B1=B2)*ROW(A$1:A1)))),IF(INDEX(I$1:I1,SUMPRODUCT(MAX((A$1:A1=A2)*(B$1:B1=B2)*ROW(A$1:A1))))="",C2&"",INDEX(I$1:I1,SUMPRODUCT(MAX((A$1:A1=A2)*(B$1:B1=B2)*ROW(A$1:A1))))&"; "&C2)))) | J2: =IF(A2="","",A2&"|"&COUNTIF(A$2:A2,A2)) -> Ezetimibe-Rosuvastatin 10-10|1 | K2: =IF(OR(A2="",B2=""),0,IF(COUNTIFS(A$2:A2,A2,B$2:B2,B2)=1,1,0)) -> 1
A3: Ezetimibe-Rosuvastatin 10-10 | B3: Croscarmellose Sodium | C3: Intra-granular | F3: =IF(B3="","",IFERROR(INDEX(Materials!$B$2:$B$301,MATCH(B3,Materials!$A$2:$A$301,0)),"")) -> Disintegrant | G3: =IF(AND(A3="",B3=""),"",IF(A3="","Missing product",IF(B3="","Missing material",IF(COUNTIF(ProductList,A3)=0,"Product not in Products list",IF(COUNTIF(MaterialList,B3)=0,"Material not in Materials list","OK"))))) -> OK | H3: =IF(F3="Active",A3&"|"&COUNTIFS(A$2:A3,A3,F$2:F3,"Active"),"") | I3: =IF(B3="","",IF(SUMPRODUCT(MAX((A$1:A2=A3)*(B$1:B2=B3)*ROW(A$1:A2)))=0,C3&"",IF(C3="",INDEX(I$1:I2,SUMPRODUCT(MAX((A$1:A2=A3)*(B$1:B2=B3)*ROW(A$1:A2)))),IF(INDEX(I$1:I2,SUMPRODUCT(MAX((A$1:A2=A3)*(B$1:B2=B3)*ROW(A$1:A2))))="",C3&"",INDEX(I$1:I2,SUMPRODUCT(MAX((A$1:A2=A3)*(B$1:B2=B3)*ROW(A$1:A2))))&"; "&C3)))) -> Intra-granular | J3: =IF(A3="","",A3&"|"&COUNTIF(A$2:A3,A3)) -> Ezetimibe-Rosuvastatin 10-10|2 | K3: =IF(OR(A3="",B3=""),0,IF(COUNTIFS(A$2:A3,A3,B$2:B3,B3)=1,1,0)) -> 1
A4: Ezetimibe-Rosuvastatin 10-10 | B4: Sodium Lauryl Sulfate | F4: =IF(B4="","",IFERROR(INDEX(Materials!$B$2:$B$301,MATCH(B4,Materials!$A$2:$A$301,0)),"")) -> Surfactant | G4: =IF(AND(A4="",B4=""),"",IF(A4="","Missing product",IF(B4="","Missing material",IF(COUNTIF(ProductList,A4)=0,"Product not in Products list",IF(COUNTIF(MaterialList,B4)=0,"Material not in Materials list","OK"))))) -> OK | H4: =IF(F4="Active",A4&"|"&COUNTIFS(A$2:A4,A4,F$2:F4,"Active"),"") | I4: =IF(B4="","",IF(SUMPRODUCT(MAX((A$1:A3=A4)*(B$1:B3=B4)*ROW(A$1:A3)))=0,C4&"",IF(C4="",INDEX(I$1:I3,SUMPRODUCT(MAX((A$1:A3=A4)*(B$1:B3=B4)*ROW(A$1:A3)))),IF(INDEX(I$1:I3,SUMPRODUCT(MAX((A$1:A3=A4)*(B$1:B3=B4)*ROW(A$1:A3))))="",C4&"",INDEX(I$1:I3,SUMPRODUCT(MAX((A$1:A3=A4)*(B$1:B3=B4)*ROW(A$1:A3))))&"; "&C4)))) | J4: =IF(A4="","",A4&"|"&COUNTIF(A$2:A4,A4)) -> Ezetimibe-Rosuvastatin 10-10|3 | K4: =IF(OR(A4="",B4=""),0,IF(COUNTIFS(A$2:A4,A4,B$2:B4,B4)=1,1,0)) -> 1
A5: Ezetimibe-Rosuvastatin 10-10 | B5: Mannitol | F5: =IF(B5="","",IFERROR(INDEX(Materials!$B$2:$B$301,MATCH(B5,Materials!$A$2:$A$301,0)),"")) -> Filler / Diluent | G5: =IF(AND(A5="",B5=""),"",IF(A5="","Missing product",IF(B5="","Missing material",IF(COUNTIF(ProductList,A5)=0,"Product not in Products list",IF(COUNTIF(MaterialList,B5)=0,"Material not in Materials list","OK"))))) -> OK | H5: =IF(F5="Active",A5&"|"&COUNTIFS(A$2:A5,A5,F$2:F5,"Active"),"") | I5: =IF(B5="","",IF(SUMPRODUCT(MAX((A$1:A4=A5)*(B$1:B4=B5)*ROW(A$1:A4)))=0,C5&"",IF(C5="",INDEX(I$1:I4,SUMPRODUCT(MAX((A$1:A4=A5)*(B$1:B4=B5)*ROW(A$1:A4)))),IF(INDEX(I$1:I4,SUMPRODUCT(MAX((A$1:A4=A5)*(B$1:B4=B5)*ROW(A$1:A4))))="",C5&"",INDEX(I$1:I4,SUMPRODUCT(MAX((A$1:A4=A5)*(B$1:B4=B5)*ROW(A$1:A4))))&"; "&C5)))) | J5: =IF(A5="","",A5&"|"&COUNTIF(A$2:A5,A5)) -> Ezetimibe-Rosuvastatin 10-10|4 | K5: =IF(OR(A5="",B5=""),0,IF(COUNTIFS(A$2:A5,A5,B$2:B5,B5)=1,1,0)) -> 1
A6: Ezetimibe-Rosuvastatin 10-10 | B6: PVP K30 | C6: Binder Solution | F6: =IF(B6="","",IFERROR(INDEX(Materials!$B$2:$B$301,MATCH(B6,Materials!$A$2:$A$301,0)),"")) -> Binder | G6: =IF(AND(A6="",B6=""),"",IF(A6="","Missing product",IF(B6="","Missing material",IF(COUNTIF(ProductList,A6)=0,"Product not in Products list",IF(COUNTIF(MaterialList,B6)=0,"Material not in Materials list","OK"))))) -> OK | H6: =IF(F6="Active",A6&"|"&COUNTIFS(A$2:A6,A6,F$2:F6,"Active"),"") | I6: =IF(B6="","",IF(SUMPRODUCT(MAX((A$1:A5=A6)*(B$1:B5=B6)*ROW(A$1:A5)))=0,C6&"",IF(C6="",INDEX(I$1:I5,SUMPRODUCT(MAX((A$1:A5=A6)*(B$1:B5=B6)*ROW(A$1:A5)))),IF(INDEX(I$1:I5,SUMPRODUCT(MAX((A$1:A5=A6)*(B$1:B5=B6)*ROW(A$1:A5))))="",C6&"",INDEX(I$1:I5,SUMPRODUCT(MAX((A$1:A5=A6)*(B$1:B5=B6)*ROW(A$1:A5))))&"; "&C6)))) -> Binder Solution | J6: =IF(A6="","",A6&"|"&COUNTIF(A$2:A6,A6)) -> Ezetimibe-Rosuvastatin 10-10|5 | K6: =IF(OR(A6="",B6=""),0,IF(COUNTIFS(A$2:A6,A6,B$2:B6,B6)=1,1,0)) -> 1
A7: Ezetimibe-Rosuvastatin 10-10 | B7: Ethanol 96% | C7: Binder Solvent | F7: =IF(B7="","",IFERROR(INDEX(Materials!$B$2:$B$301,MATCH(B7,Materials!$A$2:$A$301,0)),"")) -> Solvent | G7: =IF(AND(A7="",B7=""),"",IF(A7="","Missing product",IF(B7="","Missing material",IF(COUNTIF(ProductList,A7)=0,"Product not in Products list",IF(COUNTIF(MaterialList,B7)=0,"Material not in Materials list","OK"))))) -> OK | H7: =IF(F7="Active",A7&"|"&COUNTIFS(A$2:A7,A7,F$2:F7,"Active"),"") | I7: =IF(B7="","",IF(SUMPRODUCT(MAX((A$1:A6=A7)*(B$1:B6=B7)*ROW(A$1:A6)))=0,C7&"",IF(C7="",INDEX(I$1:I6,SUMPRODUCT(MAX((A$1:A6=A7)*(B$1:B6=B7)*ROW(A$1:A6)))),IF(INDEX(I$1:I6,SUMPRODUCT(MAX((A$1:A6=A7)*(B$1:B6=B7)*ROW(A$1:A6))))="",C7&"",INDEX(I$1:I6,SUMPRODUCT(MAX((A$1:A6=A7)*(B$1:B6=B7)*ROW(A$1:A6))))&"; "&C7)))) -> Binder Solvent | J7: =IF(A7="","",A7&"|"&COUNTIF(A$2:A7,A7)) -> Ezetimibe-Rosuvastatin 10-10|6 | K7: =IF(OR(A7="",B7=""),0,IF(COUNTIFS(A$2:A7,A7,B$2:B7,B7)=1,1,0)) -> 1
A8: Ezetimibe-Rosuvastatin 10-10 | B8: Rosuvastatin Calcium | F8: =IF(B8="","",IFERROR(INDEX(Materials!$B$2:$B$301,MATCH(B8,Materials!$A$2:$A$301,0)),"")) -> Active | G8: =IF(AND(A8="",B8=""),"",IF(A8="","Missing product",IF(B8="","Missing material",IF(COUNTIF(ProductList,A8)=0,"Product not in Products list",IF(COUNTIF(MaterialList,B8)=0,"Material not in Materials list","OK"))))) -> OK | H8: =IF(F8="Active",A8&"|"&COUNTIFS(A$2:A8,A8,F$2:F8,"Active"),"") -> Ezetimibe-Rosuvastatin 10-10|2 | I8: =IF(B8="","",IF(SUMPRODUCT(MAX((A$1:A7=A8)*(B$1:B7=B8)*ROW(A$1:A7)))=0,C8&"",IF(C8="",INDEX(I$1:I7,SUMPRODUCT(MAX((A$1:A7=A8)*(B$1:B7=B8)*ROW(A$1:A7)))),IF(INDEX(I$1:I7,SUMPRODUCT(MAX((A$1:A7=A8)*(B$1:B7=B8)*ROW(A$1:A7))))="",C8&"",INDEX(I$1:I7,SUMPRODUCT(MAX((A$1:A7=A8)*(B$1:B7=B8)*ROW(A$1:A7))))&"; "&C8)))) | J8: =IF(A8="","",A8&"|"&COUNTIF(A$2:A8,A8)) -> Ezetimibe-Rosuvastatin 10-10|7 | K8: =IF(OR(A8="",B8=""),0,IF(COUNTIFS(A$2:A8,A8,B$2:B8,B8)=1,1,0)) -> 1
A9: Ezetimibe-Rosuvastatin 10-10 | B9: Croscarmellose Sodium | C9: Extra-granular | F9: =IF(B9="","",IFERROR(INDEX(Materials!$B$2:$B$301,MATCH(B9,Materials!$A$2:$A$301,0)),"")) -> Disintegrant | G9: =IF(AND(A9="",B9=""),"",IF(A9="","Missing product",IF(B9="","Missing material",IF(COUNTIF(ProductList,A9)=0,"Product not in Products list",IF(COUNTIF(MaterialList,B9)=0,"Material not in Materials list","OK"))))) -> OK | H9: =IF(F9="Active",A9&"|"&COUNTIFS(A$2:A9,A9,F$2:F9,"Active"),"") | I9: =IF(B9="","",IF(SUMPRODUCT(MAX((A$1:A8=A9)*(B$1:B8=B9)*ROW(A$1:A8)))=0,C9&"",IF(C9="",INDEX(I$1:I8,SUMPRODUCT(MAX((A$1:A8=A9)*(B$1:B8=B9)*ROW(A$1:A8)))),IF(INDEX(I$1:I8,SUMPRODUCT(MAX((A$1:A8=A9)*(B$1:B8=B9)*ROW(A$1:A8))))="",C9&"",INDEX(I$1:I8,SUMPRODUCT(MAX((A$1:A8=A9)*(B$1:B8=B9)*ROW(A$1:A8))))&"; "&C9)))) -> Intra-granular; Extra-granular | J9: =IF(A9="","",A9&"|"&COUNTIF(A$2:A9,A9)) -> Ezetimibe-Rosuvastatin 10-10|8 | K9: =IF(OR(A9="",B9=""),0,IF(COUNTIFS(A$2:A9,A9,B$2:B9,B9)=1,1,0)) -> 0
A10: Ezetimibe-Rosuvastatin 10-10 | B10: Microcrystalline Cellulose PH 102 | F10: =IF(B10="","",IFERROR(INDEX(Materials!$B$2:$B$301,MATCH(B10,Materials!$A$2:$A$301,0)),"")) -> Filler / Diluent | G10: =IF(AND(A10="",B10=""),"",IF(A10="","Missing product",IF(B10="","Missing material",IF(COUNTIF(ProductList,A10)=0,"Product not in Products list",IF(COUNTIF(MaterialList,B10)=0,"Material not in Materials list","OK"))))) -> OK | H10: =IF(F10="Active",A10&"|"&COUNTIFS(A$2:A10,A10,F$2:F10,"Active"),"") | I10: =IF(B10="","",IF(SUMPRODUCT(MAX((A$1:A9=A10)*(B$1:B9=B10)*ROW(A$1:A9)))=0,C10&"",IF(C10="",INDEX(I$1:I9,SUMPRODUCT(MAX((A$1:A9=A10)*(B$1:B9=B10)*ROW(A$1:A9)))),IF(INDEX(I$1:I9,SUMPRODUCT(MAX((A$1:A9=A10)*(B$1:B9=B10)*ROW(A$1:A9))))="",C10&"",INDEX(I$1:I9,SUMPRODUCT(MAX((A$1:A9=A10)*(B$1:B9=B10)*ROW(A$1:A9))))&"; "&C10)))) | J10: =IF(A10="","",A10&"|"&COUNTIF(A$2:A10,A10)) -> Ezetimibe-Rosuvastatin 10-10|9 | K10: =IF(OR(A10="",B10=""),0,IF(COUNTIFS(A$2:A10,A10,B$2:B10,B10)=1,1,0)) -> 1
A11: Ezetimibe-Rosuvastatin 10-10 | B11: PVP K30 | C11: Dry Binder | F11: =IF(B11="","",IFERROR(INDEX(Materials!$B$2:$B$301,MATCH(B11,Materials!$A$2:$A$301,0)),"")) -> Binder | G11: =IF(AND(A11="",B11=""),"",IF(A11="","Missing product",IF(B11="","Missing material",IF(COUNTIF(ProductList,A11)=0,"Product not in Products list",IF(COUNTIF(MaterialList,B11)=0,"Material not in Materials list","OK"))))) -> OK | H11: =IF(F11="Active",A11&"|"&COUNTIFS(A$2:A11,A11,F$2:F11,"Active"),"") | I11: =IF(B11="","",IF(SUMPRODUCT(MAX((A$1:A10=A11)*(B$1:B10=B11)*ROW(A$1:A10)))=0,C11&"",IF(C11="",INDEX(I$1:I10,SUMPRODUCT(MAX((A$1:A10=A11)*(B$1:B10=B11)*ROW(A$1:A10)))),IF(INDEX(I$1:I10,SUMPRODUCT(MAX((A$1:A10=A11)*(B$1:B10=B11)*ROW(A$1:A10))))="",C11&"",INDEX(I$1:I10,SUMPRODUCT(MAX((A$1:A10=A11)*(B$1:B10=B11)*ROW(A$1:A10))))&"; "&C11)))) -> Binder Solution; Dry Binder | J11: =IF(A11="","",A11&"|"&COUNTIF(A$2:A11,A11)) -> Ezetimibe-Rosuvastatin 10-10|10 | K11: =IF(OR(A11="",B11=""),0,IF(COUNTIFS(A$2:A11,A11,B$2:B11,B11)=1,1,0)) -> 0
A12: Ezetimibe-Rosuvastatin 10-10 | B12: Colloidal Silicon Dioxide | F12: =IF(B12="","",IFERROR(INDEX(Materials!$B$2:$B$301,MATCH(B12,Materials!$A$2:$A$301,0)),"")) -> Glidant | G12: =IF(AND(A12="",B12=""),"",IF(A12="","Missing product",IF(B12="","Missing material",IF(COUNTIF(ProductList,A12)=0,"Product not in Products list",IF(COUNTIF(MaterialList,B12)=0,"Material not in Materials list","OK"))))) -> OK | H12: =IF(F12="Active",A12&"|"&COUNTIFS(A$2:A12,A12,F$2:F12,"Active"),"") | I12: =IF(B12="","",IF(SUMPRODUCT(MAX((A$1:A11=A12)*(B$1:B11=B12)*ROW(A$1:A11)))=0,C12&"",IF(C12="",INDEX(I$1:I11,SUMPRODUCT(MAX((A$1:A11=A12)*(B$1:B11=B12)*ROW(A$1:A11)))),IF(INDEX(I$1:I11,SUMPRODUCT(MAX((A$1:A11=A12)*(B$1:B11=B12)*ROW(A$1:A11))))="",C12&"",INDEX(I$1:I11,SUMPRODUCT(MAX((A$1:A11=A12)*(B$1:B11=B12)*ROW(A$1:A11))))&"; "&C12)))) | J12: =IF(A12="","",A12&"|"&COUNTIF(A$2:A12,A12)) -> Ezetimibe-Rosuvastatin 10-10|11 | K12: =IF(OR(A12="",B12=""),0,IF(COUNTIFS(A$2:A12,A12,B$2:B12,B12)=1,1,0)) -> 1
A13: Ezetimibe-Rosuvastatin 10-10 | B13: Sodium Stearyl Fumarate | F13: =IF(B13="","",IFERROR(INDEX(Materials!$B$2:$B$301,MATCH(B13,Materials!$A$2:$A$301,0)),"")) -> Lubricant | G13: =IF(AND(A13="",B13=""),"",IF(A13="","Missing product",IF(B13="","Missing material",IF(COUNTIF(ProductList,A13)=0,"Product not in Products list",IF(COUNTIF(MaterialList,B13)=0,"Material not in Materials list","OK"))))) -> OK | H13: =IF(F13="Active",A13&"|"&COUNTIFS(A$2:A13,A13,F$2:F13,"Active"),"") | I13: =IF(B13="","",IF(SUMPRODUCT(MAX((A$1:A12=A13)*(B$1:B12=B13)*ROW(A$1:A12)))=0,C13&"",IF(C13="",INDEX(I$1:I12,SUMPRODUCT(MAX((A$1:A12=A13)*(B$1:B12=B13)*ROW(A$1:A12)))),IF(INDEX(I$1:I12,SUMPRODUCT(MAX((A$1:A12=A13)*(B$1:B12=B13)*ROW(A$1:A12))))="",C13&"",INDEX(I$1:I12,SUMPRODUCT(MAX((A$1:A12=A13)*(B$1:B12=B13)*ROW(A$1:A12))))&"; "&C13)))) | J13: =IF(A13="","",A13&"|"&COUNTIF(A$2:A13,A13)) -> Ezetimibe-Rosuvastatin 10-10|12 | K13: =IF(OR(A13="",B13=""),0,IF(COUNTIFS(A$2:A13,A13,B$2:B13,B13)=1,1,0)) -> 1
A14: Ezetimibe-Rosuvastatin 10-10 | B14: HPMC 6cps (Hypromellose) | F14: =IF(B14="","",IFERROR(INDEX(Materials!$B$2:$B$301,MATCH(B14,Materials!$A$2:$A$301,0)),"")) -> Binder / Coating Polymer | G14: =IF(AND(A14="",B14=""),"",IF(A14="","Missing product",IF(B14="","Missing material",IF(COUNTIF(ProductList,A14)=0,"Product not in Products list",IF(COUNTIF(MaterialList,B14)=0,"Material not in Materials list","OK"))))) -> OK | H14: =IF(F14="Active",A14&"|"&COUNTIFS(A$2:A14,A14,F$2:F14,"Active"),"") | I14: =IF(B14="","",IF(SUMPRODUCT(MAX((A$1:A13=A14)*(B$1:B13=B14)*ROW(A$1:A13)))=0,C14&"",IF(C14="",INDEX(I$1:I13,SUMPRODUCT(MAX((A$1:A13=A14)*(B$1:B13=B14)*ROW(A$1:A13)))),IF(INDEX(I$1:I13,SUMPRODUCT(MAX((A$1:A13=A14)*(B$1:B13=B14)*ROW(A$1:A13))))="",C14&"",INDEX(I$1:I13,SUMPRODUCT(MAX((A$1:A13=A14)*(B$1:B13=B14)*ROW(A$1:A13))))&"; "&C14)))) | J14: =IF(A14="","",A14&"|"&COUNTIF(A$2:A14,A14)) -> Ezetimibe-Rosuvastatin 10-10|13 | K14: =IF(OR(A14="",B14=""),0,IF(COUNTIFS(A$2:A14,A14,B$2:B14,B14)=1,1,0)) -> 1
A15: Ezetimibe-Rosuvastatin 10-10 | B15: Polyethylene Glycol 4000 (PEG 4000) | F15: =IF(B15="","",IFERROR(INDEX(Materials!$B$2:$B$301,MATCH(B15,Materials!$A$2:$A$301,0)),"")) -> Plasticizer | G15: =IF(AND(A15="",B15=""),"",IF(A15="","Missing product",IF(B15="","Missing material",IF(COUNTIF(ProductList,A15)=0,"Product not in Products list",IF(COUNTIF(MaterialList,B15)=0,"Material not in Materials list","OK"))))) -> OK | H15: =IF(F15="Active",A15&"|"&COUNTIFS(A$2:A15,A15,F$2:F15,"Active"),"") | I15: =IF(B15="","",IF(SUMPRODUCT(MAX((A$1:A14=A15)*(B$1:B14=B15)*ROW(A$1:A14)))=0,C15&"",IF(C15="",INDEX(I$1:I14,SUMPRODUCT(MAX((A$1:A14=A15)*(B$1:B14=B15)*ROW(A$1:A14)))),IF(INDEX(I$1:I14,SUMPRODUCT(MAX((A$1:A14=A15)*(B$1:B14=B15)*ROW(A$1:A14))))="",C15&"",INDEX(I$1:I14,SUMPRODUCT(MAX((A$1:A14=A15)*(B$1:B14=B15)*ROW(A$1:A14))))&"; "&C15)))) | J15: =IF(A15="","",A15&"|"&COUNTIF(A$2:A15,A15)) -> Ezetimibe-Rosuvastatin 10-10|14 | K15: =IF(OR(A15="",B15=""),0,IF(COUNTIFS(A$2:A15,A15,B$2:B15,B15)=1,1,0)) -> 1
A16: Ezetimibe-Rosuvastatin 10-10 | B16: Titanium Dioxide | F16: =IF(B16="","",IFERROR(INDEX(Materials!$B$2:$B$301,MATCH(B16,Materials!$A$2:$A$301,0)),"")) -> Opacifier | G16: =IF(AND(A16="",B16=""),"",IF(A16="","Missing product",IF(B16="","Missing material",IF(COUNTIF(ProductList,A16)=0,"Product not in Products list",IF(COUNTIF(MaterialList,B16)=0,"Material not in Materials list","OK"))))) -> OK | H16: =IF(F16="Active",A16&"|"&COUNTIFS(A$2:A16,A16,F$2:F16,"Active"),"") | I16: =IF(B16="","",IF(SUMPRODUCT(MAX((A$1:A15=A16)*(B$1:B15=B16)*ROW(A$1:A15)))=0,C16&"",IF(C16="",INDEX(I$1:I15,SUMPRODUCT(MAX((A$1:A15=A16)*(B$1:B15=B16)*ROW(A$1:A15)))),IF(INDEX(I$1:I15,SUMPRODUCT(MAX((A$1:A15=A16)*(B$1:B15=B16)*ROW(A$1:A15))))="",C16&"",INDEX(I$1:I15,SUMPRODUCT(MAX((A$1:A15=A16)*(B$1:B15=B16)*ROW(A$1:A15))))&"; "&C16)))) | J16: =IF(A16="","",A16&"|"&COUNTIF(A$2:A16,A16)) -> Ezetimibe-Rosuvastatin 10-10|15 | K16: =IF(OR(A16="",B16=""),0,IF(COUNTIFS(A$2:A16,A16,B$2:B16,B16)=1,1,0)) -> 1
A17: Ezetimibe-Rosuvastatin 10-10 | B17: Talc | F17: =IF(B17="","",IFERROR(INDEX(Materials!$B$2:$B$301,MATCH(B17,Materials!$A$2:$A$301,0)),"")) -> Glidant / Anti-tacking | G17: =IF(AND(A17="",B17=""),"",IF(A17="","Missing product",IF(B17="","Missing material",IF(COUNTIF(ProductList,A17)=0,"Product not in Products list",IF(COUNTIF(MaterialList,B17)=0,"Material not in Materials list","OK"))))) -> OK | H17: =IF(F17="Active",A17&"|"&COUNTIFS(A$2:A17,A17,F$2:F17,"Active"),"") | I17: =IF(B17="","",IF(SUMPRODUCT(MAX((A$1:A16=A17)*(B$1:B16=B17)*ROW(A$1:A16)))=0,C17&"",IF(C17="",INDEX(I$1:I16,SUMPRODUCT(MAX((A$1:A16=A17)*(B$1:B16=B17)*ROW(A$1:A16)))),IF(INDEX(I$1:I16,SUMPRODUCT(MAX((A$1:A16=A17)*(B$1:B16=B17)*ROW(A$1:A16))))="",C17&"",INDEX(I$1:I16,SUMPRODUCT(MAX((A$1:A16=A17)*(B$1:B16=B17)*ROW(A$1:A16))))&"; "&C17)))) | J17: =IF(A17="","",A17&"|"&COUNTIF(A$2:A17,A17)) -> Ezetimibe-Rosuvastatin 10-10|16 | K17: =IF(OR(A17="",B17=""),0,IF(COUNTIFS(A$2:A17,A17,B$2:B17,B17)=1,1,0)) -> 1
A18: Ezetimibe-Rosuvastatin 10-10 | B18: Ferric Oxide Yellow | F18: =IF(B18="","",IFERROR(INDEX(Materials!$B$2:$B$301,MATCH(B18,Materials!$A$2:$A$301,0)),"")) -> Colorant | G18: =IF(AND(A18="",B18=""),"",IF(A18="","Missing product",IF(B18="","Missing material",IF(COUNTIF(ProductList,A18)=0,"Product not in Products list",IF(COUNTIF(MaterialList,B18)=0,"Material not in Materials list","OK"))))) -> OK | H18: =IF(F18="Active",A18&"|"&COUNTIFS(A$2:A18,A18,F$2:F18,"Active"),"") | I18: =IF(B18="","",IF(SUMPRODUCT(MAX((A$1:A17=A18)*(B$1:B17=B18)*ROW(A$1:A17)))=0,C18&"",IF(C18="",INDEX(I$1:I17,SUMPRODUCT(MAX((A$1:A17=A18)*(B$1:B17=B18)*ROW(A$1:A17)))),IF(INDEX(I$1:I17,SUMPRODUCT(MAX((A$1:A17=A18)*(B$1:B17=B18)*ROW(A$1:A17))))="",C18&"",INDEX(I$1:I17,SUMPRODUCT(MAX((A$1:A17=A18)*(B$1:B17=B18)*ROW(A$1:A17))))&"; "&C18)))) | J18: =IF(A18="","",A18&"|"&COUNTIF(A$2:A18,A18)) -> Ezetimibe-Rosuvastatin 10-10|17 | K18: =IF(OR(A18="",B18=""),0,IF(COUNTIFS(A$2:A18,A18,B$2:B18,B18)=1,1,0)) -> 1
A19: Ezetimibe-Rosuvastatin 10-10 | B19: Ethanol 96% | C19: Coating Solvent | F19: =IF(B19="","",IFERROR(INDEX(Materials!$B$2:$B$301,MATCH(B19,Materials!$A$2:$A$301,0)),"")) -> Solvent | G19: =IF(AND(A19="",B19=""),"",IF(A19="","Missing product",IF(B19="","Missing material",IF(COUNTIF(ProductList,A19)=0,"Product not in Products list",IF(COUNTIF(MaterialList,B19)=0,"Material not in Materials list","OK"))))) -> OK | H19: =IF(F19="Active",A19&"|"&COUNTIFS(A$2:A19,A19,F$2:F19,"Active"),"") | I19: =IF(B19="","",IF(SUMPRODUCT(MAX((A$1:A18=A19)*(B$1:B18=B19)*ROW(A$1:A18)))=0,C19&"",IF(C19="",INDEX(I$1:I18,SUMPRODUCT(MAX((A$1:A18=A19)*(B$1:B18=B19)*ROW(A$1:A18)))),IF(INDEX(I$1:I18,SUMPRODUCT(MAX((A$1:A18=A19)*(B$1:B18=B19)*ROW(A$1:A18))))="",C19&"",INDEX(I$1:I18,SUMPRODUCT(MAX((A$1:A18=A19)*(B$1:B18=B19)*ROW(A$1:A18))))&"; "&C19)))) -> Binder Solvent; Coating Solvent | J19: =IF(A19="","",A19&"|"&COUNTIF(A$2:A19,A19)) -> Ezetimibe-Rosuvastatin 10-10|18 | K19: =IF(OR(A19="",B19=""),0,IF(COUNTIFS(A$2:A19,A19,B$2:B19,B19)=1,1,0)) -> 0
A20: Ezetimibe-Rosuvastatin 10-10 | B20: Purified Water | F20: =IF(B20="","",IFERROR(INDEX(Materials!$B$2:$B$301,MATCH(B20,Materials!$A$2:$A$301,0)),"")) -> Solvent | G20: =IF(AND(A20="",B20=""),"",IF(A20="","Missing product",IF(B20="","Missing material",IF(COUNTIF(ProductList,A20)=0,"Product not in Products list",IF(COUNTIF(MaterialList,B20)=0,"Material not in Materials list","OK"))))) -> OK | H20: =IF(F20="Active",A20&"|"&COUNTIFS(A$2:A20,A20,F$2:F20,"Active"),"") | I20: =IF(B20="","",IF(SUMPRODUCT(MAX((A$1:A19=A20)*(B$1:B19=B20)*ROW(A$1:A19)))=0,C20&"",IF(C20="",INDEX(I$1:I19,SUMPRODUCT(MAX((A$1:A19=A20)*(B$1:B19=B20)*ROW(A$1:A19)))),IF(INDEX(I$1:I19,SUMPRODUCT(MAX((A$1:A19=A20)*(B$1:B19=B20)*ROW(A$1:A19))))="",C20&"",INDEX(I$1:I19,SUMPRODUCT(MAX((A$1:A19=A20)*(B$1:B19=B20)*ROW(A$1:A19))))&"; "&C20)))) | J20: =IF(A20="","",A20&"|"&COUNTIF(A$2:A20,A20)) -> Ezetimibe-Rosuvastatin 10-10|19 | K20: =IF(OR(A20="",B20=""),0,IF(COUNTIFS(A$2:A20,A20,B$2:B20,B20)=1,1,0)) -> 1
A21: Ezetimibe-Rosuvastatin 10-20 | B21: Ezetimibe | F21: =IF(B21="","",IFERROR(INDEX(Materials!$B$2:$B$301,MATCH(B21,Materials!$A$2:$A$301,0)),"")) -> Active | G21: =IF(AND(A21="",B21=""),"",IF(A21="","Missing product",IF(B21="","Missing material",IF(COUNTIF(ProductList,A21)=0,"Product not in Products list",IF(COUNTIF(MaterialList,B21)=0,"Material not in Materials list","OK"))))) -> OK | H21: =IF(F21="Active",A21&"|"&COUNTIFS(A$2:A21,A21,F$2:F21,"Active"),"") -> Ezetimibe-Rosuvastatin 10-20|1 | I21: =IF(B21="","",IF(SUMPRODUCT(MAX((A$1:A20=A21)*(B$1:B20=B21)*ROW(A$1:A20)))=0,C21&"",IF(C21="",INDEX(I$1:I20,SUMPRODUCT(MAX((A$1:A20=A21)*(B$1:B20=B21)*ROW(A$1:A20)))),IF(INDEX(I$1:I20,SUMPRODUCT(MAX((A$1:A20=A21)*(B$1:B20=B21)*ROW(A$1:A20))))="",C21&"",INDEX(I$1:I20,SUMPRODUCT(MAX((A$1:A20=A21)*(B$1:B20=B21)*ROW(A$1:A20))))&"; "&C21)))) | J21: =IF(A21="","",A21&"|"&COUNTIF(A$2:A21,A21)) -> Ezetimibe-Rosuvastatin 10-20|1 | K21: =IF(OR(A21="",B21=""),0,IF(COUNTIFS(A$2:A21,A21,B$2:B21,B21)=1,1,0)) -> 1
A22: Ezetimibe-Rosuvastatin 10-20 | B22: Croscarmellose Sodium | C22: Intra-granular | F22: =IF(B22="","",IFERROR(INDEX(Materials!$B$2:$B$301,MATCH(B22,Materials!$A$2:$A$301,0)),"")) -> Disintegrant | G22: =IF(AND(A22="",B22=""),"",IF(A22="","Missing product",IF(B22="","Missing material",IF(COUNTIF(ProductList,A22)=0,"Product not in Products list",IF(COUNTIF(MaterialList,B22)=0,"Material not in Materials list","OK"))))) -> OK | H22: =IF(F22="Active",A22&"|"&COUNTIFS(A$2:A22,A22,F$2:F22,"Active"),"") | I22: =IF(B22="","",IF(SUMPRODUCT(MAX((A$1:A21=A22)*(B$1:B21=B22)*ROW(A$1:A21)))=0,C22&"",IF(C22="",INDEX(I$1:I21,SUMPRODUCT(MAX((A$1:A21=A22)*(B$1:B21=B22)*ROW(A$1:A21)))),IF(INDEX(I$1:I21,SUMPRODUCT(MAX((A$1:A21=A22)*(B$1:B21=B22)*ROW(A$1:A21))))="",C22&"",INDEX(I$1:I21,SUMPRODUCT(MAX((A$1:A21=A22)*(B$1:B21=B22)*ROW(A$1:A21))))&"; "&C22)))) -> Intra-granular | J22: =IF(A22="","",A22&"|"&COUNTIF(A$2:A22,A22)) -> Ezetimibe-Rosuvastatin 10-20|2 | K22: =IF(OR(A22="",B22=""),0,IF(COUNTIFS(A$2:A22,A22,B$2:B22,B22)=1,1,0)) -> 1
A23: Ezetimibe-Rosuvastatin 10-20 | B23: Sodium Lauryl Sulfate | F23: =IF(B23="","",IFERROR(INDEX(Materials!$B$2:$B$301,MATCH(B23,Materials!$A$2:$A$301,0)),"")) -> Surfactant | G23: =IF(AND(A23="",B23=""),"",IF(A23="","Missing product",IF(B23="","Missing material",IF(COUNTIF(ProductList,A23)=0,"Product not in Products list",IF(COUNTIF(MaterialList,B23)=0,"Material not in Materials list","OK"))))) -> OK | H23: =IF(F23="Active",A23&"|"&COUNTIFS(A$2:A23,A23,F$2:F23,"Active"),"") | I23: =IF(B23="","",IF(SUMPRODUCT(MAX((A$1:A22=A23)*(B$1:B22=B23)*ROW(A$1:A22)))=0,C23&"",IF(C23="",INDEX(I$1:I22,SUMPRODUCT(MAX((A$1:A22=A23)*(B$1:B22=B23)*ROW(A$1:A22)))),IF(INDEX(I$1:I22,SUMPRODUCT(MAX((A$1:A22=A23)*(B$1:B22=B23)*ROW(A$1:A22))))="",C23&"",INDEX(I$1:I22,SUMPRODUCT(MAX((A$1:A22=A23)*(B$1:B22=B23)*ROW(A$1:A22))))&"; "&C23)))) | J23: =IF(A23="","",A23&"|"&COUNTIF(A$2:A23,A23)) -> Ezetimibe-Rosuvastatin 10-20|3 | K23: =IF(OR(A23="",B23=""),0,IF(COUNTIFS(A$2:A23,A23,B$2:B23,B23)=1,1,0)) -> 1
A24: Ezetimibe-Rosuvastatin 10-20 | B24: Mannitol | F24: =IF(B24="","",IFERROR(INDEX(Materials!$B$2:$B$301,MATCH(B24,Materials!$A$2:$A$301,0)),"")) -> Filler / Diluent | G24: =IF(AND(A24="",B24=""),"",IF(A24="","Missing product",IF(B24="","Missing material",IF(COUNTIF(ProductList,A24)=0,"Product not in Products list",IF(COUNTIF(MaterialList,B24)=0,"Material not in Materials list","OK"))))) -> OK | H24: =IF(F24="Active",A24&"|"&COUNTIFS(A$2:A24,A24,F$2:F24,"Active"),"") | I24: =IF(B24="","",IF(SUMPRODUCT(MAX((A$1:A23=A24)*(B$1:B23=B24)*ROW(A$1:A23)))=0,C24&"",IF(C24="",INDEX(I$1:I23,SUMPRODUCT(MAX((A$1:A23=A24)*(B$1:B23=B24)*ROW(A$1:A23)))),IF(INDEX(I$1:I23,SUMPRODUCT(MAX((A$1:A23=A24)*(B$1:B23=B24)*ROW(A$1:A23))))="",C24&"",INDEX(I$1:I23,SUMPRODUCT(MAX((A$1:A23=A24)*(B$1:B23=B24)*ROW(A$1:A23))))&"; "&C24)))) | J24: =IF(A24="","",A24&"|"&COUNTIF(A$2:A24,A24)) -> Ezetimibe-Rosuvastatin 10-20|4 | K24: =IF(OR(A24="",B24=""),0,IF(COUNTIFS(A$2:A24,A24,B$2:B24,B24)=1,1,0)) -> 1
A25: Ezetimibe-Rosuvastatin 10-20 | B25: PVP K30 | C25: Binder Solution | F25: =IF(B25="","",IFERROR(INDEX(Materials!$B$2:$B$301,MATCH(B25,Materials!$A$2:$A$301,0)),"")) -> Binder | G25: =IF(AND(A25="",B25=""),"",IF(A25="","Missing product",IF(B25="","Missing material",IF(COUNTIF(ProductList,A25)=0,"Product not in Products list",IF(COUNTIF(MaterialList,B25)=0,"Material not in Materials list","OK"))))) -> OK | H25: =IF(F25="Active",A25&"|"&COUNTIFS(A$2:A25,A25,F$2:F25,"Active"),"") | I25: =IF(B25="","",IF(SUMPRODUCT(MAX((A$1:A24=A25)*(B$1:B24=B25)*ROW(A$1:A24)))=0,C25&"",IF(C25="",INDEX(I$1:I24,SUMPRODUCT(MAX((A$1:A24=A25)*(B$1:B24=B25)*ROW(A$1:A24)))),IF(INDEX(I$1:I24,SUMPRODUCT(MAX((A$1:A24=A25)*(B$1:B24=B25)*ROW(A$1:A24))))="",C25&"",INDEX(I$1:I24,SUMPRODUCT(MAX((A$1:A24=A25)*(B$1:B24=B25)*ROW(A$1:A24))))&"; "&C25)))) -> Binder Solution | J25: =IF(A25="","",A25&"|"&COUNTIF(A$2:A25,A25)) -> Ezetimibe-Rosuvastatin 10-20|5 | K25: =IF(OR(A25="",B25=""),0,IF(COUNTIFS(A$2:A25,A25,B$2:B25,B25)=1,1,0)) -> 1
A26: Ezetimibe-Rosuvastatin 10-20 | B26: Ethanol 96% | C26: Binder Solvent | F26: =IF(B26="","",IFERROR(INDEX(Materials!$B$2:$B$301,MATCH(B26,Materials!$A$2:$A$301,0)),"")) -> Solvent | G26: =IF(AND(A26="",B26=""),"",IF(A26="","Missing product",IF(B26="","Missing material",IF(COUNTIF(ProductList,A26)=0,"Product not in Products list",IF(COUNTIF(MaterialList,B26)=0,"Material not in Materials list","OK"))))) -> OK | H26: =IF(F26="Active",A26&"|"&COUNTIFS(A$2:A26,A26,F$2:F26,"Active"),"") | I26: =IF(B26="","",IF(SUMPRODUCT(MAX((A$1:A25=A26)*(B$1:B25=B26)*ROW(A$1:A25)))=0,C26&"",IF(C26="",INDEX(I$1:I25,SUMPRODUCT(MAX((A$1:A25=A26)*(B$1:B25=B26)*ROW(A$1:A25)))),IF(INDEX(I$1:I25,SUMPRODUCT(MAX((A$1:A25=A26)*(B$1:B25=B26)*ROW(A$1:A25))))="",C26&"",INDEX(I$1:I25,SUMPRODUCT(MAX((A$1:A25=A26)*(B$1:B25=B26)*ROW(A$1:A25))))&"; "&C26)))) -> Binder Solvent | J26: =IF(A26="","",A26&"|"&COUNTIF(A$2:A26,A26)) -> Ezetimibe-Rosuvastatin 10-20|6 | K26: =IF(OR(A26="",B26=""),0,IF(COUNTIFS(A$2:A26,A26,B$2:B26,B26)=1,1,0)) -> 1
A27: Ezetimibe-Rosuvastatin 10-20 | B27: Rosuvastatin Calcium | F27: =IF(B27="","",IFERROR(INDEX(Materials!$B$2:$B$301,MATCH(B27,Materials!$A$2:$A$301,0)),"")) -> Active | G27: =IF(AND(A27="",B27=""),"",IF(A27="","Missing product",IF(B27="","Missing material",IF(COUNTIF(ProductList,A27)=0,"Product not in Products list",IF(COUNTIF(MaterialList,B27)=0,"Material not in Materials list","OK"))))) -> OK | H27: =IF(F27="Active",A27&"|"&COUNTIFS(A$2:A27,A27,F$2:F27,"Active"),"") -> Ezetimibe-Rosuvastatin 10-20|2 | I27: =IF(B27="","",IF(SUMPRODUCT(MAX((A$1:A26=A27)*(B$1:B26=B27)*ROW(A$1:A26)))=0,C27&"",IF(C27="",INDEX(I$1:I26,SUMPRODUCT(MAX((A$1:A26=A27)*(B$1:B26=B27)*ROW(A$1:A26)))),IF(INDEX(I$1:I26,SUMPRODUCT(MAX((A$1:A26=A27)*(B$1:B26=B27)*ROW(A$1:A26))))="",C27&"",INDEX(I$1:I26,SUMPRODUCT(MAX((A$1:A26=A27)*(B$1:B26=B27)*ROW(A$1:A26))))&"; "&C27)))) | J27: =IF(A27="","",A27&"|"&COUNTIF(A$2:A27,A27)) -> Ezetimibe-Rosuvastatin 10-20|7 | K27: =IF(OR(A27="",B27=""),0,IF(COUNTIFS(A$2:A27,A27,B$2:B27,B27)=1,1,0)) -> 1
A28: Ezetimibe-Rosuvastatin 10-20 | B28: Croscarmellose Sodium | C28: Extra-granular | F28: =IF(B28="","",IFERROR(INDEX(Materials!$B$2:$B$301,MATCH(B28,Materials!$A$2:$A$301,0)),"")) -> Disintegrant | G28: =IF(AND(A28="",B28=""),"",IF(A28="","Missing product",IF(B28="","Missing material",IF(COUNTIF(ProductList,A28)=0,"Product not in Products list",IF(COUNTIF(MaterialList,B28)=0,"Material not in Materials list","OK"))))) -> OK | H28: =IF(F28="Active",A28&"|"&COUNTIFS(A$2:A28,A28,F$2:F28,"Active"),"") | I28: =IF(B28="","",IF(SUMPRODUCT(MAX((A$1:A27=A28)*(B$1:B27=B28)*ROW(A$1:A27)))=0,C28&"",IF(C28="",INDEX(I$1:I27,SUMPRODUCT(MAX((A$1:A27=A28)*(B$1:B27=B28)*ROW(A$1:A27)))),IF(INDEX(I$1:I27,SUMPRODUCT(MAX((A$1:A27=A28)*(B$1:B27=B28)*ROW(A$1:A27))))="",C28&"",INDEX(I$1:I27,SUMPRODUCT(MAX((A$1:A27=A28)*(B$1:B27=B28)*ROW(A$1:A27))))&"; "&C28)))) -> Intra-granular; Extra-granular | J28: =IF(A28="","",A28&"|"&COUNTIF(A$2:A28,A28)) -> Ezetimibe-Rosuvastatin 10-20|8 | K28: =IF(OR(A28="",B28=""),0,IF(COUNTIFS(A$2:A28,A28,B$2:B28,B28)=1,1,0)) -> 0
A29: Ezetimibe-Rosuvastatin 10-20 | B29: Microcrystalline Cellulose PH 102 | F29: =IF(B29="","",IFERROR(INDEX(Materials!$B$2:$B$301,MATCH(B29,Materials!$A$2:$A$301,0)),"")) -> Filler / Diluent | G29: =IF(AND(A29="",B29=""),"",IF(A29="","Missing product",IF(B29="","Missing material",IF(COUNTIF(ProductList,A29)=0,"Product not in Products list",IF(COUNTIF(MaterialList,B29)=0,"Material not in Materials list","OK"))))) -> OK | H29: =IF(F29="Active",A29&"|"&COUNTIFS(A$2:A29,A29,F$2:F29,"Active"),"") | I29: =IF(B29="","",IF(SUMPRODUCT(MAX((A$1:A28=A29)*(B$1:B28=B29)*ROW(A$1:A28)))=0,C29&"",IF(C29="",INDEX(I$1:I28,SUMPRODUCT(MAX((A$1:A28=A29)*(B$1:B28=B29)*ROW(A$1:A28)))),IF(INDEX(I$1:I28,SUMPRODUCT(MAX((A$1:A28=A29)*(B$1:B28=B29)*ROW(A$1:A28))))="",C29&"",INDEX(I$1:I28,SUMPRODUCT(MAX((A$1:A28=A29)*(B$1:B28=B29)*ROW(A$1:A28))))&"; "&C29)))) | J29: =IF(A29="","",A29&"|"&COUNTIF(A$2:A29,A29)) -> Ezetimibe-Rosuvastatin 10-20|9 | K29: =IF(OR(A29="",B29=""),0,IF(COUNTIFS(A$2:A29,A29,B$2:B29,B29)=1,1,0)) -> 1
