Workbook

Sheet Guide
A1: QC Laboratory Capacity Study – Guide
A2: Purpose: quantify current & future HPLC / analyst workload vs. capacity to justify instruments and personnel
A4: HOW THE WORKBOOK WORKS
A5: Yellow cells, blue text | B5: You type here. Grey cells = automatic formulas, do not overwrite.
A6: Settings | B6: Working days, hours/day per instrument type, downtime %, target utilisation, growth %.
A7: Instruments | B7: One row per physical instrument (HPLC-01, HPLC-02, Dissolution-01 ...). Status = Active counts toward capacity.
A8: Personnel | B8: One row per person: hours/week, leave, % time on testing and on review, current overtime.
A9: Products | B9: 106 products from your database, grouped into 64 method FAMILIES (same actives = same method, strengths share it). Enter batches/yr and stability samples/yr.
A10: RM_Lots | B10: 180 raw materials from your database. Enter lots received per year.
A11: Test_Times | B11: THE INTERVIEW SHEET. One row per family/material x test. Fill times from interviews. Rows are pre-filled; set Applicable = N where a test does not exist.
A12: CDS_Log | B12: Validation: copy 4–8 weeks of real sequences from the HPLC software audit trail (Empower/Chromeleon/OpenLab). Compares actual vs. estimated hours and gives a calibration factor.
A13: Evidence | B13: Monthly KPIs for the last 12 months (backlog, turnaround, overtime, delayed releases). This is what management believes most.
A14: Load_by_Item | B14: Automatic: hours per family/material, for Pareto (which products consume the HPLCs).
A15: Capacity | B15: Automatic result: demand vs. capacity, utilisation %, instruments and FTE required now and in the future scenario.
A16: Report_Outline | B16: Suggested structure of the report to management, with the table/chart that feeds each section.
A18: PROCEDURE (6 steps, ~3–4 weeks)
A19: 1. Prepare (week 1) | B19: Confirm product families in Products!E (merge/split if methods differ). Fill Instruments, Personnel, Settings. Collect batch plan (Production/Planning) and stability protocol schedule (QA).
A20: 2. Interview (week 1–2) | B20: Interview 2–3 analysts per technique separately (30–45 min each, using sheet "Interview"). For each family/test ask MIN, MOST LIKELY, MAX hands-on time (3-point estimate). Ask what can be run in the same sequence (campaign group).
A21: 3. Reconcile | B21: Where analysts disagree >30%, hold a short group session (Delphi round): show anonymous answers, agree final values. Record respondents & confidence in columns X–Y.
A22: 4. Validate (week 2–4) | B22: Export real sequence start/end times from the CDS audit trail into CDS_Log. Use the average Actual/Estimated ratio as calibration factor (Settings). Optionally time-and-motion 3–5 sample preparations with a stopwatch.
A23: 5. Analyse | B23: Check Capacity sheet: utilisation > target = proven shortage. Use Load_by_Item for Pareto. Run the future scenario (growth %, pipeline products, future batches).
A24: 6. Report | B24: Follow Report_Outline. Lead with the gap (h/yr, units), back it with measured evidence (CDS + Evidence sheet), finish with the cost of NOT investing (delayed releases, overtime, compliance risk).
A26: TIME MODEL (how overlap is handled)
A27: Fixed per sequence | B27: Setup (mobile phase, standards, column equilibration, system suitability, bracketing, wash). Counted once per SEQUENCE, then divided by samples per sequence.
A28: Per sample | B28: Sample prep (3-point: (Min+4×ML+Max)/6), instrument run, data processing/documentation, review.
A29: Campaign group | B29: Give the same code (e.g. G-EMPA) to tests that run in the same sequence with the same column/mobile phase (e.g. Empagliflozin assay of several families). The fixed setup is then SHARED: divided by the number of tests in the group.
A30: No. of methods | B30: Products needing several separate HPLC methods (e.g. multivitamins: water-soluble, fat-soluble vitamins) → enter 2, 3...; the whole time is multiplied.
A31: Complexity | B31: Pre-suggested (Low: 1 active; Medium: 2–3 actives; High: ≥4 actives, ER, nasal spray). Confirm in interview; it explains time differences in the report.
A33: EXAMPLE of a filled Test_Times row (illustration only, not real data)
A34: Example | B34: F04 Telmisartan | Assay | Y | HPLC | Low | 1 method | group G-TEL | setup analyst 1.5 h | setup instrument 2.0 h | prep min/ML/max 0.5/0.75/1.5 h | run 0.6 h/sample | data+doc 0.3 h | review 0.2 h | 6 samples/sequence | retest 5% | stability Y | Ali, Sara | High

Sheet Interview
A1: Interview questionnaire (per analyst, per technique)
A2: Ask the same questions to 2–3 people; record answers directly in the sheet named in column E
A4: # | B4: Section | C4: Question | D4: Why it matters | E4: Where the answer goes
A5: 1 | B5: A. Respondent | C5: Name, role, years of experience, which techniques/instruments you are qualified on? | D5: Weights the estimate; shows single-person dependency | E5: Personnel; Test_Times X
A6: 2 | B6: A. Respondent | C6: In a normal week, what % of your time is real testing vs. documentation, meetings, training, cleaning, investigations? | D6: Productive capacity per FTE | E6: Personnel G–H
A7: 3 | B7: A. Respondent | C7: How many overtime hours did you work per month in the last 6 months? Why? | D7: Hidden capacity shortage | E7: Personnel J; Evidence
A8: 4 | B8: B. Per family & test | C8: For [family/test]: how long does sample preparation take you – fastest realistic, usual, and worst case (hours)? | D8: 3-point estimate, reduces bias | E8: Test_Times M–O
A9: 5 | B9: B. Per family & test | C9: How long is the setup that is done once per sequence: mobile phase, standard prep, equilibration, system suitability? | D9: Fixed time shared by samples | E9: Test_Times K–L
A10: 6 | B10: B. Per family & test | C10: Run time per injection and number of injections per sample (incl. duplicates, brackets)? → instrument hours per sample | D10: Instrument occupation | E10: Test_Times Q
A11: 7 | B11: B. Per family & test | C11: How many samples do you usually put in one sequence? What limits it (stability of solutions, autosampler capacity)? | D11: Batching efficiency | E11: Test_Times U
A12: 8 | B12: B. Per family & test | C12: Which other products/tests can run in the same sequence with the same column & mobile phase, without much extra preparation? | D12: Overlap / campaign groups | E12: Test_Times J
A13: 9 | B13: B. Per family & test | C13: Is a separate method needed for some actives (e.g. vitamins, impurities, preservatives)? How many? | D13: Multi-method products | E13: Test_Times I
A14: 10 | B14: B. Per family & test | C14: Dissolution: how many hours is the bath occupied per sample (6 or 12 vessels, time points)? HPLC or UV finish? | D14: Dissolution bath capacity | E14: Test_Times R, G
A15: 11 | B15: B. Per family & test | C15: Time for integration, calculation, worksheet/LIMS entry per sample? And reviewer time? | D15: Analyst + reviewer load | E15: Test_Times S–T
A16: 12 | B16: B. Per family & test | C16: How often must you repeat (SST failure, OOS, column problem, re-injection)? % | D16: Rework load | E16: Test_Times V
... A24: 20 | B24: E. Closing | C24: If you had one more HPLC / one more analyst, what would change? What risk exists today (e.g. one person qualified on a method)? | D24: Quotes and risks for the report | E24: Report_Outline

Sheet Settings
A1: Settings & assumptions
A2: Default values are ASSUMPTIONS – replace with your own (yellow cells)
A4: General
A5: Working days per year (lab) | B5: 250 | C5: Assumption: 5 days x ~50 weeks minus public holidays; adjust to your calendar
A6: Public holiday weeks per year (personnel) | B6: 4 | C6: Assumption
A7: Growth of demand for future scenario (applied where future batches are blank) | B7: 0.15 | C7: Assumption – use production/business plan
A8: Calibration factor for instrument time (from CDS_Log, 1 = no correction) | B8: 1 | C8: Set = average Actual/Estimated in CDS_Log
A9: Calibration factor for analyst time (from time-and-motion, 1 = none) | B9: 1 | C9: Optional stopwatch study
A10: Target utilisation – analysts | B10: 0.85 | C10: Typical lab planning value 80–85%
A11: Target utilisation – reviewers | B11: 0.85
A13: Per instrument type
A14: Instrument type | B14: Usable hours / day | C14: Downtime % (maint., calib., breakdown) | D14: Target utilisation | E14: Capacity h/yr per unit (auto) | F14: Note
A15: HPLC | B15: 20 | C15: 0.12 | D15: 0.8 | E15: =Settings!$B$5*B15*(1-C15) -> 4400 | F15: 20 h = unattended overnight runs with autosampler; use 8 if not
A16: GC | B16: 16 | C16: 0.1 | D16: 0.75 | E16: =Settings!$B$5*B16*(1-C16) -> 3600
A17: UV-Vis | B17: 8 | C17: 0.05 | D17: 0.75 | E17: =Settings!$B$5*B17*(1-C17) -> 1900
A18: AAS / ICP | B18: 8 | C18: 0.1 | D18: 0.75 | E18: =Settings!$B$5*B18*(1-C18) -> 1800
A19: KF titrator | B19: 8 | C19: 0.05 | D19: 0.75 | E19: =Settings!$B$5*B19*(1-C19) -> 1900
A20: Dissolution bath | B20: 8 | C20: 0.08 | D20: 0.8 | E20: =Settings!$B$5*B20*(1-C20) -> 1840 | F20: Attended work only

Sheet Instruments
A1: Instrument register
A2: One row per physical instrument
A4: Instrument ID | B4: Type | C4: Manufacturer / model | D4: Year installed | E4: Age (yrs) | F4: Status | G4: % time used by other depts (R&D etc.) | H4: Effective units (auto) | I4: Autosampler / detector | J4: Notes (breakdowns, obsolete parts...)
E5: =IF(D5="","",2026-D5) | H5: =IF(F5="Active",1-N(G5),0) -> 0
E6: =IF(D6="","",2026-D6) | H6: =IF(F6="Active",1-N(G6),0) -> 0
E7: =IF(D7="","",2026-D7) | H7: =IF(F7="Active",1-N(G7),0) -> 0
E8: =IF(D8="","",2026-D8) | H8: =IF(F8="Active",1-N(G8),0) -> 0
E9: =IF(D9="","",2026-D9) | H9: =IF(F9="Active",1-N(G9),0) -> 0
E10: =IF(D10="","",2026-D10) | H10: =IF(F10="Active",1-N(G10),0) -> 0
E11: =IF(D11="","",2026-D11) | H11: =IF(F11="Active",1-N(G11),0) -> 0
E12: =IF(D12="","",2026-D12) | H12: =IF(F12="Active",1-N(G12),0) -> 0
E13: =IF(D13="","",2026-D13) | H13: =IF(F13="Active",1-N(G13),0) -> 0
E14: =IF(D14="","",2026-D14) | H14: =IF(F14="Active",1-N(G14),0) -> 0
E15: =IF(D15="","",2026-D15) | H15: =IF(F15="Active",1-N(G15),0) -> 0
E16: =IF(D16="","",2026-D16) | H16: =IF(F16="Active",1-N(G16),0) -> 0
... E104: =IF(D104="","",2026-D104) | H104: =IF(F104="Active",1-N(G104),0) -> 0

Sheet Personnel
A1: Personnel
A2: One row per person in QC testing/review
A4: Name / ID | B4: Role | C4: HPLC qualified (Y/N) | D4: Years experience | E4: Contract hours / week | F4: Annual leave weeks | G4: % time on testing | H4: % time on review | I4: Available h/yr (auto) | J4: Overtime h / month (current avg) | K4: Notes
I5: =IF(E5="","",E5*(52-N(F5)-Settings!$B$6))
I6: =IF(E6="","",E6*(52-N(F6)-Settings!$B$6))
I7: =IF(E7="","",E7*(52-N(F7)-Settings!$B$6))
I8: =IF(E8="","",E8*(52-N(F8)-Settings!$B$6))
I9: =IF(E9="","",E9*(52-N(F9)-Settings!$B$6))
I10: =IF(E10="","",E10*(52-N(F10)-Settings!$B$6))
I11: =IF(E11="","",E11*(52-N(F11)-Settings!$B$6))
I12: =IF(E12="","",E12*(52-N(F12)-Settings!$B$6))
I13: =IF(E13="","",E13*(52-N(F13)-Settings!$B$6))
I14: =IF(E14="","",E14*(52-N(F14)-Settings!$B$6))
I15: =IF(E15="","",E15*(52-N(F15)-Settings!$B$6))
I16: =IF(E16="","",E16*(52-N(F16)-Settings!$B$6))
... I64: =IF(E64="","",E64*(52-N(F64)-Settings!$B$6))

Sheet Products
A1: Finished products & annual workload
A2: Family = group of strengths/variants tested with the same methods. Edit column E if a variant needs its own method.
A4: Product | B4: Active(s) (from database) | C4: # Actives | D4: Dosage form (verify) | E4: Family ID | F4: Release batches / yr (now) | G4: Stability samples / yr (now) | H4: Status | I4: Release batches / yr (future, blank = growth %) | J4: Stability samples / yr (future) | K4: Release used future (auto) | L4: Stability used future (auto) | M4: Notes
A5: Ezetimibe-Rosuvastatin 10-10 | B5: Ezetimibe, Rosuvastatin Calcium | C5: 2 | D5: Tablet | E5: F01 | H5: Marketed | K5: =IF(I5="",N(F5)*(1+Settings!$B$7),I5) -> 0 | L5: =IF(J5="",N(G5)*(1+Settings!$B$7),J5) -> 0
A6: Ezetimibe-Rosuvastatin 10-20 | B6: Ezetimibe, Rosuvastatin Calcium | C6: 2 | D6: Tablet | E6: F01 | H6: Marketed | K6: =IF(I6="",N(F6)*(1+Settings!$B$7),I6) -> 0 | L6: =IF(J6="",N(G6)*(1+Settings!$B$7),J6) -> 0
A7: Ezetimibe-Rosuvastatin 10-40 | B7: Ezetimibe, Rosuvastatin Calcium | C7: 2 | D7: Tablet | E7: F01 | H7: Marketed | K7: =IF(I7="",N(F7)*(1+Settings!$B$7),I7) -> 0 | L7: =IF(J7="",N(G7)*(1+Settings!$B$7),J7) -> 0
A8: Resmitrom (Resffera) 60 | B8: Resmetirom | C8: 1 | D8: Tablet | E8: F02 | H8: Marketed | K8: =IF(I8="",N(F8)*(1+Settings!$B$7),I8) -> 0 | L8: =IF(J8="",N(G8)*(1+Settings!$B$7),J8) -> 0
A9: Resmitrom (Resffera) 80 | B9: Resmetirom | C9: 1 | D9: Tablet | E9: F02 | H9: Marketed | K9: =IF(I9="",N(F9)*(1+Settings!$B$7),I9) -> 0 | L9: =IF(J9="",N(G9)*(1+Settings!$B$7),J9) -> 0
A10: Resmitrom (Resffera) 100 | B10: Resmetirom | C10: 1 | D10: Tablet | E10: F02 | H10: Marketed | K10: =IF(I10="",N(F10)*(1+Settings!$B$7),I10) -> 0 | L10: =IF(J10="",N(G10)*(1+Settings!$B$7),J10) -> 0
A11: Finerodyd 10 | B11: Finerenone | C11: 1 | D11: Tablet | E11: F03 | H11: Marketed | K11: =IF(I11="",N(F11)*(1+Settings!$B$7),I11) -> 0 | L11: =IF(J11="",N(G11)*(1+Settings!$B$7),J11) -> 0
A12: Finerodyd 20 | B12: Finerenone | C12: 1 | D12: Tablet | E12: F03 | H12: Marketed | K12: =IF(I12="",N(F12)*(1+Settings!$B$7),I12) -> 0 | L12: =IF(J12="",N(G12)*(1+Settings!$B$7),J12) -> 0
A13: Cardyd 20 | B13: Telmisartan | C13: 1 | D13: Tablet | E13: F04 | H13: Marketed | K13: =IF(I13="",N(F13)*(1+Settings!$B$7),I13) -> 0 | L13: =IF(J13="",N(G13)*(1+Settings!$B$7),J13) -> 0
A14: Cardyd 40 | B14: Telmisartan | C14: 1 | D14: Tablet | E14: F04 | H14: Marketed | K14: =IF(I14="",N(F14)*(1+Settings!$B$7),I14) -> 0 | L14: =IF(J14="",N(G14)*(1+Settings!$B$7),J14) -> 0
A15: Cardyd 80 | B15: Telmisartan | C15: 1 | D15: Tablet | E15: F04 | H15: Marketed | K15: =IF(I15="",N(F15)*(1+Settings!$B$7),I15) -> 0 | L15: =IF(J15="",N(G15)*(1+Settings!$B$7),J15) -> 0
A16: Cardyd-AM 80/5 | B16: Telmisartan, Amlodipine Besylate | C16: 2 | D16: Tablet | E16: F05 | H16: Marketed | K16: =IF(I16="",N(F16)*(1+Settings!$B$7),I16) -> 0 | L16: =IF(J16="",N(G16)*(1+Settings!$B$7),J16) -> 0
... A110: Hair and Skin | B110: Biotin (Vitamin B7), Folic Acid (Vitamin B9) (+7 more) | C110: 9 | D110: Tablet | E110: F64 | H110: Marketed | K110: =IF(I110="",N(F110)*(1+Settings!$B$7),I110) -> 0 | L110: =IF(J110="",N(G110)*(1+Settings!$B$7),J110) -> 0
K111: =IF(I111="",N(F111)*(1+Settings!$B$7),I111) -> 0 | L111: =IF(J111="",N(G111)*(1+Settings!$B$7),J111) -> 0
K112: =IF(I112="",N(F112)*(1+Settings!$B$7),I112) -> 0 | L112: =IF(J112="",N(G112)*(1+Settings!$B$7),J112) -> 0
K113: =IF(I113="",N(F113)*(1+Settings!$B$7),I113) -> 0 | L113: =IF(J113="",N(G113)*(1+Settings!$B$7),J113) -> 0
K114: =IF(I114="",N(F114)*(1+Settings!$B$7),I114) -> 0 | L114: =IF(J114="",N(G114)*(1+Settings!$B$7),J114) -> 0
K115: =IF(I115="",N(F115)*(1+Settings!$B$7),I115) -> 0 | L115: =IF(J115="",N(G115)*(1+Settings!$B$7),J115) -> 0
K116: =IF(I116="",N(F116)*(1+Settings!$B$7),I116) -> 0 | L116: =IF(J116="",N(G116)*(1+Settings!$B$7),J116) -> 0
K117: =IF(I117="",N(F117)*(1+Settings!$B$7),I117) -> 0 | L117: =IF(J117="",N(G117)*(1+Settings!$B$7),J117) -> 0
K118: =IF(I118="",N(F118)*(1+Settings!$B$7),I118) -> 0 | L118: =IF(J118="",N(G118)*(1+Settings!$B$7),J118) -> 0
K119: =IF(I119="",N(F119)*(1+Settings!$B$7),I119) -> 0 | L119: =IF(J119="",N(G119)*(1+Settings!$B$7),J119) -> 0
K120: =IF(I120="",N(F120)*(1+Settings!$B$7),I120) -> 0 | L120: =IF(J120="",N(G120)*(1+Settings!$B$7),J120) -> 0
K121: =IF(I121="",N(F121)*(1+Settings!$B$7),I121) -> 0 | L121: =IF(J121="",N(G121)*(1+Settings!$B$7),J121) -> 0
K122: =IF(I122="",N(F122)*(1+Settings!$B$7),I122) -> 0 | L122: =IF(J122="",N(G122)*(1+Settings!$B$7),J122) -> 0
... K154: =IF(I154="",N(F154)*(1+Settings!$B$7),I154) -> 0 | L154: =IF(J154="",N(G154)*(1+Settings!$B$7),J154) -> 0
A156: Stability samples/yr = number of stability studies running x time points pulled per year (each pull = 1 sample).

Sheet RM_Lots
A1: Raw materials & lots per year
A2: Enter number of lots received (tested) per year
A4: Material | B4: Category | C4: # products using (from database) | D4: Lots / yr (now) | E4: Lots / yr (future, blank = growth %) | F4: Lots used future (auto) | G4: Supplier / pharmacopoeia | H4: Notes
A5: Acetaminophen | B5: Active | C5: 6 | F5: =IF(E5="",N(D5)*(1+Settings!$B$7),E5) -> 0
A6: Amlodipine Besylate | B6: Active | C6: 4 | F6: =IF(E6="",N(D6)*(1+Settings!$B$7),E6) -> 0
A7: Apium Graveolens Seed Dry Extract 6:1 | B7: Active | C7: 1 | F7: =IF(E7="",N(D7)*(1+Settings!$B$7),E7) -> 0
A8: Apixaban | B8: Active | C8: 2 | F8: =IF(E8="",N(D8)*(1+Settings!$B$7),E8) -> 0
A9: Artichoke Dry Extract 25:1 | B9: Active | C9: 1 | F9: =IF(E9="",N(D9)*(1+Settings!$B$7),E9) -> 0
A10: Ascorbic Acid (Vitamin C) | B10: Active | C10: 2 | F10: =IF(E10="",N(D10)*(1+Settings!$B$7),E10) -> 0
A11: Ascorbic Acid Coated 97% | B11: Active | C11: 12 | F11: =IF(E11="",N(D11)*(1+Settings!$B$7),E11) -> 0
A12: Azelastine Hydrochloride | B12: Active | C12: 1 | F12: =IF(E12="",N(D12)*(1+Settings!$B$7),E12) -> 0
A13: Beet Root | B13: Active | C13: 1 | F13: =IF(E13="",N(D13)*(1+Settings!$B$7),E13) -> 0
A14: Bempedoic Acid | B14: Active | C14: 2 | F14: =IF(E14="",N(D14)*(1+Settings!$B$7),E14) -> 0
A15: Beta-Carotene | B15: Active | C15: 5 | F15: =IF(E15="",N(D15)*(1+Settings!$B$7),E15) -> 0
A16: Biotin (Vitamin B7) | B16: Active | C16: 5 | F16: =IF(E16="",N(D16)*(1+Settings!$B$7),E16) -> 0
... A184: Sodium Citrate Dihydrate | B184: pH Modifier / Buffer | C184: 5 | F184: =IF(E184="",N(D184)*(1+Settings!$B$7),E184) -> 0
F185: =IF(E185="",N(D185)*(1+Settings!$B$7),E185) -> 0
F186: =IF(E186="",N(D186)*(1+Settings!$B$7),E186) -> 0
F187: =IF(E187="",N(D187)*(1+Settings!$B$7),E187) -> 0
F188: =IF(E188="",N(D188)*(1+Settings!$B$7),E188) -> 0
F189: =IF(E189="",N(D189)*(1+Settings!$B$7),E189) -> 0
F190: =IF(E190="",N(D190)*(1+Settings!$B$7),E190) -> 0
F191: =IF(E191="",N(D191)*(1+Settings!$B$7),E191) -> 0
F192: =IF(E192="",N(D192)*(1+Settings!$B$7),E192) -> 0
F193: =IF(E193="",N(D193)*(1+Settings!$B$7),E193) -> 0
F194: =IF(E194="",N(D194)*(1+Settings!$B$7),E194) -> 0
F195: =IF(E195="",N(D195)*(1+Settings!$B$7),E195) -> 0
F196: =IF(E196="",N(D196)*(1+Settings!$B$7),E196) -> 0
... F224: =IF(E224="",N(D224)*(1+Settings!$B$7),E224) -> 0

Sheet Test_Times
A1: Test times catalogue (fill from interviews)
A2: Times in HOURS. One row per family/material x test. Set Applicable = N to exclude. Columns AA onward are automatic.
A4: Key (Family ID / Material) | B4: Type | C4: Description | D4: Test | E4: Lookup key (auto) | F4: Applicable (Y/N) | G4: Instrument | H4: Complexity | I4: No. of separate methods | J4: Campaign group code | K4: Setup analyst h / sequence | L4: Setup instrument h / sequence | M4: Prep analyst h/sample – MIN | N4: Prep – MOST LIKELY | O4: Prep – MAX | P4: Prep PERT (auto) | Q4: Instrument run h / sample | R4: Dissolution bath h / sample | S4: Data processing + doc h / sample | T4: Review h / sample | U4: Samples per sequence | V4: Retest / OOS % | W4: Applies to stability (Y/N) | X4: Respondent(s) / source | Y4: Confidence | Z4: Notes / difficulty | AA4: Samples/yr now (auto) | AB4: Samples/yr future (auto) | AC4: Tests sharing group (auto) | AD4: Analyst h / sample all-in (auto) | AE4: Instrument h / sample all-in (auto) | AF4: Review h / sample (auto) | AG4: Analyst h/yr NOW | AH4: Instrument h/yr NOW | AI4: Review h/yr NOW | AJ4: Dissolution h/yr NOW | AK4: Analyst h/yr FUTURE | AL4: Instrument h/yr FUTURE | AM4: Review h/yr FUTURE | AN4: Dissolution h/yr FUTURE | AO4: Data check
A5: F01 | B5: FP | C5: Ezetimibe-Rosuvastatin 10-10; Ezetimibe-Rosuvastatin 10-20; Ezetimibe-Rosuvastatin 10-40 | Ezetimibe, Rosuvastatin Calcium | D5: Assay | E5: =IF(A5="","",A5&"|"&D5) -> F01|Assay | F5: Y | G5: HPLC | H5: Medium | I5: 1 | P5: =IF(N5="",0,IF(OR(M5="",O5=""),N5,(M5+4*N5+O5)/6)) -> 0 | W5: Y | AA5: =IF(F5<>"Y",0,((SUMIF(Products!$E$5:$E$300,A5,Products!$F$5:$F$300)+SUMIF(RM_Lots!$A$5:$A$400,A5,RM_Lots!$D$5:$D$400))+IF(W5="Y",SUMIF(Products!$E$5:$E$300,A5,Products!$G$5:$G$300),0))*(1+N(V5))) -> 0 | AB5: =IF(F5<>"Y",0,((SUMIF(Products!$E$5:$E$300,A5,Products!$K$5:$K$300)+SUMIF(RM_Lots!$A$5:$A$400,A5,RM_Lots!$F$5:$F$400))+IF(W5="Y",SUMIF(Products!$E$5:$E$300,A5,Products!$L$5:$L$300),0))*(1+N(V5))) -> 0 | AC5: =IF(J5="",1,MAX(1,COUNTIFS($J$5:$J$863,J5,$F$5:$F$863,"Y"))) -> 1 | AD5: =(MAX(1,N(I5))*(P5+N(S5))+MAX(1,N(I5))*N(K5)/(MAX(1,N(U5))*AC5))*Settings!$B$9 -> 0 | AE5: =(MAX(1,N(I5))*N(Q5)+MAX(1,N(I5))*N(L5)/(MAX(1,N(U5))*AC5))*Settings!$B$8 -> 0 | AF5: =MAX(1,N(I5))*N(T5) -> 0 | AG5: =AA5*N(AD5) -> 0 | AH5: =AA5*N(AE5) -> 0 | AI5: =AA5*N(AF5) -> 0 | AJ5: =AA5*N(R5) -> 0 | AK5: =AB5*N(AD5) -> 0 | AL5: =AB5*N(AE5) -> 0 | AM5: =AB5*N(AF5) -> 0 | AN5: =AB5*N(R5) -> 0 | AO5: =IF(F5<>"Y","n/a",IF(AND(N5<>"",OR(Q5<>"",G5="Other / bench",G5="None"),U5<>""),"OK","Missing")) -> Missing
A6: F01 | B6: FP | C6: Ezetimibe-Rosuvastatin 10-10; Ezetimibe-Rosuvastatin 10-20; Ezetimibe-Rosuvastatin 10-40 | Ezetimibe, Rosuvastatin Calcium | D6: Related substances / impurities | E6: =IF(A6="","",A6&"|"&D6) -> F01|Related substances / impurities | F6: Y | G6: HPLC | H6: Medium | I6: 1 | P6: =IF(N6="",0,IF(OR(M6="",O6=""),N6,(M6+4*N6+O6)/6)) -> 0 | W6: Y | AA6: =IF(F6<>"Y",0,((SUMIF(Products!$E$5:$E$300,A6,Products!$F$5:$F$300)+SUMIF(RM_Lots!$A$5:$A$400,A6,RM_Lots!$D$5:$D$400))+IF(W6="Y",SUMIF(Products!$E$5:$E$300,A6,Products!$G$5:$G$300),0))*(1+N(V6))) -> 0 | AB6: =IF(F6<>"Y",0,((SUMIF(Products!$E$5:$E$300,A6,Products!$K$5:$K$300)+SUMIF(RM_Lots!$A$5:$A$400,A6,RM_Lots!$F$5:$F$400))+IF(W6="Y",SUMIF(Products!$E$5:$E$300,A6,Products!$L$5:$L$300),0))*(1+N(V6))) -> 0 | AC6: =IF(J6="",1,MAX(1,COUNTIFS($J$5:$J$863,J6,$F$5:$F$863,"Y"))) -> 1 | AD6: =(MAX(1,N(I6))*(P6+N(S6))+MAX(1,N(I6))*N(K6)/(MAX(1,N(U6))*AC6))*Settings!$B$9 -> 0 | AE6: =(MAX(1,N(I6))*N(Q6)+MAX(1,N(I6))*N(L6)/(MAX(1,N(U6))*AC6))*Settings!$B$8 -> 0 | AF6: =MAX(1,N(I6))*N(T6) -> 0 | AG6: =AA6*N(AD6) -> 0 | AH6: =AA6*N(AE6) -> 0 | AI6: =AA6*N(AF6) -> 0 | AJ6: =AA6*N(R6) -> 0 | AK6: =AB6*N(AD6) -> 0 | AL6: =AB6*N(AE6) -> 0 | AM6: =AB6*N(AF6) -> 0 | AN6: =AB6*N(R6) -> 0 | AO6: =IF(F6<>"Y","n/a",IF(AND(N6<>"",OR(Q6<>"",G6="Other / bench",G6="None"),U6<>""),"OK","Missing")) -> Missing
A7: F01 | B7: FP | C7: Ezetimibe-Rosuvastatin 10-10; Ezetimibe-Rosuvastatin 10-20; Ezetimibe-Rosuvastatin 10-40 | Ezetimibe, Rosuvastatin Calcium | D7: Dissolution | E7: =IF(A7="","",A7&"|"&D7) -> F01|Dissolution | F7: Y | G7: HPLC | H7: Medium | I7: 1 | P7: =IF(N7="",0,IF(OR(M7="",O7=""),N7,(M7+4*N7+O7)/6)) -> 0 | W7: Y | AA7: =IF(F7<>"Y",0,((SUMIF(Products!$E$5:$E$300,A7,Products!$F$5:$F$300)+SUMIF(RM_Lots!$A$5:$A$400,A7,RM_Lots!$D$5:$D$400))+IF(W7="Y",SUMIF(Products!$E$5:$E$300,A7,Products!$G$5:$G$300),0))*(1+N(V7))) -> 0 | AB7: =IF(F7<>"Y",0,((SUMIF(Products!$E$5:$E$300,A7,Products!$K$5:$K$300)+SUMIF(RM_Lots!$A$5:$A$400,A7,RM_Lots!$F$5:$F$400))+IF(W7="Y",SUMIF(Products!$E$5:$E$300,A7,Products!$L$5:$L$300),0))*(1+N(V7))) -> 0 | AC7: =IF(J7="",1,MAX(1,COUNTIFS($J$5:$J$863,J7,$F$5:$F$863,"Y"))) -> 1 | AD7: =(MAX(1,N(I7))*(P7+N(S7))+MAX(1,N(I7))*N(K7)/(MAX(1,N(U7))*AC7))*Settings!$B$9 -> 0 | AE7: =(MAX(1,N(I7))*N(Q7)+MAX(1,N(I7))*N(L7)/(MAX(1,N(U7))*AC7))*Settings!$B$8 -> 0 | AF7: =MAX(1,N(I7))*N(T7) -> 0 | AG7: =AA7*N(AD7) -> 0 | AH7: =AA7*N(AE7) -> 0 | AI7: =AA7*N(AF7) -> 0 | AJ7: =AA7*N(R7) -> 0 | AK7: =AB7*N(AD7) -> 0 | AL7: =AB7*N(AE7) -> 0 | AM7: =AB7*N(AF7) -> 0 | AN7: =AB7*N(R7) -> 0 | AO7: =IF(F7<>"Y","n/a",IF(AND(N7<>"",OR(Q7<>"",G7="Other / bench",G7="None"),U7<>""),"OK","Missing")) -> Missing
A8: F01 | B8: FP | C8: Ezetimibe-Rosuvastatin 10-10; Ezetimibe-Rosuvastatin 10-20; Ezetimibe-Rosuvastatin 10-40 | Ezetimibe, Rosuvastatin Calcium | D8: Content uniformity | E8: =IF(A8="","",A8&"|"&D8) -> F01|Content uniformity | F8: Y | G8: HPLC | H8: Medium | I8: 1 | P8: =IF(N8="",0,IF(OR(M8="",O8=""),N8,(M8+4*N8+O8)/6)) -> 0 | W8: N | AA8: =IF(F8<>"Y",0,((SUMIF(Products!$E$5:$E$300,A8,Products!$F$5:$F$300)+SUMIF(RM_Lots!$A$5:$A$400,A8,RM_Lots!$D$5:$D$400))+IF(W8="Y",SUMIF(Products!$E$5:$E$300,A8,Products!$G$5:$G$300),0))*(1+N(V8))) -> 0 | AB8: =IF(F8<>"Y",0,((SUMIF(Products!$E$5:$E$300,A8,Products!$K$5:$K$300)+SUMIF(RM_Lots!$A$5:$A$400,A8,RM_Lots!$F$5:$F$400))+IF(W8="Y",SUMIF(Products!$E$5:$E$300,A8,Products!$L$5:$L$300),0))*(1+N(V8))) -> 0 | AC8: =IF(J8="",1,MAX(1,COUNTIFS($J$5:$J$863,J8,$F$5:$F$863,"Y"))) -> 1 | AD8: =(MAX(1,N(I8))*(P8+N(S8))+MAX(1,N(I8))*N(K8)/(MAX(1,N(U8))*AC8))*Settings!$B$9 -> 0 | AE8: =(MAX(1,N(I8))*N(Q8)+MAX(1,N(I8))*N(L8)/(MAX(1,N(U8))*AC8))*Settings!$B$8 -> 0 | AF8: =MAX(1,N(I8))*N(T8) -> 0 | AG8: =AA8*N(AD8) -> 0 | AH8: =AA8*N(AE8) -> 0 | AI8: =AA8*N(AF8) -> 0 | AJ8: =AA8*N(R8) -> 0 | AK8: =AB8*N(AD8) -> 0 | AL8: =AB8*N(AE8) -> 0 | AM8: =AB8*N(AF8) -> 0 | AN8: =AB8*N(R8) -> 0 | AO8: =IF(F8<>"Y","n/a",IF(AND(N8<>"",OR(Q8<>"",G8="Other / bench",G8="None"),U8<>""),"OK","Missing")) -> Missing
A9: F01 | B9: FP | C9: Ezetimibe-Rosuvastatin 10-10; Ezetimibe-Rosuvastatin 10-20; Ezetimibe-Rosuvastatin 10-40 | Ezetimibe, Rosuvastatin Calcium | D9: Identification (if separate from assay) | E9: =IF(A9="","",A9&"|"&D9) -> F01|Identification (if separate from assay) | F9: N | G9: HPLC | H9: Medium | I9: 1 | P9: =IF(N9="",0,IF(OR(M9="",O9=""),N9,(M9+4*N9+O9)/6)) -> 0 | W9: N | AA9: =IF(F9<>"Y",0,((SUMIF(Products!$E$5:$E$300,A9,Products!$F$5:$F$300)+SUMIF(RM_Lots!$A$5:$A$400,A9,RM_Lots!$D$5:$D$400))+IF(W9="Y",SUMIF(Products!$E$5:$E$300,A9,Products!$G$5:$G$300),0))*(1+N(V9))) -> 0 | AB9: =IF(F9<>"Y",0,((SUMIF(Products!$E$5:$E$300,A9,Products!$K$5:$K$300)+SUMIF(RM_Lots!$A$5:$A$400,A9,RM_Lots!$F$5:$F$400))+IF(W9="Y",SUMIF(Products!$E$5:$E$300,A9,Products!$L$5:$L$300),0))*(1+N(V9))) -> 0 | AC9: =IF(J9="",1,MAX(1,COUNTIFS($J$5:$J$863,J9,$F$5:$F$863,"Y"))) -> 1 | AD9: =(MAX(1,N(I9))*(P9+N(S9))+MAX(1,N(I9))*N(K9)/(MAX(1,N(U9))*AC9))*Settings!$B$9 -> 0 | AE9: =(MAX(1,N(I9))*N(Q9)+MAX(1,N(I9))*N(L9)/(MAX(1,N(U9))*AC9))*Settings!$B$8 -> 0 | AF9: =MAX(1,N(I9))*N(T9) -> 0 | AG9: =AA9*N(AD9) -> 0 | AH9: =AA9*N(AE9) -> 0 | AI9: =AA9*N(AF9) -> 0 | AJ9: =AA9*N(R9) -> 0 | AK9: =AB9*N(AD9) -> 0 | AL9: =AB9*N(AE9) -> 0 | AM9: =AB9*N(AF9) -> 0 | AN9: =AB9*N(R9) -> 0 | AO9: =IF(F9<>"Y","n/a",IF(AND(N9<>"",OR(Q9<>"",G9="Other / bench",G9="None"),U9<>""),"OK","Missing")) -> n/a
A10: F01 | B10: FP | C10: Ezetimibe-Rosuvastatin 10-10; Ezetimibe-Rosuvastatin 10-20; Ezetimibe-Rosuvastatin 10-40 | Ezetimibe, Rosuvastatin Calcium | D10: Other tests (non-HPLC: physical, LOD/KF, disintegration, pH, micro...) | E10: =IF(A10="","",A10&"|"&D10) -> F01|Other tests (non-HPLC: physical, LOD/KF, disintegration, pH, micro...) | F10: Y | G10: Other / bench | H10: Medium | I10: 1 | P10: =IF(N10="",0,IF(OR(M10="",O10=""),N10,(M10+4*N10+O10)/6)) -> 0 | W10: Y | AA10: =IF(F10<>"Y",0,((SUMIF(Products!$E$5:$E$300,A10,Products!$F$5:$F$300)+SUMIF(RM_Lots!$A$5:$A$400,A10,RM_Lots!$D$5:$D$400))+IF(W10="Y",SUMIF(Products!$E$5:$E$300,A10,Products!$G$5:$G$300),0))*(1+N(V10))) -> 0 | AB10: =IF(F10<>"Y",0,((SUMIF(Products!$E$5:$E$300,A10,Products!$K$5:$K$300)+SUMIF(RM_Lots!$A$5:$A$400,A10,RM_Lots!$F$5:$F$400))+IF(W10="Y",SUMIF(Products!$E$5:$E$300,A10,Products!$L$5:$L$300),0))*(1+N(V10))) -> 0 | AC10: =IF(J10="",1,MAX(1,COUNTIFS($J$5:$J$863,J10,$F$5:$F$863,"Y"))) -> 1 | AD10: =(MAX(1,N(I10))*(P10+N(S10))+MAX(1,N(I10))*N(K10)/(MAX(1,N(U10))*AC10))*Settings!$B$9 -> 0 | AE10: =(MAX(1,N(I10))*N(Q10)+MAX(1,N(I10))*N(L10)/(MAX(1,N(U10))*AC10))*Settings!$B$8 -> 0 | AF10: =MAX(1,N(I10))*N(T10) -> 0 | AG10: =AA10*N(AD10) -> 0 | AH10: =AA10*N(AE10) -> 0 | AI10: =AA10*N(AF10) -> 0 | AJ10: =AA10*N(R10) -> 0 | AK10: =AB10*N(AD10) -> 0 | AL10: =AB10*N(AE10) -> 0 | AM10: =AB10*N(AF10) -> 0 | AN10: =AB10*N(R10) -> 0 | AO10: =IF(F10<>"Y","n/a",IF(AND(N10<>"",OR(Q10<>"",G10="Other / bench",G10="None"),U10<>""),"OK","Missing")) -> Missing
A11: F02 | B11: FP | C11: Resmitrom (Resffera) 60; Resmitrom (Resffera) 80; Resmitrom (Resffera) 100 | Resmetirom | D11: Assay | E11: =IF(A11="","",A11&"|"&D11) -> F02|Assay | F11: Y | G11: HPLC | H11: Low | I11: 1 | P11: =IF(N11="",0,IF(OR(M11="",O11=""),N11,(M11+4*N11+O11)/6)) -> 0 | W11: Y | AA11: =IF(F11<>"Y",0,((SUMIF(Products!$E$5:$E$300,A11,Products!$F$5:$F$300)+SUMIF(RM_Lots!$A$5:$A$400,A11,RM_Lots!$D$5:$D$400))+IF(W11="Y",SUMIF(Products!$E$5:$E$300,A11,Products!$G$5:$G$300),0))*(1+N(V11))) -> 0 | AB11: =IF(F11<>"Y",0,((SUMIF(Products!$E$5:$E$300,A11,Products!$K$5:$K$300)+SUMIF(RM_Lots!$A$5:$A$400,A11,RM_Lots!$F$5:$F$400))+IF(W11="Y",SUMIF(Products!$E$5:$E$300,A11,Products!$L$5:$L$300),0))*(1+N(V11))) -> 0 | AC11: =IF(J11="",1,MAX(1,COUNTIFS($J$5:$J$863,J11,$F$5:$F$863,"Y"))) -> 1 | AD11: =(MAX(1,N(I11))*(P11+N(S11))+MAX(1,N(I11))*N(K11)/(MAX(1,N(U11))*AC11))*Settings!$B$9 -> 0 | AE11: =(MAX(1,N(I11))*N(Q11)+MAX(1,N(I11))*N(L11)/(MAX(1,N(U11))*AC11))*Settings!$B$8 -> 0 | AF11: =MAX(1,N(I11))*N(T11) -> 0 | AG11: =AA11*N(AD11) -> 0 | AH11: =AA11*N(AE11) -> 0 | AI11: =AA11*N(AF11) -> 0 | AJ11: =AA11*N(R11) -> 0 | AK11: =AB11*N(AD11) -> 0 | AL11: =AB11*N(AE11) -> 0 | AM11: =AB11*N(AF11) -> 0 | AN11: =AB11*N(R11) -> 0 | AO11: =IF(F11<>"Y","n/a",IF(AND(N11<>"",OR(Q11<>"",G11="Other / bench",G11="None"),U11<>""),"OK","Missing")) -> Missing
A12: F02 | B12: FP | C12: Resmitrom (Resffera) 60; Resmitrom (Resffera) 80; Resmitrom (Resffera) 100 | Resmetirom | D12: Related substances / impurities | E12: =IF(A12="","",A12&"|"&D12) -> F02|Related substances / impurities | F12: Y | G12: HPLC | H12: Low | I12: 1 | P12: =IF(N12="",0,IF(OR(M12="",O12=""),N12,(M12+4*N12+O12)/6)) -> 0 | W12: Y | AA12: =IF(F12<>"Y",0,((SUMIF(Products!$E$5:$E$300,A12,Products!$F$5:$F$300)+SUMIF(RM_Lots!$A$5:$A$400,A12,RM_Lots!$D$5:$D$400))+IF(W12="Y",SUMIF(Products!$E$5:$E$300,A12,Products!$G$5:$G$300),0))*(1+N(V12))) -> 0 | AB12: =IF(F12<>"Y",0,((SUMIF(Products!$E$5:$E$300,A12,Products!$K$5:$K$300)+SUMIF(RM_Lots!$A$5:$A$400,A12,RM_Lots!$F$5:$F$400))+IF(W12="Y",SUMIF(Products!$E$5:$E$300,A12,Products!$L$5:$L$300),0))*(1+N(V12))) -> 0 | AC12: =IF(J12="",1,MAX(1,COUNTIFS($J$5:$J$863,J12,$F$5:$F$863,"Y"))) -> 1 | AD12: =(MAX(1,N(I12))*(P12+N(S12))+MAX(1,N(I12))*N(K12)/(MAX(1,N(U12))*AC12))*Settings!$B$9 -> 0 | AE12: =(MAX(1,N(I12))*N(Q12)+MAX(1,N(I12))*N(L12)/(MAX(1,N(U12))*AC12))*Settings!$B$8 -> 0 | AF12: =MAX(1,N(I12))*N(T12) -> 0 | AG12: =AA12*N(AD12) -> 0 | AH12: =AA12*N(AE12) -> 0 | AI12: =AA12*N(AF12) -> 0 | AJ12: =AA12*N(R12) -> 0 | AK12: =AB12*N(AD12) -> 0 | AL12: =AB12*N(AE12) -> 0 | AM12: =AB12*N(AF12) -> 0 | AN12: =AB12*N(R12) -> 0 | AO12: =IF(F12<>"Y","n/a",IF(AND(N12<>"",OR(Q12<>"",G12="Other / bench",G12="None"),U12<>""),"OK","Missing")) -> Missing
A13: F02 | B13: FP | C13: Resmitrom (Resffera) 60; Resmitrom (Resffera) 80; Resmitrom (Resffera) 100 | Resmetirom | D13: Dissolution | E13: =IF(A13="","",A13&"|"&D13) -> F02|Dissolution | F13: Y | G13: HPLC | H13: Low | I13: 1 | P13: =IF(N13="",0,IF(OR(M13="",O13=""),N13,(M13+4*N13+O13)/6)) -> 0 | W13: Y | AA13: =IF(F13<>"Y",0,((SUMIF(Products!$E$5:$E$300,A13,Products!$F$5:$F$300)+SUMIF(RM_Lots!$A$5:$A$400,A13,RM_Lots!$D$5:$D$400))+IF(W13="Y",SUMIF(Products!$E$5:$E$300,A13,Products!$G$5:$G$300),0))*(1+N(V13))) -> 0 | AB13: =IF(F13<>"Y",0,((SUMIF(Products!$E$5:$E$300,A13,Products!$K$5:$K$300)+SUMIF(RM_Lots!$A$5:$A$400,A13,RM_Lots!$F$5:$F$400))+IF(W13="Y",SUMIF(Products!$E$5:$E$300,A13,Products!$L$5:$L$300),0))*(1+N(V13))) -> 0 | AC13: =IF(J13="",1,MAX(1,COUNTIFS($J$5:$J$863,J13,$F$5:$F$863,"Y"))) -> 1 | AD13: =(MAX(1,N(I13))*(P13+N(S13))+MAX(1,N(I13))*N(K13)/(MAX(1,N(U13))*AC13))*Settings!$B$9 -> 0 | AE13: =(MAX(1,N(I13))*N(Q13)+MAX(1,N(I13))*N(L13)/(MAX(1,N(U13))*AC13))*Settings!$B$8 -> 0 | AF13: =MAX(1,N(I13))*N(T13) -> 0 | AG13: =AA13*N(AD13) -> 0 | AH13: =AA13*N(AE13) -> 0 | AI13: =AA13*N(AF13) -> 0 | AJ13: =AA13*N(R13) -> 0 | AK13: =AB13*N(AD13) -> 0 | AL13: =AB13*N(AE13) -> 0 | AM13: =AB13*N(AF13) -> 0 | AN13: =AB13*N(R13) -> 0 | AO13: =IF(F13<>"Y","n/a",IF(AND(N13<>"",OR(Q13<>"",G13="Other / bench",G13="None"),U13<>""),"OK","Missing")) -> Missing
A14: F02 | B14: FP | C14: Resmitrom (Resffera) 60; Resmitrom (Resffera) 80; Resmitrom (Resffera) 100 | Resmetirom | D14: Content uniformity | E14: =IF(A14="","",A14&"|"&D14) -> F02|Content uniformity | F14: Y | G14: HPLC | H14: Low | I14: 1 | P14: =IF(N14="",0,IF(OR(M14="",O14=""),N14,(M14+4*N14+O14)/6)) -> 0 | W14: N | AA14: =IF(F14<>"Y",0,((SUMIF(Products!$E$5:$E$300,A14,Products!$F$5:$F$300)+SUMIF(RM_Lots!$A$5:$A$400,A14,RM_Lots!$D$5:$D$400))+IF(W14="Y",SUMIF(Products!$E$5:$E$300,A14,Products!$G$5:$G$300),0))*(1+N(V14))) -> 0 | AB14: =IF(F14<>"Y",0,((SUMIF(Products!$E$5:$E$300,A14,Products!$K$5:$K$300)+SUMIF(RM_Lots!$A$5:$A$400,A14,RM_Lots!$F$5:$F$400))+IF(W14="Y",SUMIF(Products!$E$5:$E$300,A14,Products!$L$5:$L$300),0))*(1+N(V14))) -> 0 | AC14: =IF(J14="",1,MAX(1,COUNTIFS($J$5:$J$863,J14,$F$5:$F$863,"Y"))) -> 1 | AD14: =(MAX(1,N(I14))*(P14+N(S14))+MAX(1,N(I14))*N(K14)/(MAX(1,N(U14))*AC14))*Settings!$B$9 -> 0 | AE14: =(MAX(1,N(I14))*N(Q14)+MAX(1,N(I14))*N(L14)/(MAX(1,N(U14))*AC14))*Settings!$B$8 -> 0 | AF14: =MAX(1,N(I14))*N(T14) -> 0 | AG14: =AA14*N(AD14) -> 0 | AH14: =AA14*N(AE14) -> 0 | AI14: =AA14*N(AF14) -> 0 | AJ14: =AA14*N(R14) -> 0 | AK14: =AB14*N(AD14) -> 0 | AL14: =AB14*N(AE14) -> 0 | AM14: =AB14*N(AF14) -> 0 | AN14: =AB14*N(R14) -> 0 | AO14: =IF(F14<>"Y","n/a",IF(AND(N14<>"",OR(Q14<>"",G14="Other / bench",G14="None"),U14<>""),"OK","Missing")) -> Missing
A15: F02 | B15: FP | C15: Resmitrom (Resffera) 60; Resmitrom (Resffera) 80; Resmitrom (Resffera) 100 | Resmetirom | D15: Identification (if separate from assay) | E15: =IF(A15="","",A15&"|"&D15) -> F02|Identification (if separate from assay) | F15: N | G15: HPLC | H15: Low | I15: 1 | P15: =IF(N15="",0,IF(OR(M15="",O15=""),N15,(M15+4*N15+O15)/6)) -> 0 | W15: N | AA15: =IF(F15<>"Y",0,((SUMIF(Products!$E$5:$E$300,A15,Products!$F$5:$F$300)+SUMIF(RM_Lots!$A$5:$A$400,A15,RM_Lots!$D$5:$D$400))+IF(W15="Y",SUMIF(Products!$E$5:$E$300,A15,Products!$G$5:$G$300),0))*(1+N(V15))) -> 0 | AB15: =IF(F15<>"Y",0,((SUMIF(Products!$E$5:$E$300,A15,Products!$K$5:$K$300)+SUMIF(RM_Lots!$A$5:$A$400,A15,RM_Lots!$F$5:$F$400))+IF(W15="Y",SUMIF(Products!$E$5:$E$300,A15,Products!$L$5:$L$300),0))*(1+N(V15))) -> 0 | AC15: =IF(J15="",1,MAX(1,COUNTIFS($J$5:$J$863,J15,$F$5:$F$863,"Y"))) -> 1 | AD15: =(MAX(1,N(I15))*(P15+N(S15))+MAX(1,N(I15))*N(K15)/(MAX(1,N(U15))*AC15))*Settings!$B$9 -> 0 | AE15: =(MAX(1,N(I15))*N(Q15)+MAX(1,N(I15))*N(L15)/(MAX(1,N(U15))*AC15))*Settings!$B$8 -> 0 | AF15: =MAX(1,N(I15))*N(T15) -> 0 | AG15: =AA15*N(AD15) -> 0 | AH15: =AA15*N(AE15) -> 0 | AI15: =AA15*N(AF15) -> 0 | AJ15: =AA15*N(R15) -> 0 | AK15: =AB15*N(AD15) -> 0 | AL15: =AB15*N(AE15) -> 0 | AM15: =AB15*N(AF15) -> 0 | AN15: =AB15*N(R15) -> 0 | AO15: =IF(F15<>"Y","n/a",IF(AND(N15<>"",OR(Q15<>"",G15="Other / bench",G15="None"),U15<>""),"OK","Missing")) -> n/a
A16: F02 | B16: FP | C16: Resmitrom (Resffera) 60; Resmitrom (Resffera) 80; Resmitrom (Resffera) 100 | Resmetirom | D16: Other tests (non-HPLC: physical, LOD/KF, disintegration, pH, micro...) | E16: =IF(A16="","",A16&"|"&D16) -> F02|Other tests (non-HPLC: physical, LOD/KF, disintegration, pH, micro...) | F16: Y | G16: Other / bench | H16: Low | I16: 1 | P16: =IF(N16="",0,IF(OR(M16="",O16=""),N16,(M16+4*N16+O16)/6)) -> 0 | W16: Y | AA16: =IF(F16<>"Y",0,((SUMIF(Products!$E$5:$E$300,A16,Products!$F$5:$F$300)+SUMIF(RM_Lots!$A$5:$A$400,A16,RM_Lots!$D$5:$D$400))+IF(W16="Y",SUMIF(Products!$E$5:$E$300,A16,Products!$G$5:$G$300),0))*(1+N(V16))) -> 0 | AB16: =IF(F16<>"Y",0,((SUMIF(Products!$E$5:$E$300,A16,Products!$K$5:$K$300)+SUMIF(RM_Lots!$A$5:$A$400,A16,RM_Lots!$F$5:$F$400))+IF(W16="Y",SUMIF(Products!$E$5:$E$300,A16,Products!$L$5:$L$300),0))*(1+N(V16))) -> 0 | AC16: =IF(J16="",1,MAX(1,COUNTIFS($J$5:$J$863,J16,$F$5:$F$863,"Y"))) -> 1 | AD16: =(MAX(1,N(I16))*(P16+N(S16))+MAX(1,N(I16))*N(K16)/(MAX(1,N(U16))*AC16))*Settings!$B$9 -> 0 | AE16: =(MAX(1,N(I16))*N(Q16)+MAX(1,N(I16))*N(L16)/(MAX(1,N(U16))*AC16))*Settings!$B$8 -> 0 | AF16: =MAX(1,N(I16))*N(T16) -> 0 | AG16: =AA16*N(AD16) -> 0 | AH16: =AA16*N(AE16) -> 0 | AI16: =AA16*N(AF16) -> 0 | AJ16: =AA16*N(R16) -> 0 | AK16: =AB16*N(AD16) -> 0 | AL16: =AB16*N(AE16) -> 0 | AM16: =AB16*N(AF16) -> 0 | AN16: =AB16*N(R16) -> 0 | AO16: =IF(F16<>"Y","n/a",IF(AND(N16<>"",OR(Q16<>"",G16="Other / bench",G16="None"),U16<>""),"OK","Missing")) -> Missing
... A119: F19 | B119: FP | C119: Ozanimod 0.23/0.46; Ozanimod 0.92 mg | Ozanimod Hydrochloride | D119: Other tests (non-HPLC: physical, LOD/KF, disintegration, pH, micro...) | E119: =IF(A119="","",A119&"|"&D119) -> F19|Other tests (non-HPLC: physical, LOD/KF, disintegration, pH, micro...) | F119: Y | G119: Other / bench | H119: Low | I119: 1 | P119: =IF(N119="",0,IF(OR(M119="",O119=""),N119,(M119+4*N119+O119)/6)) -> 0 | W119: Y | AA119: =IF(F119<>"Y",0,((SUMIF(Products!$E$5:$E$300,A119,Products!$F$5:$F$300)+SUMIF(RM_Lots!$A$5:$A$400,A119,RM_Lots!$D$5:$D$400))+IF(W119="Y",SUMIF(Products!$E$5:$E$300,A119,Products!$G$5:$G$300),0))*(1+N(V119))) -> 0 | AB119: =IF(F119<>"Y",0,((SUMIF(Products!$E$5:$E$300,A119,Products!$K$5:$K$300)+SUMIF(RM_Lots!$A$5:$A$400,A119,RM_Lots!$F$5:$F$400))+IF(W119="Y",SUMIF(Products!$E$5:$E$300,A119,Products!$L$5:$L$300),0))*(1+N(V119))) -> 0 | AC119: =IF(J119="",1,MAX(1,COUNTIFS($J$5:$J$863,J119,$F$5:$F$863,"Y"))) -> 1 | AD119: =(MAX(1,N(I119))*(P119+N(S119))+MAX(1,N(I119))*N(K119)/(MAX(1,N(U119))*AC119))*Settings!$B$9 -> 0 | AE119: =(MAX(1,N(I119))*N(Q119)+MAX(1,N(I119))*N(L119)/(MAX(1,N(U119))*AC119))*Settings!$B$8 -> 0 | AF119: =MAX(1,N(I119))*N(T119) -> 0 | AG119: =AA119*N(AD119) -> 0 | AH119: =AA119*N(AE119) -> 0 | AI119: =AA119*N(AF119) -> 0 | AJ119: =AA119*N(R119) -> 0 | AK119: =AB119*N(AD119) -> 0 | AL119: =AB119*N(AE119) -> 0 | AM119: =AB119*N(AF119) -> 0 | AN119: =AB119*N(R119) -> 0 | AO119: =IF(F119<>"Y","n/a",IF(AND(N119<>"",OR(Q119<>"",G119="Other / bench",G119="None"),U119<>""),"OK","Missing")) -> Missing
A120: F20 | B120: FP | C120: Flusip Cold and cough-Day; Flusip Cold and Cough-Day (Sugar Free); Flusip Cold and Cough-N | Acetaminophen, Phenylephrine HCl (+2 more) | D120: Assay | E120: =IF(A120="","",A120&"|"&D120) -> F20|Assay | F120: Y | G120: HPLC | H120: High | I120: 1 | P120: =IF(N120="",0,IF(OR(M120="",O120=""),N120,(M120+4*N120+O120)/6)) -> 0 | W120: Y | Z120: Multi-active product: enter number of separate HPLC/AAS methods in col I | AA120: =IF(F120<>"Y",0,((SUMIF(Products!$E$5:$E$300,A120,Products!$F$5:$F$300)+SUMIF(RM_Lots!$A$5:$A$400,A120,RM_Lots!$D$5:$D$400))+IF(W120="Y",SUMIF(Products!$E$5:$E$300,A120,Products!$G$5:$G$300),0))*(1+N(V120))) -> 0 | AB120: =IF(F120<>"Y",0,((SUMIF(Products!$E$5:$E$300,A120,Products!$K$5:$K$300)+SUMIF(RM_Lots!$A$5:$A$400,A120,RM_Lots!$F$5:$F$400))+IF(W120="Y",SUMIF(Products!$E$5:$E$300,A120,Products!$L$5:$L$300),0))*(1+N(V120))) -> 0 | AC120: =IF(J120="",1,MAX(1,COUNTIFS($J$5:$J$863,J120,$F$5:$F$863,"Y"))) -> 1 | AD120: =(MAX(1,N(I120))*(P120+N(S120))+MAX(1,N(I120))*N(K120)/(MAX(1,N(U120))*AC120))*Settings!$B$9 -> 0 | AE120: =(MAX(1,N(I120))*N(Q120)+MAX(1,N(I120))*N(L120)/(MAX(1,N(U120))*AC120))*Settings!$B$8 -> 0 | AF120: =MAX(1,N(I120))*N(T120) -> 0 | AG120: =AA120*N(AD120) -> 0 | AH120: =AA120*N(AE120) -> 0 | AI120: =AA120*N(AF120) -> 0 | AJ120: =AA120*N(R120) -> 0 | AK120: =AB120*N(AD120) -> 0 | AL120: =AB120*N(AE120) -> 0 | AM120: =AB120*N(AF120) -> 0 | AN120: =AB120*N(R120) -> 0 | AO120: =IF(F120<>"Y","n/a",IF(AND(N120<>"",OR(Q120<>"",G120="Other / bench",G120="None"),U120<>""),"OK","Missing")) -> Missing
A121: F20 | B121: FP | C121: Flusip Cold and cough-Day; Flusip Cold and Cough-Day (Sugar Free); Flusip Cold and Cough-N | Acetaminophen, Phenylephrine HCl (+2 more) | D121: Related substances / impurities | E121: =IF(A121="","",A121&"|"&D121) -> F20|Related substances / impurities | F121: N | G121: HPLC | H121: High | I121: 1 | P121: =IF(N121="",0,IF(OR(M121="",O121=""),N121,(M121+4*N121+O121)/6)) -> 0 | W121: Y | AA121: =IF(F121<>"Y",0,((SUMIF(Products!$E$5:$E$300,A121,Products!$F$5:$F$300)+SUMIF(RM_Lots!$A$5:$A$400,A121,RM_Lots!$D$5:$D$400))+IF(W121="Y",SUMIF(Products!$E$5:$E$300,A121,Products!$G$5:$G$300),0))*(1+N(V121))) -> 0 | AB121: =IF(F121<>"Y",0,((SUMIF(Products!$E$5:$E$300,A121,Products!$K$5:$K$300)+SUMIF(RM_Lots!$A$5:$A$400,A121,RM_Lots!$F$5:$F$400))+IF(W121="Y",SUMIF(Products!$E$5:$E$300,A121,Products!$L$5:$L$300),0))*(1+N(V121))) -> 0 | AC121: =IF(J121="",1,MAX(1,COUNTIFS($J$5:$J$863,J121,$F$5:$F$863,"Y"))) -> 1 | AD121: =(MAX(1,N(I121))*(P121+N(S121))+MAX(1,N(I121))*N(K121)/(MAX(1,N(U121))*AC121))*Settings!$B$9 -> 0 | AE121: =(MAX(1,N(I121))*N(Q121)+MAX(1,N(I121))*N(L121)/(MAX(1,N(U121))*AC121))*Settings!$B$8 -> 0 | AF121: =MAX(1,N(I121))*N(T121) -> 0 | AG121: =AA121*N(AD121) -> 0 | AH121: =AA121*N(AE121) -> 0 | AI121: =AA121*N(AF121) -> 0 | AJ121: =AA121*N(R121) -> 0 | AK121: =AB121*N(AD121) -> 0 | AL121: =AB121*N(AE121) -> 0 | AM121: =AB121*N(AF121) -> 0 | AN121: =AB121*N(R121) -> 0 | AO121: =IF(F121<>"Y","n/a",IF(AND(N121<>"",OR(Q121<>"",G121="Other / bench",G121="None"),U121<>""),"OK","Missing")) -> n/a
A122: F20 | B122: FP | C122: Flusip Cold and cough-Day; Flusip Cold and Cough-Day (Sugar Free); Flusip Cold and Cough-N | Acetaminophen, Phenylephrine HCl (+2 more) | D122: Dissolution | E122: =IF(A122="","",A122&"|"&D122) -> F20|Dissolution | F122: Y | G122: HPLC | H122: High | I122: 1 | P122: =IF(N122="",0,IF(OR(M122="",O122=""),N122,(M122+4*N122+O122)/6)) -> 0 | W122: Y | AA122: =IF(F122<>"Y",0,((SUMIF(Products!$E$5:$E$300,A122,Products!$F$5:$F$300)+SUMIF(RM_Lots!$A$5:$A$400,A122,RM_Lots!$D$5:$D$400))+IF(W122="Y",SUMIF(Products!$E$5:$E$300,A122,Products!$G$5:$G$300),0))*(1+N(V122))) -> 0 | AB122: =IF(F122<>"Y",0,((SUMIF(Products!$E$5:$E$300,A122,Products!$K$5:$K$300)+SUMIF(RM_Lots!$A$5:$A$400,A122,RM_Lots!$F$5:$F$400))+IF(W122="Y",SUMIF(Products!$E$5:$E$300,A122,Products!$L$5:$L$300),0))*(1+N(V122))) -> 0 | AC122: =IF(J122="",1,MAX(1,COUNTIFS($J$5:$J$863,J122,$F$5:$F$863,"Y"))) -> 1 | AD122: =(MAX(1,N(I122))*(P122+N(S122))+MAX(1,N(I122))*N(K122)/(MAX(1,N(U122))*AC122))*Settings!$B$9 -> 0 | AE122: =(MAX(1,N(I122))*N(Q122)+MAX(1,N(I122))*N(L122)/(MAX(1,N(U122))*AC122))*Settings!$B$8 -> 0 | AF122: =MAX(1,N(I122))*N(T122) -> 0 | AG122: =AA122*N(AD122) -> 0 | AH122: =AA122*N(AE122) -> 0 | AI122: =AA122*N(AF122) -> 0 | AJ122: =AA122*N(R122) -> 0 | AK122: =AB122*N(AD122) -> 0 | AL122: =AB122*N(AE122) -> 0 | AM122: =AB122*N(AF122) -> 0 | AN122: =AB122*N(R122) -> 0 | AO122: =IF(F122<>"Y","n/a",IF(AND(N122<>"",OR(Q122<>"",G122="Other / bench",G122="None"),U122<>""),"OK","Missing")) -> Missing
A123: F20 | B123: FP | C123: Flusip Cold and cough-Day; Flusip Cold and Cough-Day (Sugar Free); Flusip Cold and Cough-N | Acetaminophen, Phenylephrine HCl (+2 more) | D123: Content uniformity | E123: =IF(A123="","",A123&"|"&D123) -> F20|Content uniformity | F123: N | G123: HPLC | H123: High | I123: 1 | P123: =IF(N123="",0,IF(OR(M123="",O123=""),N123,(M123+4*N123+O123)/6)) -> 0 | W123: N | AA123: =IF(F123<>"Y",0,((SUMIF(Products!$E$5:$E$300,A123,Products!$F$5:$F$300)+SUMIF(RM_Lots!$A$5:$A$400,A123,RM_Lots!$D$5:$D$400))+IF(W123="Y",SUMIF(Products!$E$5:$E$300,A123,Products!$G$5:$G$300),0))*(1+N(V123))) -> 0 | AB123: =IF(F123<>"Y",0,((SUMIF(Products!$E$5:$E$300,A123,Products!$K$5:$K$300)+SUMIF(RM_Lots!$A$5:$A$400,A123,RM_Lots!$F$5:$F$400))+IF(W123="Y",SUMIF(Products!$E$5:$E$300,A123,Products!$L$5:$L$300),0))*(1+N(V123))) -> 0 | AC123: =IF(J123="",1,MAX(1,COUNTIFS($J$5:$J$863,J123,$F$5:$F$863,"Y"))) -> 1 | AD123: =(MAX(1,N(I123))*(P123+N(S123))+MAX(1,N(I123))*N(K123)/(MAX(1,N(U123))*AC123))*Settings!$B$9 -> 0 | AE123: =(MAX(1,N(I123))*N(Q123)+MAX(1,N(I123))*N(L123)/(MAX(1,N(U123))*AC123))*Settings!$B$8 -> 0 | AF123: =MAX(1,N(I123))*N(T123) -> 0 | AG123: =AA123*N(AD123) -> 0 | AH123: =AA123*N(AE123) -> 0 | AI123: =AA123*N(AF123) -> 0 | AJ123: =AA123*N(R123) -> 0 | AK123: =AB123*N(AD123) -> 0 | AL123: =AB123*N(AE123) -> 0 | AM123: =AB123*N(AF123) -> 0 | AN123: =AB123*N(R123) -> 0 | AO123: =IF(F123<>"Y","n/a",IF(AND(N123<>"",OR(Q123<>"",G123="Other / bench",G123="None"),U123<>""),"OK","Missing")) -> n/a
A124: F20 | B124: FP | C124: Flusip Cold and cough-Day; Flusip Cold and Cough-Day (Sugar Free); Flusip Cold and Cough-N | Acetaminophen, Phenylephrine HCl (+2 more) | D124: Identification (if separate from assay) | E124: =IF(A124="","",A124&"|"&D124) -> F20|Identification (if separate from assay) | F124: N | G124: HPLC | H124: High | I124: 1 | P124: =IF(N124="",0,IF(OR(M124="",O124=""),N124,(M124+4*N124+O124)/6)) -> 0 | W124: N | AA124: =IF(F124<>"Y",0,((SUMIF(Products!$E$5:$E$300,A124,Products!$F$5:$F$300)+SUMIF(RM_Lots!$A$5:$A$400,A124,RM_Lots!$D$5:$D$400))+IF(W124="Y",SUMIF(Products!$E$5:$E$300,A124,Products!$G$5:$G$300),0))*(1+N(V124))) -> 0 | AB124: =IF(F124<>"Y",0,((SUMIF(Products!$E$5:$E$300,A124,Products!$K$5:$K$300)+SUMIF(RM_Lots!$A$5:$A$400,A124,RM_Lots!$F$5:$F$400))+IF(W124="Y",SUMIF(Products!$E$5:$E$300,A124,Products!$L$5:$L$300),0))*(1+N(V124))) -> 0 | AC124: =IF(J124="",1,MAX(1,COUNTIFS($J$5:$J$863,J124,$F$5:$F$863,"Y"))) -> 1 | AD124: =(MAX(1,N(I124))*(P124+N(S124))+MAX(1,N(I124))*N(K124)/(MAX(1,N(U124))*AC124))*Settings!$B$9 -> 0 | AE124: =(MAX(1,N(I124))*N(Q124)+MAX(1,N(I124))*N(L124)/(MAX(1,N(U124))*AC124))*Settings!$B$8 -> 0 | AF124: =MAX(1,N(I124))*N(T124) -> 0 | AG124: =AA124*N(AD124) -> 0 | AH124: =AA124*N(AE124) -> 0 | AI124: =AA124*N(AF124) -> 0 | AJ124: =AA124*N(R124) -> 0 | AK124: =AB124*N(AD124) -> 0 | AL124: =AB124*N(AE124) -> 0 | AM124: =AB124*N(AF124) -> 0 | AN124: =AB124*N(R124) -> 0 | AO124: =IF(F124<>"Y","n/a",IF(AND(N124<>"",OR(Q124<>"",G124="Other / bench",G124="None"),U124<>""),"OK","Missing")) -> n/a
A125: F20 | B125: FP | C125: Flusip Cold and cough-Day; Flusip Cold and Cough-Day (Sugar Free); Flusip Cold and Cough-N | Acetaminophen, Phenylephrine HCl (+2 more) | D125: Other tests (non-HPLC: physical, LOD/KF, disintegration, pH, micro...) | E125: =IF(A125="","",A125&"|"&D125) -> F20|Other tests (non-HPLC: physical, LOD/KF, disintegration, pH, micro...) | F125: Y | G125: Other / bench | H125: High | I125: 1 | P125: =IF(N125="",0,IF(OR(M125="",O125=""),N125,(M125+4*N125+O125)/6)) -> 0 | W125: Y | AA125: =IF(F125<>"Y",0,((SUMIF(Products!$E$5:$E$300,A125,Products!$F$5:$F$300)+SUMIF(RM_Lots!$A$5:$A$400,A125,RM_Lots!$D$5:$D$400))+IF(W125="Y",SUMIF(Products!$E$5:$E$300,A125,Products!$G$5:$G$300),0))*(1+N(V125))) -> 0 | AB125: =IF(F125<>"Y",0,((SUMIF(Products!$E$5:$E$300,A125,Products!$K$5:$K$300)+SUMIF(RM_Lots!$A$5:$A$400,A125,RM_Lots!$F$5:$F$400))+IF(W125="Y",SUMIF(Products!$E$5:$E$300,A125,Products!$L$5:$L$300),0))*(1+N(V125))) -> 0 | AC125: =IF(J125="",1,MAX(1,COUNTIFS($J$5:$J$863,J125,$F$5:$F$863,"Y"))) -> 1 | AD125: =(MAX(1,N(I125))*(P125+N(S125))+MAX(1,N(I125))*N(K125)/(MAX(1,N(U125))*AC125))*Settings!$B$9 -> 0 | AE125: =(MAX(1,N(I125))*N(Q125)+MAX(1,N(I125))*N(L125)/(MAX(1,N(U125))*AC125))*Settings!$B$8 -> 0 | AF125: =MAX(1,N(I125))*N(T125) -> 0 | AG125: =AA125*N(AD125) -> 0 | AH125: =AA125*N(AE125) -> 0 | AI125: =AA125*N(AF125) -> 0 | AJ125: =AA125*N(R125) -> 0 | AK125: =AB125*N(AD125) -> 0 | AL125: =AB125*N(AE125) -> 0 | AM125: =AB125*N(AF125) -> 0 | AN125: =AB125*N(R125) -> 0 | AO125: =IF(F125<>"Y","n/a",IF(AND(N125<>"",OR(Q125<>"",G125="Other / bench",G125="None"),U125<>""),"OK","Missing")) -> Missing
A126: F21 | B126: FP | C126: Flusip Cold and Flu; Flusip Cold and Flu (Sugar Free) | Acetaminophen, Phenylephrine HCl (+1 more) | D126: Assay | E126: =IF(A126="","",A126&"|"&D126) -> F21|Assay | F126: Y | G126: HPLC | H126: Medium | I126: 1 | P126: =IF(N126="",0,IF(OR(M126="",O126=""),N126,(M126+4*N126+O126)/6)) -> 0 | W126: Y | AA126: =IF(F126<>"Y",0,((SUMIF(Products!$E$5:$E$300,A126,Products!$F$5:$F$300)+SUMIF(RM_Lots!$A$5:$A$400,A126,RM_Lots!$D$5:$D$400))+IF(W126="Y",SUMIF(Products!$E$5:$E$300,A126,Products!$G$5:$G$300),0))*(1+N(V126))) -> 0 | AB126: =IF(F126<>"Y",0,((SUMIF(Products!$E$5:$E$300,A126,Products!$K$5:$K$300)+SUMIF(RM_Lots!$A$5:$A$400,A126,RM_Lots!$F$5:$F$400))+IF(W126="Y",SUMIF(Products!$E$5:$E$300,A126,Products!$L$5:$L$300),0))*(1+N(V126))) -> 0 | AC126: =IF(J126="",1,MAX(1,COUNTIFS($J$5:$J$863,J126,$F$5:$F$863,"Y"))) -> 1 | AD126: =(MAX(1,N(I126))*(P126+N(S126))+MAX(1,N(I126))*N(K126)/(MAX(1,N(U126))*AC126))*Settings!$B$9 -> 0 | AE126: =(MAX(1,N(I126))*N(Q126)+MAX(1,N(I126))*N(L126)/(MAX(1,N(U126))*AC126))*Settings!$B$8 -> 0 | AF126: =MAX(1,N(I126))*N(T126) -> 0 | AG126: =AA126*N(AD126) -> 0 | AH126: =AA126*N(AE126) -> 0 | AI126: =AA126*N(AF126) -> 0 | AJ126: =AA126*N(R126) -> 0 | AK126: =AB126*N(AD126) -> 0 | AL126: =AB126*N(AE126) -> 0 | AM126: =AB126*N(AF126) -> 0 | AN126: =AB126*N(R126) -> 0 | AO126: =IF(F126<>"Y","n/a",IF(AND(N126<>"",OR(Q126<>"",G126="Other / bench",G126="None"),U126<>""),"OK","Missing")) -> Missing
A127: F21 | B127: FP | C127: Flusip Cold and Flu; Flusip Cold and Flu (Sugar Free) | Acetaminophen, Phenylephrine HCl (+1 more) | D127: Related substances / impurities | E127: =IF(A127="","",A127&"|"&D127) -> F21|Related substances / impurities | F127: Y | G127: HPLC | H127: Medium | I127: 1 | P127: =IF(N127="",0,IF(OR(M127="",O127=""),N127,(M127+4*N127+O127)/6)) -> 0 | W127: Y | AA127: =IF(F127<>"Y",0,((SUMIF(Products!$E$5:$E$300,A127,Products!$F$5:$F$300)+SUMIF(RM_Lots!$A$5:$A$400,A127,RM_Lots!$D$5:$D$400))+IF(W127="Y",SUMIF(Products!$E$5:$E$300,A127,Products!$G$5:$G$300),0))*(1+N(V127))) -> 0 | AB127: =IF(F127<>"Y",0,((SUMIF(Products!$E$5:$E$300,A127,Products!$K$5:$K$300)+SUMIF(RM_Lots!$A$5:$A$400,A127,RM_Lots!$F$5:$F$400))+IF(W127="Y",SUMIF(Products!$E$5:$E$300,A127,Products!$L$5:$L$300),0))*(1+N(V127))) -> 0 | AC127: =IF(J127="",1,MAX(1,COUNTIFS($J$5:$J$863,J127,$F$5:$F$863,"Y"))) -> 1 | AD127: =(MAX(1,N(I127))*(P127+N(S127))+MAX(1,N(I127))*N(K127)/(MAX(1,N(U127))*AC127))*Settings!$B$9 -> 0 | AE127: =(MAX(1,N(I127))*N(Q127)+MAX(1,N(I127))*N(L127)/(MAX(1,N(U127))*AC127))*Settings!$B$8 -> 0 | AF127: =MAX(1,N(I127))*N(T127) -> 0 | AG127: =AA127*N(AD127) -> 0 | AH127: =AA127*N(AE127) -> 0 | AI127: =AA127*N(AF127) -> 0 | AJ127: =AA127*N(R127) -> 0 | AK127: =AB127*N(AD127) -> 0 | AL127: =AB127*N(AE127) -> 0 | AM127: =AB127*N(AF127) -> 0 | AN127: =AB127*N(R127) -> 0 | AO127: =IF(F127<>"Y","n/a",IF(AND(N127<>"",OR(Q127<>"",G127="Other / bench",G127="None"),U127<>""),"OK","Missing")) -> Missing
A128: F21 | B128: FP | C128: Flusip Cold and Flu; Flusip Cold and Flu (Sugar Free) | Acetaminophen, Phenylephrine HCl (+1 more) | D128: Dissolution | E128: =IF(A128="","",A128&"|"&D128) -> F21|Dissolution | F128: Y | G128: HPLC | H128: Medium | I128: 1 | P128: =IF(N128="",0,IF(OR(M128="",O128=""),N128,(M128+4*N128+O128)/6)) -> 0 | W128: Y | AA128: =IF(F128<>"Y",0,((SUMIF(Products!$E$5:$E$300,A128,Products!$F$5:$F$300)+SUMIF(RM_Lots!$A$5:$A$400,A128,RM_Lots!$D$5:$D$400))+IF(W128="Y",SUMIF(Products!$E$5:$E$300,A128,Products!$G$5:$G$300),0))*(1+N(V128))) -> 0 | AB128: =IF(F128<>"Y",0,((SUMIF(Products!$E$5:$E$300,A128,Products!$K$5:$K$300)+SUMIF(RM_Lots!$A$5:$A$400,A128,RM_Lots!$F$5:$F$400))+IF(W128="Y",SUMIF(Products!$E$5:$E$300,A128,Products!$L$5:$L$300),0))*(1+N(V128))) -> 0 | AC128: =IF(J128="",1,MAX(1,COUNTIFS($J$5:$J$863,J128,$F$5:$F$863,"Y"))) -> 1 | AD128: =(MAX(1,N(I128))*(P128+N(S128))+MAX(1,N(I128))*N(K128)/(MAX(1,N(U128))*AC128))*Settings!$B$9 -> 0 | AE128: =(MAX(1,N(I128))*N(Q128)+MAX(1,N(I128))*N(L128)/(MAX(1,N(U128))*AC128))*Settings!$B$8 -> 0 | AF128: =MAX(1,N(I128))*N(T128) -> 0 | AG128: =AA128*N(AD128) -> 0 | AH128: =AA128*N(AE128) -> 0 | AI128: =AA128*N(AF128) -> 0 | AJ128: =AA128*N(R128) -> 0 | AK128: =AB128*N(AD128) -> 0 | AL128: =AB128*N(AE128) -> 0 | AM128: =AB128*N(AF128) -> 0 | AN128: =AB128*N(R128) -> 0 | AO128: =IF(F128<>"Y","n/a",IF(AND(N128<>"",OR(Q128<>"",G128="Other / bench",G128="None"),U128<>""),"OK","Missing")) -> Missing
A129: F21 | B129: FP | C129: Flusip Cold and Flu; Flusip Cold and Flu (Sugar Free) | Acetaminophen, Phenylephrine HCl (+1 more) | D129: Content uniformity | E129: =IF(A129="","",A129&"|"&D129) -> F21|Content uniformity | F129: Y | G129: HPLC | H129: Medium | I129: 1 | P129: =IF(N129="",0,IF(OR(M129="",O129=""),N129,(M129+4*N129+O129)/6)) -> 0 | W129: N | AA129: =IF(F129<>"Y",0,((SUMIF(Products!$E$5:$E$300,A129,Products!$F$5:$F$300)+SUMIF(RM_Lots!$A$5:$A$400,A129,RM_Lots!$D$5:$D$400))+IF(W129="Y",SUMIF(Products!$E$5:$E$300,A129,Products!$G$5:$G$300),0))*(1+N(V129))) -> 0 | AB129: =IF(F129<>"Y",0,((SUMIF(Products!$E$5:$E$300,A129,Products!$K$5:$K$300)+SUMIF(RM_Lots!$A$5:$A$400,A129,RM_Lots!$F$5:$F$400))+IF(W129="Y",SUMIF(Products!$E$5:$E$300,A129,Products!$L$5:$L$300),0))*(1+N(V129))) -> 0 | AC129: =IF(J129="",1,MAX(1,COUNTIFS($J$5:$J$863,J129,$F$5:$F$863,"Y"))) -> 1 | AD129: =(MAX(1,N(I129))*(P129+N(S129))+MAX(1,N(I129))*N(K129)/(MAX(1,N(U129))*AC129))*Settings!$B$9 -> 0 | AE129: =(MAX(1,N(I129))*N(Q129)+MAX(1,N(I129))*N(L129)/(MAX(1,N(U129))*AC129))*Settings!$B$8 -> 0 | AF129: =MAX(1,N(I129))*N(T129) -> 0 | AG129: =AA129*N(AD129) -> 0 | AH129: =AA129*N(AE129) -> 0 | AI129: =AA129*N(AF129) -> 0 | AJ129: =AA129*N(R129) -> 0 | AK129: =AB129*N(AD129) -> 0 | AL129: =AB129*N(AE129) -> 0 | AM129: =AB129*N(AF129) -> 0 | AN129: =AB129*N(R129) -> 0 | AO129: =IF(F129<>"Y","n/a",IF(AND(N129<>"",OR(Q129<>"",G129="Other / bench",G129="None"),U129<>""),"OK","Missing")) -> Missing
A130: F21 | B130: FP | C130: Flusip Cold and Flu; Flusip Cold and Flu (Sugar Free) | Acetaminophen, Phenylephrine HCl (+1 more) | D130: Identification (if separate from assay) | E130: =IF(A130="","",A130&"|"&D130) -> F21|Identification (if separate from assay) | F130: N | G130: HPLC | H130: Medium | I130: 1 | P130: =IF(N130="",0,IF(OR(M130="",O130=""),N130,(M130+4*N130+O130)/6)) -> 0 | W130: N | AA130: =IF(F130<>"Y",0,((SUMIF(Products!$E$5:$E$300,A130,Products!$F$5:$F$300)+SUMIF(RM_Lots!$A$5:$A$400,A130,RM_Lots!$D$5:$D$400))+IF(W130="Y",SUMIF(Products!$E$5:$E$300,A130,Products!$G$5:$G$300),0))*(1+N(V130))) -> 0 | AB130: =IF(F130<>"Y",0,((SUMIF(Products!$E$5:$E$300,A130,Products!$K$5:$K$300)+SUMIF(RM_Lots!$A$5:$A$400,A130,RM_Lots!$F$5:$F$400))+IF(W130="Y",SUMIF(Products!$E$5:$E$300,A130,Products!$L$5:$L$300),0))*(1+N(V130))) -> 0 | AC130: =IF(J130="",1,MAX(1,COUNTIFS($J$5:$J$863,J130,$F$5:$F$863,"Y"))) -> 1 | AD130: =(MAX(1,N(I130))*(P130+N(S130))+MAX(1,N(I130))*N(K130)/(MAX(1,N(U130))*AC130))*Settings!$B$9 -> 0 | AE130: =(MAX(1,N(I130))*N(Q130)+MAX(1,N(I130))*N(L130)/(MAX(1,N(U130))*AC130))*Settings!$B$8 -> 0 | AF130: =MAX(1,N(I130))*N(T130) -> 0 | AG130: =AA130*N(AD130) -> 0 | AH130: =AA130*N(AE130) -> 0 | AI130: =AA130*N(AF130) -> 0 | AJ130: =AA130*N(R130) -> 0 | AK130: =AB130*N(AD130) -> 0 | AL130: =AB130*N(AE130) -> 0 | AM130: =AB130*N(AF130) -> 0 | AN130: =AB130*N(R130) -> 0 | AO130: =IF(F130<>"Y","n/a",IF(AND(N130<>"",OR(Q130<>"",G130="Other / bench",G130="None"),U130<>""),"OK","Missing")) -> n/a
A131: F21 | B131: FP | C131: Flusip Cold and Flu; Flusip Cold and Flu (Sugar Free) | Acetaminophen, Phenylephrine HCl (+1 more) | D131: Other tests (non-HPLC: physical, LOD/KF, disintegration, pH, micro...) | E131: =IF(A131="","",A131&"|"&D131) -> F21|Other tests (non-HPLC: physical, LOD/KF, disintegration, pH, micro...) | F131: Y | G131: Other / bench | H131: Medium | I131: 1 | P131: =IF(N131="",0,IF(OR(M131="",O131=""),N131,(M131+4*N131+O131)/6)) -> 0 | W131: Y | AA131: =IF(F131<>"Y",0,((SUMIF(Products!$E$5:$E$300,A131,Products!$F$5:$F$300)+SUMIF(RM_Lots!$A$5:$A$400,A131,RM_Lots!$D$5:$D$400))+IF(W131="Y",SUMIF(Products!$E$5:$E$300,A131,Products!$G$5:$G$300),0))*(1+N(V131))) -> 0 | AB131: =IF(F131<>"Y",0,((SUMIF(Products!$E$5:$E$300,A131,Products!$K$5:$K$300)+SUMIF(RM_Lots!$A$5:$A$400,A131,RM_Lots!$F$5:$F$400))+IF(W131="Y",SUMIF(Products!$E$5:$E$300,A131,Products!$L$5:$L$300),0))*(1+N(V131))) -> 0 | AC131: =IF(J131="",1,MAX(1,COUNTIFS($J$5:$J$863,J131,$F$5:$F$863,"Y"))) -> 1 | AD131: =(MAX(1,N(I131))*(P131+N(S131))+MAX(1,N(I131))*N(K131)/(MAX(1,N(U131))*AC131))*Settings!$B$9 -> 0 | AE131: =(MAX(1,N(I131))*N(Q131)+MAX(1,N(I131))*N(L131)/(MAX(1,N(U131))*AC131))*Settings!$B$8 -> 0 | AF131: =MAX(1,N(I131))*N(T131) -> 0 | AG131: =AA131*N(AD131) -> 0 | AH131: =AA131*N(AE131) -> 0 | AI131: =AA131*N(AF131) -> 0 | AJ131: =AA131*N(R131) -> 0 | AK131: =AB131*N(AD131) -> 0 | AL131: =AB131*N(AE131) -> 0 | AM131: =AB131*N(AF131) -> 0 | AN131: =AB131*N(R131) -> 0 | AO131: =IF(F131<>"Y","n/a",IF(AND(N131<>"",OR(Q131<>"",G131="Other / bench",G131="None"),U131<>""),"OK","Missing")) -> Missing
A132: F22 | B132: FP | C132: Flusip-C | actives TBD: Flusip-C | D132: Assay | E132: =IF(A132="","",A132&"|"&D132) -> F22|Assay | F132: Y | G132: HPLC | H132: Medium | I132: 1 | P132: =IF(N132="",0,IF(OR(M132="",O132=""),N132,(M132+4*N132+O132)/6)) -> 0 | W132: Y | Z132: Actives not in source file – confirm tests | AA132: =IF(F132<>"Y",0,((SUMIF(Products!$E$5:$E$300,A132,Products!$F$5:$F$300)+SUMIF(RM_Lots!$A$5:$A$400,A132,RM_Lots!$D$5:$D$400))+IF(W132="Y",SUMIF(Products!$E$5:$E$300,A132,Products!$G$5:$G$300),0))*(1+N(V132))) -> 0 | AB132: =IF(F132<>"Y",0,((SUMIF(Products!$E$5:$E$300,A132,Products!$K$5:$K$300)+SUMIF(RM_Lots!$A$5:$A$400,A132,RM_Lots!$F$5:$F$400))+IF(W132="Y",SUMIF(Products!$E$5:$E$300,A132,Products!$L$5:$L$300),0))*(1+N(V132))) -> 0 | AC132: =IF(J132="",1,MAX(1,COUNTIFS($J$5:$J$863,J132,$F$5:$F$863,"Y"))) -> 1 | AD132: =(MAX(1,N(I132))*(P132+N(S132))+MAX(1,N(I132))*N(K132)/(MAX(1,N(U132))*AC132))*Settings!$B$9 -> 0 | AE132: =(MAX(1,N(I132))*N(Q132)+MAX(1,N(I132))*N(L132)/(MAX(1,N(U132))*AC132))*Settings!$B$8 -> 0 | AF132: =MAX(1,N(I132))*N(T132) -> 0 | AG132: =AA132*N(AD132) -> 0 | AH132: =AA132*N(AE132) -> 0 | AI132: =AA132*N(AF132) -> 0 | AJ132: =AA132*N(R132) -> 0 | AK132: =AB132*N(AD132) -> 0 | AL132: =AB132*N(AE132) -> 0 | AM132: =AB132*N(AF132) -> 0 | AN132: =AB132*N(R132) -> 0 | AO132: =IF(F132<>"Y","n/a",IF(AND(N132<>"",OR(Q132<>"",G132="Other / bench",G132="None"),U132<>""),"OK","Missing")) -> Missing
A133: F22 | B133: FP | C133: Flusip-C | actives TBD: Flusip-C | D133: Related substances / impurities | E133: =IF(A133="","",A133&"|"&D133) -> F22|Related substances / impurities | F133: Y | G133: HPLC | H133: Medium | I133: 1 | P133: =IF(N133="",0,IF(OR(M133="",O133=""),N133,(M133+4*N133+O133)/6)) -> 0 | W133: Y | Z133: Actives not in source file – confirm tests | AA133: =IF(F133<>"Y",0,((SUMIF(Products!$E$5:$E$300,A133,Products!$F$5:$F$300)+SUMIF(RM_Lots!$A$5:$A$400,A133,RM_Lots!$D$5:$D$400))+IF(W133="Y",SUMIF(Products!$E$5:$E$300,A133,Products!$G$5:$G$300),0))*(1+N(V133))) -> 0 | AB133: =IF(F133<>"Y",0,((SUMIF(Products!$E$5:$E$300,A133,Products!$K$5:$K$300)+SUMIF(RM_Lots!$A$5:$A$400,A133,RM_Lots!$F$5:$F$400))+IF(W133="Y",SUMIF(Products!$E$5:$E$300,A133,Products!$L$5:$L$300),0))*(1+N(V133))) -> 0 | AC133: =IF(J133="",1,MAX(1,COUNTIFS($J$5:$J$863,J133,$F$5:$F$863,"Y"))) -> 1 | AD133: =(MAX(1,N(I133))*(P133+N(S133))+MAX(1,N(I133))*N(K133)/(MAX(1,N(U133))*AC133))*Settings!$B$9 -> 0 | AE133: =(MAX(1,N(I133))*N(Q133)+MAX(1,N(I133))*N(L133)/(MAX(1,N(U133))*AC133))*Settings!$B$8 -> 0 | AF133: =MAX(1,N(I133))*N(T133) -> 0 | AG133: =AA133*N(AD133) -> 0 | AH133: =AA133*N(AE133) -> 0 | AI133: =AA133*N(AF133) -> 0 | AJ133: =AA133*N(R133) -> 0 | AK133: =AB133*N(AD133) -> 0 | AL133: =AB133*N(AE133) -> 0 | AM133: =AB133*N(AF133) -> 0 | AN133: =AB133*N(R133) -> 0 | AO133: =IF(F133<>"Y","n/a",IF(AND(N133<>"",OR(Q133<>"",G133="Other / bench",G133="None"),U133<>""),"OK","Missing")) -> Missing
A134: F22 | B134: FP | C134: Flusip-C | actives TBD: Flusip-C | D134: Dissolution | E134: =IF(A134="","",A134&"|"&D134) -> F22|Dissolution | F134: Y | G134: HPLC | H134: Medium | I134: 1 | P134: =IF(N134="",0,IF(OR(M134="",O134=""),N134,(M134+4*N134+O134)/6)) -> 0 | W134: Y | Z134: Actives not in source file – confirm tests | AA134: =IF(F134<>"Y",0,((SUMIF(Products!$E$5:$E$300,A134,Products!$F$5:$F$300)+SUMIF(RM_Lots!$A$5:$A$400,A134,RM_Lots!$D$5:$D$400))+IF(W134="Y",SUMIF(Products!$E$5:$E$300,A134,Products!$G$5:$G$300),0))*(1+N(V134))) -> 0 | AB134: =IF(F134<>"Y",0,((SUMIF(Products!$E$5:$E$300,A134,Products!$K$5:$K$300)+SUMIF(RM_Lots!$A$5:$A$400,A134,RM_Lots!$F$5:$F$400))+IF(W134="Y",SUMIF(Products!$E$5:$E$300,A134,Products!$L$5:$L$300),0))*(1+N(V134))) -> 0 | AC134: =IF(J134="",1,MAX(1,COUNTIFS($J$5:$J$863,J134,$F$5:$F$863,"Y"))) -> 1 | AD134: =(MAX(1,N(I134))*(P134+N(S134))+MAX(1,N(I134))*N(K134)/(MAX(1,N(U134))*AC134))*Settings!$B$9 -> 0 | AE134: =(MAX(1,N(I134))*N(Q134)+MAX(1,N(I134))*N(L134)/(MAX(1,N(U134))*AC134))*Settings!$B$8 -> 0 | AF134: =MAX(1,N(I134))*N(T134) -> 0 | AG134: =AA134*N(AD134) -> 0 | AH134: =AA134*N(AE134) -> 0 | AI134: =AA134*N(AF134) -> 0 | AJ134: =AA134*N(R134) -> 0 | AK134: =AB134*N(AD134) -> 0 | AL134: =AB134*N(AE134) -> 0 | AM134: =AB134*N(AF134) -> 0 | AN134: =AB134*N(R134) -> 0 | AO134: =IF(F134<>"Y","n/a",IF(AND(N134<>"",OR(Q134<>"",G134="Other / bench",G134="None"),U134<>""),"OK","Missing")) -> Missing
A135: F22 | B135: FP | C135: Flusip-C | actives TBD: Flusip-C | D135: Content uniformity | E135: =IF(A135="","",A135&"|"&D135) -> F22|Content uniformity | F135: Y | G135: HPLC | H135: Medium | I135: 1 | P135: =IF(N135="",0,IF(OR(M135="",O135=""),N135,(M135+4*N135+O135)/6)) -> 0 | W135: N | Z135: Actives not in source file – confirm tests | AA135: =IF(F135<>"Y",0,((SUMIF(Products!$E$5:$E$300,A135,Products!$F$5:$F$300)+SUMIF(RM_Lots!$A$5:$A$400,A135,RM_Lots!$D$5:$D$400))+IF(W135="Y",SUMIF(Products!$E$5:$E$300,A135,Products!$G$5:$G$300),0))*(1+N(V135))) -> 0 | AB135: =IF(F135<>"Y",0,((SUMIF(Products!$E$5:$E$300,A135,Products!$K$5:$K$300)+SUMIF(RM_Lots!$A$5:$A$400,A135,RM_Lots!$F$5:$F$400))+IF(W135="Y",SUMIF(Products!$E$5:$E$300,A135,Products!$L$5:$L$300),0))*(1+N(V135))) -> 0 | AC135: =IF(J135="",1,MAX(1,COUNTIFS($J$5:$J$863,J135,$F$5:$F$863,"Y"))) -> 1 | AD135: =(MAX(1,N(I135))*(P135+N(S135))+MAX(1,N(I135))*N(K135)/(MAX(1,N(U135))*AC135))*Settings!$B$9 -> 0 | AE135: =(MAX(1,N(I135))*N(Q135)+MAX(1,N(I135))*N(L135)/(MAX(1,N(U135))*AC135))*Settings!$B$8 -> 0 | AF135: =MAX(1,N(I135))*N(T135) -> 0 | AG135: =AA135*N(AD135) -> 0 | AH135: =AA135*N(AE135) -> 0 | AI135: =AA135*N(AF135) -> 0 | AJ135: =AA135*N(R135) -> 0 | AK135: =AB135*N(AD135) -> 0 | AL135: =AB135*N(AE135) -> 0 | AM135: =AB135*N(AF135) -> 0 | AN135: =AB135*N(R135) -> 0 | AO135: =IF(F135<>"Y","n/a",IF(AND(N135<>"",OR(Q135<>"",G135="Other / bench",G135="None"),U135<>""),"OK","Missing")) -> Missing
A136: F22 | B136: FP | C136: Flusip-C | actives TBD: Flusip-C | D136: Identification (if separate from assay) | E136: =IF(A136="","",A136&"|"&D136) -> F22|Identification (if separate from assay) | F136: N | G136: HPLC | H136: Medium | I136: 1 | P136: =IF(N136="",0,IF(OR(M136="",O136=""),N136,(M136+4*N136+O136)/6)) -> 0 | W136: N | Z136: Actives not in source file – confirm tests | AA136: =IF(F136<>"Y",0,((SUMIF(Products!$E$5:$E$300,A136,Products!$F$5:$F$300)+SUMIF(RM_Lots!$A$5:$A$400,A136,RM_Lots!$D$5:$D$400))+IF(W136="Y",SUMIF(Products!$E$5:$E$300,A136,Products!$G$5:$G$300),0))*(1+N(V136))) -> 0 | AB136: =IF(F136<>"Y",0,((SUMIF(Products!$E$5:$E$300,A136,Products!$K$5:$K$300)+SUMIF(RM_Lots!$A$5:$A$400,A136,RM_Lots!$F$5:$F$400))+IF(W136="Y",SUMIF(Products!$E$5:$E$300,A136,Products!$L$5:$L$300),0))*(1+N(V136))) -> 0 | AC136: =IF(J136="",1,MAX(1,COUNTIFS($J$5:$J$863,J136,$F$5:$F$863,"Y"))) -> 1 | AD136: =(MAX(1,N(I136))*(P136+N(S136))+MAX(1,N(I136))*N(K136)/(MAX(1,N(U136))*AC136))*Settings!$B$9 -> 0 | AE136: =(MAX(1,N(I136))*N(Q136)+MAX(1,N(I136))*N(L136)/(MAX(1,N(U136))*AC136))*Settings!$B$8 -> 0 | AF136: =MAX(1,N(I136))*N(T136) -> 0 | AG136: =AA136*N(AD136) -> 0 | AH136: =AA136*N(AE136) -> 0 | AI136: =AA136*N(AF136) -> 0 | AJ136: =AA136*N(R136) -> 0 | AK136: =AB136*N(AD136) -> 0 | AL136: =AB136*N(AE136) -> 0 | AM136: =AB136*N(AF136) -> 0 | AN136: =AB136*N(R136) -> 0 | AO136: =IF(F136<>"Y","n/a",IF(AND(N136<>"",OR(Q136<>"",G136="Other / bench",G136="None"),U136<>""),"OK","Missing")) -> n/a
A137: F22 | B137: FP | C137: Flusip-C | actives TBD: Flusip-C | D137: Other tests (non-HPLC: physical, LOD/KF, disintegration, pH, micro...) | E137: =IF(A137="","",A137&"|"&D137) -> F22|Other tests (non-HPLC: physical, LOD/KF, disintegration, pH, micro...) | F137: Y | G137: Other / bench | H137: Medium | I137: 1 | P137: =IF(N137="",0,IF(OR(M137="",O137=""),N137,(M137+4*N137+O137)/6)) -> 0 | W137: Y | Z137: Actives not in source file – confirm tests | AA137: =IF(F137<>"Y",0,((SUMIF(Products!$E$5:$E$300,A137,Products!$F$5:$F$300)+SUMIF(RM_Lots!$A$5:$A$400,A137,RM_Lots!$D$5:$D$400))+IF(W137="Y",SUMIF(Products!$E$5:$E$300,A137,Products!$G$5:$G$300),0))*(1+N(V137))) -> 0 | AB137: =IF(F137<>"Y",0,((SUMIF(Products!$E$5:$E$300,A137,Products!$K$5:$K$300)+SUMIF(RM_Lots!$A$5:$A$400,A137,RM_Lots!$F$5:$F$400))+IF(W137="Y",SUMIF(Products!$E$5:$E$300,A137,Products!$L$5:$L$300),0))*(1+N(V137))) -> 0 | AC137: =IF(J137="",1,MAX(1,COUNTIFS($J$5:$J$863,J137,$F$5:$F$863,"Y"))) -> 1 | AD137: =(MAX(1,N(I137))*(P137+N(S137))+MAX(1,N(I137))*N(K137)/(MAX(1,N(U137))*AC137))*Settings!$B$9 -> 0 | AE137: =(MAX(1,N(I137))*N(Q137)+MAX(1,N(I137))*N(L137)/(MAX(1,N(U137))*AC137))*Settings!$B$8 -> 0 | AF137: =MAX(1,N(I137))*N(T137) -> 0 | AG137: =AA137*N(AD137) -> 0 | AH137: =AA137*N(AE137) -> 0 | AI137: =AA137*N(AF137) -> 0 | AJ137: =AA137*N(R137) -> 0 | AK137: =AB137*N(AD137) -> 0 | AL137: =AB137*N(AE137) -> 0 | AM137: =AB137*N(AF137) -> 0 | AN137: =AB137*N(R137) -> 0 | AO137: =IF(F137<>"Y","n/a",IF(AND(N137<>"",OR(Q137<>"",G137="Other / bench",G137="None"),U137<>""),"OK","Missing")) -> Missing
A138: F23 | B138: FP | C138: Empagliflozin 10 mg; Empaglose 25 | Empagliflozin | D138: Assay | E138: =IF(A138="","",A138&"|"&D138) -> F23|Assay | F138: Y | G138: HPLC | H138: Low | I138: 1 | P138: =IF(N138="",0,IF(OR(M138="",O138=""),N138,(M138+4*N138+O138)/6)) -> 0 | W138: Y | AA138: =IF(F138<>"Y",0,((SUMIF(Products!$E$5:$E$300,A138,Products!$F$5:$F$300)+SUMIF(RM_Lots!$A$5:$A$400,A138,RM_Lots!$D$5:$D$400))+IF(W138="Y",SUMIF(Products!$E$5:$E$300,A138,Products!$G$5:$G$300),0))*(1+N(V138))) -> 0 | AB138: =IF(F138<>"Y",0,((SUMIF(Products!$E$5:$E$300,A138,Products!$K$5:$K$300)+SUMIF(RM_Lots!$A$5:$A$400,A138,RM_Lots!$F$5:$F$400))+IF(W138="Y",SUMIF(Products!$E$5:$E$300,A138,Products!$L$5:$L$300),0))*(1+N(V138))) -> 0 | AC138: =IF(J138="",1,MAX(1,COUNTIFS($J$5:$J$863,J138,$F$5:$F$863,"Y"))) -> 1 | AD138: =(MAX(1,N(I138))*(P138+N(S138))+MAX(1,N(I138))*N(K138)/(MAX(1,N(U138))*AC138))*Settings!$B$9 -> 0 | AE138: =(MAX(1,N(I138))*N(Q138)+MAX(1,N(I138))*N(L138)/(MAX(1,N(U138))*AC138))*Settings!$B$8 -> 0 | AF138: =MAX(1,N(I138))*N(T138) -> 0 | AG138: =AA138*N(AD138) -> 0 | AH138: =AA138*N(AE138) -> 0 | AI138: =AA138*N(AF138) -> 0 | AJ138: =AA138*N(R138) -> 0 | AK138: =AB138*N(AD138) -> 0 | AL138: =AB138*N(AE138) -> 0 | AM138: =AB138*N(AF138) -> 0 | AN138: =AB138*N(R138) -> 0 | AO138: =IF(F138<>"Y","n/a",IF(AND(N138<>"",OR(Q138<>"",G138="Other / bench",G138="None"),U138<>""),"OK","Missing")) -> Missing
A139: F23 | B139: FP | C139: Empagliflozin 10 mg; Empaglose 25 | Empagliflozin | D139: Related substances / impurities | E139: =IF(A139="","",A139&"|"&D139) -> F23|Related substances / impurities | F139: Y | G139: HPLC | H139: Low | I139: 1 | P139: =IF(N139="",0,IF(OR(M139="",O139=""),N139,(M139+4*N139+O139)/6)) -> 0 | W139: Y | AA139: =IF(F139<>"Y",0,((SUMIF(Products!$E$5:$E$300,A139,Products!$F$5:$F$300)+SUMIF(RM_Lots!$A$5:$A$400,A139,RM_Lots!$D$5:$D$400))+IF(W139="Y",SUMIF(Products!$E$5:$E$300,A139,Products!$G$5:$G$300),0))*(1+N(V139))) -> 0 | AB139: =IF(F139<>"Y",0,((SUMIF(Products!$E$5:$E$300,A139,Products!$K$5:$K$300)+SUMIF(RM_Lots!$A$5:$A$400,A139,RM_Lots!$F$5:$F$400))+IF(W139="Y",SUMIF(Products!$E$5:$E$300,A139,Products!$L$5:$L$300),0))*(1+N(V139))) -> 0 | AC139: =IF(J139="",1,MAX(1,COUNTIFS($J$5:$J$863,J139,$F$5:$F$863,"Y"))) -> 1 | AD139: =(MAX(1,N(I139))*(P139+N(S139))+MAX(1,N(I139))*N(K139)/(MAX(1,N(U139))*AC139))*Settings!$B$9 -> 0 | AE139: =(MAX(1,N(I139))*N(Q139)+MAX(1,N(I139))*N(L139)/(MAX(1,N(U139))*AC139))*Settings!$B$8 -> 0 | AF139: =MAX(1,N(I139))*N(T139) -> 0 | AG139: =AA139*N(AD139) -> 0 | AH139: =AA139*N(AE139) -> 0 | AI139: =AA139*N(AF139) -> 0 | AJ139: =AA139*N(R139) -> 0 | AK139: =AB139*N(AD139) -> 0 | AL139: =AB139*N(AE139) -> 0 | AM139: =AB139*N(AF139) -> 0 | AN139: =AB139*N(R139) -> 0 | AO139: =IF(F139<>"Y","n/a",IF(AND(N139<>"",OR(Q139<>"",G139="Other / bench",G139="None"),U139<>""),"OK","Missing")) -> Missing
A140: F23 | B140: FP | C140: Empagliflozin 10 mg; Empaglose 25 | Empagliflozin | D140: Dissolution | E140: =IF(A140="","",A140&"|"&D140) -> F23|Dissolution | F140: Y | G140: HPLC | H140: Low | I140: 1 | P140: =IF(N140="",0,IF(OR(M140="",O140=""),N140,(M140+4*N140+O140)/6)) -> 0 | W140: Y | AA140: =IF(F140<>"Y",0,((SUMIF(Products!$E$5:$E$300,A140,Products!$F$5:$F$300)+SUMIF(RM_Lots!$A$5:$A$400,A140,RM_Lots!$D$5:$D$400))+IF(W140="Y",SUMIF(Products!$E$5:$E$300,A140,Products!$G$5:$G$300),0))*(1+N(V140))) -> 0 | AB140: =IF(F140<>"Y",0,((SUMIF(Products!$E$5:$E$300,A140,Products!$K$5:$K$300)+SUMIF(RM_Lots!$A$5:$A$400,A140,RM_Lots!$F$5:$F$400))+IF(W140="Y",SUMIF(Products!$E$5:$E$300,A140,Products!$L$5:$L$300),0))*(1+N(V140))) -> 0 | AC140: =IF(J140="",1,MAX(1,COUNTIFS($J$5:$J$863,J140,$F$5:$F$863,"Y"))) -> 1 | AD140: =(MAX(1,N(I140))*(P140+N(S140))+MAX(1,N(I140))*N(K140)/(MAX(1,N(U140))*AC140))*Settings!$B$9 -> 0 | AE140: =(MAX(1,N(I140))*N(Q140)+MAX(1,N(I140))*N(L140)/(MAX(1,N(U140))*AC140))*Settings!$B$8 -> 0 | AF140: =MAX(1,N(I140))*N(T140) -> 0 | AG140: =AA140*N(AD140) -> 0 | AH140: =AA140*N(AE140) -> 0 | AI140: =AA140*N(AF140) -> 0 | AJ140: =AA140*N(R140) -> 0 | AK140: =AB140*N(AD140) -> 0 | AL140: =AB140*N(AE140) -> 0 | AM140: =AB140*N(AF140) -> 0 | AN140: =AB140*N(R140) -> 0 | AO140: =IF(F140<>"Y","n/a",IF(AND(N140<>"",OR(Q140<>"",G140="Other / bench",G140="None"),U140<>""),"OK","Missing")) -> Missing
A141: F23 | B141: FP | C141: Empagliflozin 10 mg; Empaglose 25 | Empagliflozin | D141: Content uniformity | E141: =IF(A141="","",A141&"|"&D141) -> F23|Content uniformity | F141: Y | G141: HPLC | H141: Low | I141: 1 | P141: =IF(N141="",0,IF(OR(M141="",O141=""),N141,(M141+4*N141+O141)/6)) -> 0 | W141: N | AA141: =IF(F141<>"Y",0,((SUMIF(Products!$E$5:$E$300,A141,Products!$F$5:$F$300)+SUMIF(RM_Lots!$A$5:$A$400,A141,RM_Lots!$D$5:$D$400))+IF(W141="Y",SUMIF(Products!$E$5:$E$300,A141,Products!$G$5:$G$300),0))*(1+N(V141))) -> 0 | AB141: =IF(F141<>"Y",0,((SUMIF(Products!$E$5:$E$300,A141,Products!$K$5:$K$300)+SUMIF(RM_Lots!$A$5:$A$400,A141,RM_Lots!$F$5:$F$400))+IF(W141="Y",SUMIF(Products!$E$5:$E$300,A141,Products!$L$5:$L$300),0))*(1+N(V141))) -> 0 | AC141: =IF(J141="",1,MAX(1,COUNTIFS($J$5:$J$863,J141,$F$5:$F$863,"Y"))) -> 1 | AD141: =(MAX(1,N(I141))*(P141+N(S141))+MAX(1,N(I141))*N(K141)/(MAX(1,N(U141))*AC141))*Settings!$B$9 -> 0 | AE141: =(MAX(1,N(I141))*N(Q141)+MAX(1,N(I141))*N(L141)/(MAX(1,N(U141))*AC141))*Settings!$B$8 -> 0 | AF141: =MAX(1,N(I141))*N(T141) -> 0 | AG141: =AA141*N(AD141) -> 0 | AH141: =AA141*N(AE141) -> 0 | AI141: =AA141*N(AF141) -> 0 | AJ141: =AA141*N(R141) -> 0 | AK141: =AB141*N(AD141) -> 0 | AL141: =AB141*N(AE141) -> 0 | AM141: =AB141*N(AF141) -> 0 | AN141: =AB141*N(R141) -> 0 | AO141: =IF(F141<>"Y","n/a",IF(AND(N141<>"",OR(Q141<>"",G141="Other / bench",G141="None"),U141<>""),"OK","Missing")) -> Missing
A142: F23 | B142: FP | C142: Empagliflozin 10 mg; Empaglose 25 | Empagliflozin | D142: Identification (if separate from assay) | E142: =IF(A142="","",A142&"|"&D142) -> F23|Identification (if separate from assay) | F142: N | G142: HPLC | H142: Low | I142: 1 | P142: =IF(N142="",0,IF(OR(M142="",O142=""),N142,(M142+4*N142+O142)/6)) -> 0 | W142: N | AA142: =IF(F142<>"Y",0,((SUMIF(Products!$E$5:$E$300,A142,Products!$F$5:$F$300)+SUMIF(RM_Lots!$A$5:$A$400,A142,RM_Lots!$D$5:$D$400))+IF(W142="Y",SUMIF(Products!$E$5:$E$300,A142,Products!$G$5:$G$300),0))*(1+N(V142))) -> 0 | AB142: =IF(F142<>"Y",0,((SUMIF(Products!$E$5:$E$300,A142,Products!$K$5:$K$300)+SUMIF(RM_Lots!$A$5:$A$400,A142,RM_Lots!$F$5:$F$400))+IF(W142="Y",SUMIF(Products!$E$5:$E$300,A142,Products!$L$5:$L$300),0))*(1+N(V142))) -> 0 | AC142: =IF(J142="",1,MAX(1,COUNTIFS($J$5:$J$863,J142,$F$5:$F$863,"Y"))) -> 1 | AD142: =(MAX(1,N(I142))*(P142+N(S142))+MAX(1,N(I142))*N(K142)/(MAX(1,N(U142))*AC142))*Settings!$B$9 -> 0 | AE142: =(MAX(1,N(I142))*N(Q142)+MAX(1,N(I142))*N(L142)/(MAX(1,N(U142))*AC142))*Settings!$B$8 -> 0 | AF142: =MAX(1,N(I142))*N(T142) -> 0 | AG142: =AA142*N(AD142) -> 0 | AH142: =AA142*N(AE142) -> 0 | AI142: =AA142*N(AF142) -> 0 | AJ142: =AA142*N(R142) -> 0 | AK142: =AB142*N(AD142) -> 0 | AL142: =AB142*N(AE142) -> 0 | AM142: =AB142*N(AF142) -> 0 | AN142: =AB142*N(R142) -> 0 | AO142: =IF(F142<>"Y","n/a",IF(AND(N142<>"",OR(Q142<>"",G142="Other / bench",G142="None"),U142<>""),"OK","Missing")) -> n/a
A143: F23 | B143: FP | C143: Empagliflozin 10 mg; Empaglose 25 | Empagliflozin | D143: Other tests (non-HPLC: physical, LOD/KF, disintegration, pH, micro...) | E143: =IF(A143="","",A143&"|"&D143) -> F23|Other tests (non-HPLC: physical, LOD/KF, disintegration, pH, micro...) | F143: Y | G143: Other / bench | H143: Low | I143: 1 | P143: =IF(N143="",0,IF(OR(M143="",O143=""),N143,(M143+4*N143+O143)/6)) -> 0 | W143: Y | AA143: =IF(F143<>"Y",0,((SUMIF(Products!$E$5:$E$300,A143,Products!$F$5:$F$300)+SUMIF(RM_Lots!$A$5:$A$400,A143,RM_Lots!$D$5:$D$400))+IF(W143="Y",SUMIF(Products!$E$5:$E$300,A143,Products!$G$5:$G$300),0))*(1+N(V143))) -> 0 | AB143: =IF(F143<>"Y",0,((SUMIF(Products!$E$5:$E$300,A143,Products!$K$5:$K$300)+SUMIF(RM_Lots!$A$5:$A$400,A143,RM_Lots!$F$5:$F$400))+IF(W143="Y",SUMIF(Products!$E$5:$E$300,A143,Products!$L$5:$L$300),0))*(1+N(V143))) -> 0 | AC143: =IF(J143="",1,MAX(1,COUNTIFS($J$5:$J$863,J143,$F$5:$F$863,"Y"))) -> 1 | AD143: =(MAX(1,N(I143))*(P143+N(S143))+MAX(1,N(I143))*N(K143)/(MAX(1,N(U143))*AC143))*Settings!$B$9 -> 0 | AE143: =(MAX(1,N(I143))*N(Q143)+MAX(1,N(I143))*N(L143)/(MAX(1,N(U143))*AC143))*Settings!$B$8 -> 0 | AF143: =MAX(1,N(I143))*N(T143) -> 0 | AG143: =AA143*N(AD143) -> 0 | AH143: =AA143*N(AE143) -> 0 | AI143: =AA143*N(AF143) -> 0 | AJ143: =AA143*N(R143) -> 0 | AK143: =AB143*N(AD143) -> 0 | AL143: =AB143*N(AE143) -> 0 | AM143: =AB143*N(AF143) -> 0 | AN143: =AB143*N(R143) -> 0 | AO143: =IF(F143<>"Y","n/a",IF(AND(N143<>"",OR(Q143<>"",G143="Other / bench",G143="None"),U143<>""),"OK","Missing")) -> Missing
A144: F24 | B144: FP | C144: Lixiban 2.5; Lixiban 5 | Apixaban | D144: Assay | E144: =IF(A144="","",A144&"|"&D144) -> F24|Assay | F144: Y | G144: HPLC | H144: Low | I144: 1 | P144: =IF(N144="",0,IF(OR(M144="",O144=""),N144,(M144+4*N144+O144)/6)) -> 0 | W144: Y | AA144: =IF(F144<>"Y",0,((SUMIF(Products!$E$5:$E$300,A144,Products!$F$5:$F$300)+SUMIF(RM_Lots!$A$5:$A$400,A144,RM_Lots!$D$5:$D$400))+IF(W144="Y",SUMIF(Products!$E$5:$E$300,A144,Products!$G$5:$G$300),0))*(1+N(V144))) -> 0 | AB144: =IF(F144<>"Y",0,((SUMIF(Products!$E$5:$E$300,A144,Products!$K$5:$K$300)+SUMIF(RM_Lots!$A$5:$A$400,A144,RM_Lots!$F$5:$F$400))+IF(W144="Y",SUMIF(Products!$E$5:$E$300,A144,Products!$L$5:$L$300),0))*(1+N(V144))) -> 0 | AC144: =IF(J144="",1,MAX(1,COUNTIFS($J$5:$J$863,J144,$F$5:$F$863,"Y"))) -> 1 | AD144: =(MAX(1,N(I144))*(P144+N(S144))+MAX(1,N(I144))*N(K144)/(MAX(1,N(U144))*AC144))*Settings!$B$9 -> 0 | AE144: =(MAX(1,N(I144))*N(Q144)+MAX(1,N(I144))*N(L144)/(MAX(1,N(U144))*AC144))*Settings!$B$8 -> 0 | AF144: =MAX(1,N(I144))*N(T144) -> 0 | AG144: =AA144*N(AD144) -> 0 | AH144: =AA144*N(AE144) -> 0 | AI144: =AA144*N(AF144) -> 0 | AJ144: =AA144*N(R144) -> 0 | AK144: =AB144*N(AD144) -> 0 | AL144: =AB144*N(AE144) -> 0 | AM144: =AB144*N(AF144) -> 0 | AN144: =AB144*N(R144) -> 0 | AO144: =IF(F144<>"Y","n/a",IF(AND(N144<>"",OR(Q144<>"",G144="Other / bench",G144="None"),U144<>""),"OK","Missing")) -> Missing
A145: F24 | B145: FP | C145: Lixiban 2.5; Lixiban 5 | Apixaban | D145: Related substances / impurities | E145: =IF(A145="","",A145&"|"&D145) -> F24|Related substances / impurities | F145: Y | G145: HPLC | H145: Low | I145: 1 | P145: =IF(N145="",0,IF(OR(M145="",O145=""),N145,(M145+4*N145+O145)/6)) -> 0 | W145: Y | AA145: =IF(F145<>"Y",0,((SUMIF(Products!$E$5:$E$300,A145,Products!$F$5:$F$300)+SUMIF(RM_Lots!$A$5:$A$400,A145,RM_Lots!$D$5:$D$400))+IF(W145="Y",SUMIF(Products!$E$5:$E$300,A145,Products!$G$5:$G$300),0))*(1+N(V145))) -> 0 | AB145: =IF(F145<>"Y",0,((SUMIF(Products!$E$5:$E$300,A145,Products!$K$5:$K$300)+SUMIF(RM_Lots!$A$5:$A$400,A145,RM_Lots!$F$5:$F$400))+IF(W145="Y",SUMIF(Products!$E$5:$E$300,A145,Products!$L$5:$L$300),0))*(1+N(V145))) -> 0 | AC145: =IF(J145="",1,MAX(1,COUNTIFS($J$5:$J$863,J145,$F$5:$F$863,"Y"))) -> 1 | AD145: =(MAX(1,N(I145))*(P145+N(S145))+MAX(1,N(I145))*N(K145)/(MAX(1,N(U145))*AC145))*Settings!$B$9 -> 0 | AE145: =(MAX(1,N(I145))*N(Q145)+MAX(1,N(I145))*N(L145)/(MAX(1,N(U145))*AC145))*Settings!$B$8 -> 0 | AF145: =MAX(1,N(I145))*N(T145) -> 0 | AG145: =AA145*N(AD145) -> 0 | AH145: =AA145*N(AE145) -> 0 | AI145: =AA145*N(AF145) -> 0 | AJ145: =AA145*N(R145) -> 0 | AK145: =AB145*N(AD145) -> 0 | AL145: =AB145*N(AE145) -> 0 | AM145: =AB145*N(AF145) -> 0 | AN145: =AB145*N(R145) -> 0 | AO145: =IF(F145<>"Y","n/a",IF(AND(N145<>"",OR(Q145<>"",G145="Other / bench",G145="None"),U145<>""),"OK","Missing")) -> Missing
A146: F24 | B146: FP | C146: Lixiban 2.5; Lixiban 5 | Apixaban | D146: Dissolution | E146: =IF(A146="","",A146&"|"&D146) -> F24|Dissolution | F146: Y | G146: HPLC | H146: Low | I146: 1 | P146: =IF(N146="",0,IF(OR(M146="",O146=""),N146,(M146+4*N146+O146)/6)) -> 0 | W146: Y | AA146: =IF(F146<>"Y",0,((SUMIF(Products!$E$5:$E$300,A146,Products!$F$5:$F$300)+SUMIF(RM_Lots!$A$5:$A$400,A146,RM_Lots!$D$5:$D$400))+IF(W146="Y",SUMIF(Products!$E$5:$E$300,A146,Products!$G$5:$G$300),0))*(1+N(V146))) -> 0 | AB146: =IF(F146<>"Y",0,((SUMIF(Products!$E$5:$E$300,A146,Products!$K$5:$K$300)+SUMIF(RM_Lots!$A$5:$A$400,A146,RM_Lots!$F$5:$F$400))+IF(W146="Y",SUMIF(Products!$E$5:$E$300,A146,Products!$L$5:$L$300),0))*(1+N(V146))) -> 0 | AC146: =IF(J146="",1,MAX(1,COUNTIFS($J$5:$J$863,J146,$F$5:$F$863,"Y"))) -> 1 | AD146: =(MAX(1,N(I146))*(P146+N(S146))+MAX(1,N(I146))*N(K146)/(MAX(1,N(U146))*AC146))*Settings!$B$9 -> 0 | AE146: =(MAX(1,N(I146))*N(Q146)+MAX(1,N(I146))*N(L146)/(MAX(1,N(U146))*AC146))*Settings!$B$8 -> 0 | AF146: =MAX(1,N(I146))*N(T146) -> 0 | AG146: =AA146*N(AD146) -> 0 | AH146: =AA146*N(AE146) -> 0 | AI146: =AA146*N(AF146) -> 0 | AJ146: =AA146*N(R146) -> 0 | AK146: =AB146*N(AD146) -> 0 | AL146: =AB146*N(AE146) -> 0 | AM146: =AB146*N(AF146) -> 0 | AN146: =AB146*N(R146) -> 0 | AO146: =IF(F146<>"Y","n/a",IF(AND(N146<>"",OR(Q146<>"",G146="Other / bench",G146="None"),U146<>""),"OK","Missing")) -> Missing
A147: F24 | B147: FP | C147: Lixiban 2.5; Lixiban 5 | Apixaban | D147: Content uniformity | E147: =IF(A147="","",A147&"|"&D147) -> F24|Content uniformity | F147: Y | G147: HPLC | H147: Low | I147: 1 | P147: =IF(N147="",0,IF(OR(M147="",O147=""),N147,(M147+4*N147+O147)/6)) -> 0 | W147: N | AA147: =IF(F147<>"Y",0,((SUMIF(Products!$E$5:$E$300,A147,Products!$F$5:$F$300)+SUMIF(RM_Lots!$A$5:$A$400,A147,RM_Lots!$D$5:$D$400))+IF(W147="Y",SUMIF(Products!$E$5:$E$300,A147,Products!$G$5:$G$300),0))*(1+N(V147))) -> 0 | AB147: =IF(F147<>"Y",0,((SUMIF(Products!$E$5:$E$300,A147,Products!$K$5:$K$300)+SUMIF(RM_Lots!$A$5:$A$400,A147,RM_Lots!$F$5:$F$400))+IF(W147="Y",SUMIF(Products!$E$5:$E$300,A147,Products!$L$5:$L$300),0))*(1+N(V147))) -> 0 | AC147: =IF(J147="",1,MAX(1,COUNTIFS($J$5:$J$863,J147,$F$5:$F$863,"Y"))) -> 1 | AD147: =(MAX(1,N(I147))*(P147+N(S147))+MAX(1,N(I147))*N(K147)/(MAX(1,N(U147))*AC147))*Settings!$B$9 -> 0 | AE147: =(MAX(1,N(I147))*N(Q147)+MAX(1,N(I147))*N(L147)/(MAX(1,N(U147))*AC147))*Settings!$B$8 -> 0 | AF147: =MAX(1,N(I147))*N(T147) -> 0 | AG147: =AA147*N(AD147) -> 0 | AH147: =AA147*N(AE147) -> 0 | AI147: =AA147*N(AF147) -> 0 | AJ147: =AA147*N(R147) -> 0 | AK147: =AB147*N(AD147) -> 0 | AL147: =AB147*N(AE147) -> 0 | AM147: =AB147*N(AF147) -> 0 | AN147: =AB147*N(R147) -> 0 | AO147: =IF(F147<>"Y","n/a",IF(AND(N147<>"",OR(Q147<>"",G147="Other / bench",G147="None"),U147<>""),"OK","Missing")) -> Missing
A148: F24 | B148: FP | C148: Lixiban 2.5; Lixiban 5 | Apixaban | D148: Identification (if separate from assay) | E148: =IF(A148="","",A148&"|"&D148) -> F24|Identification (if separate from assay) | F148: N | G148: HPLC | H148: Low | I148: 1 | P148: =IF(N148="",0,IF(OR(M148="",O148=""),N148,(M148+4*N148+O148)/6)) -> 0 | W148: N | AA148: =IF(F148<>"Y",0,((SUMIF(Products!$E$5:$E$300,A148,Products!$F$5:$F$300)+SUMIF(RM_Lots!$A$5:$A$400,A148,RM_Lots!$D$5:$D$400))+IF(W148="Y",SUMIF(Products!$E$5:$E$300,A148,Products!$G$5:$G$300),0))*(1+N(V148))) -> 0 | AB148: =IF(F148<>"Y",0,((SUMIF(Products!$E$5:$E$300,A148,Products!$K$5:$K$300)+SUMIF(RM_Lots!$A$5:$A$400,A148,RM_Lots!$F$5:$F$400))+IF(W148="Y",SUMIF(Products!$E$5:$E$300,A148,Products!$L$5:$L$300),0))*(1+N(V148))) -> 0 | AC148: =IF(J148="",1,MAX(1,COUNTIFS($J$5:$J$863,J148,$F$5:$F$863,"Y"))) -> 1 | AD148: =(MAX(1,N(I148))*(P148+N(S148))+MAX(1,N(I148))*N(K148)/(MAX(1,N(U148))*AC148))*Settings!$B$9 -> 0 | AE148: =(MAX(1,N(I148))*N(Q148)+MAX(1,N(I148))*N(L148)/(MAX(1,N(U148))*AC148))*Settings!$B$8 -> 0 | AF148: =MAX(1,N(I148))*N(T148) -> 0 | AG148: =AA148*N(AD148) -> 0 | AH148: =AA148*N(AE148) -> 0 | AI148: =AA148*N(AF148) -> 0 | AJ148: =AA148*N(R148) -> 0 | AK148: =AB148*N(AD148) -> 0 | AL148: =AB148*N(AE148) -> 0 | AM148: =AB148*N(AF148) -> 0 | AN148: =AB148*N(R148) -> 0 | AO148: =IF(F148<>"Y","n/a",IF(AND(N148<>"",OR(Q148<>"",G148="Other / bench",G148="None"),U148<>""),"OK","Missing")) -> n/a
A149: F24 | B149: FP | C149: Lixiban 2.5; Lixiban 5 | Apixaban | D149: Other tests (non-HPLC: physical, LOD/KF, disintegration, pH, micro...) | E149: =IF(A149="","",A149&"|"&D149) -> F24|Other tests (non-HPLC: physical, LOD/KF, disintegration, pH, micro...) | F149: Y | G149: Other / bench | H149: Low | I149: 1 | P149: =IF(N149="",0,IF(OR(M149="",O149=""),N149,(M149+4*N149+O149)/6)) -> 0 | W149: Y | AA149: =IF(F149<>"Y",0,((SUMIF(Products!$E$5:$E$300,A149,Products!$F$5:$F$300)+SUMIF(RM_Lots!$A$5:$A$400,A149,RM_Lots!$D$5:$D$400))+IF(W149="Y",SUMIF(Products!$E$5:$E$300,A149,Products!$G$5:$G$300),0))*(1+N(V149))) -> 0 | AB149: =IF(F149<>"Y",0,((SUMIF(Products!$E$5:$E$300,A149,Products!$K$5:$K$300)+SUMIF(RM_Lots!$A$5:$A$400,A149,RM_Lots!$F$5:$F$400))+IF(W149="Y",SUMIF(Products!$E$5:$E$300,A149,Products!$L$5:$L$300),0))*(1+N(V149))) -> 0 | AC149: =IF(J149="",1,MAX(1,COUNTIFS($J$5:$J$863,J149,$F$5:$F$863,"Y"))) -> 1 | AD149: =(MAX(1,N(I149))*(P149+N(S149))+MAX(1,N(I149))*N(K149)/(MAX(1,N(U149))*AC149))*Settings!$B$9 -> 0 | AE149: =(MAX(1,N(I149))*N(Q149)+MAX(1,N(I149))*N(L149)/(MAX(1,N(U149))*AC149))*Settings!$B$8 -> 0 | AF149: =MAX(1,N(I149))*N(T149) -> 0 | AG149: =AA149*N(AD149) -> 0 | AH149: =AA149*N(AE149) -> 0 | AI149: =AA149*N(AF149) -> 0 | AJ149: =AA149*N(R149) -> 0 | AK149: =AB149*N(AD149) -> 0 | AL149: =AB149*N(AE149) -> 0 | AM149: =AB149*N(AF149) -> 0 | AN149: =AB149*N(R149) -> 0 | AO149: =IF(F149<>"Y","n/a",IF(AND(N149<>"",OR(Q149<>"",G149="Other / bench",G149="None"),U149<>""),"OK","Missing")) -> Missing
... A197: F32 | B197: FP | C197: L-Carnitine 1000/10; L-Carnitine 2000/10 | L-Carnitine (Base) | D197: Other tests (non-HPLC: physical, LOD/KF, disintegration, pH, micro...) | E197: =IF(A197="","",A197&"|"&D197) -> F32|Other tests (non-HPLC: physical, LOD/KF, disintegration, pH, micro...) | F197: Y | G197: Other / bench | H197: Low | I197: 1 | P197: =IF(N197="",0,IF(OR(M197="",O197=""),N197,(M197+4*N197+O197)/6)) -> 0 | W197: Y | AA197: =IF(F197<>"Y",0,((SUMIF(Products!$E$5:$E$300,A197,Products!$F$5:$F$300)+SUMIF(RM_Lots!$A$5:$A$400,A197,RM_Lots!$D$5:$D$400))+IF(W197="Y",SUMIF(Products!$E$5:$E$300,A197,Products!$G$5:$G$300),0))*(1+N(V197))) -> 0 | AB197: =IF(F197<>"Y",0,((SUMIF(Products!$E$5:$E$300,A197,Products!$K$5:$K$300)+SUMIF(RM_Lots!$A$5:$A$400,A197,RM_Lots!$F$5:$F$400))+IF(W197="Y",SUMIF(Products!$E$5:$E$300,A197,Products!$L$5:$L$300),0))*(1+N(V197))) -> 0 | AC197: =IF(J197="",1,MAX(1,COUNTIFS($J$5:$J$863,J197,$F$5:$F$863,"Y"))) -> 1 | AD197: =(MAX(1,N(I197))*(P197+N(S197))+MAX(1,N(I197))*N(K197)/(MAX(1,N(U197))*AC197))*Settings!$B$9 -> 0 | AE197: =(MAX(1,N(I197))*N(Q197)+MAX(1,N(I197))*N(L197)/(MAX(1,N(U197))*AC197))*Settings!$B$8 -> 0 | AF197: =MAX(1,N(I197))*N(T197) -> 0 | AG197: =AA197*N(AD197) -> 0 | AH197: =AA197*N(AE197) -> 0 | AI197: =AA197*N(AF197) -> 0 | AJ197: =AA197*N(R197) -> 0 | AK197: =AB197*N(AD197) -> 0 | AL197: =AB197*N(AE197) -> 0 | AM197: =AB197*N(AF197) -> 0 | AN197: =AB197*N(R197) -> 0 | AO197: =IF(F197<>"Y","n/a",IF(AND(N197<>"",OR(Q197<>"",G197="Other / bench",G197="None"),U197<>""),"OK","Missing")) -> Missing
A198: F33 | B198: FP | C198: L-Carnitine Caffeine | L-Carnitine (Base), Caffeine (Base) (+3 more) | D198: Assay | E198: =IF(A198="","",A198&"|"&D198) -> F33|Assay | F198: Y | G198: HPLC | H198: High | I198: 1 | P198: =IF(N198="",0,IF(OR(M198="",O198=""),N198,(M198+4*N198+O198)/6)) -> 0 | W198: Y | Z198: Multi-active product: enter number of separate HPLC/AAS methods in col I | AA198: =IF(F198<>"Y",0,((SUMIF(Products!$E$5:$E$300,A198,Products!$F$5:$F$300)+SUMIF(RM_Lots!$A$5:$A$400,A198,RM_Lots!$D$5:$D$400))+IF(W198="Y",SUMIF(Products!$E$5:$E$300,A198,Products!$G$5:$G$300),0))*(1+N(V198))) -> 0 | AB198: =IF(F198<>"Y",0,((SUMIF(Products!$E$5:$E$300,A198,Products!$K$5:$K$300)+SUMIF(RM_Lots!$A$5:$A$400,A198,RM_Lots!$F$5:$F$400))+IF(W198="Y",SUMIF(Products!$E$5:$E$300,A198,Products!$L$5:$L$300),0))*(1+N(V198))) -> 0 | AC198: =IF(J198="",1,MAX(1,COUNTIFS($J$5:$J$863,J198,$F$5:$F$863,"Y"))) -> 1 | AD198: =(MAX(1,N(I198))*(P198+N(S198))+MAX(1,N(I198))*N(K198)/(MAX(1,N(U198))*AC198))*Settings!$B$9 -> 0 | AE198: =(MAX(1,N(I198))*N(Q198)+MAX(1,N(I198))*N(L198)/(MAX(1,N(U198))*AC198))*Settings!$B$8 -> 0 | AF198: =MAX(1,N(I198))*N(T198) -> 0 | AG198: =AA198*N(AD198) -> 0 | AH198: =AA198*N(AE198) -> 0 | AI198: =AA198*N(AF198) -> 0 | AJ198: =AA198*N(R198) -> 0 | AK198: =AB198*N(AD198) -> 0 | AL198: =AB198*N(AE198) -> 0 | AM198: =AB198*N(AF198) -> 0 | AN198: =AB198*N(R198) -> 0 | AO198: =IF(F198<>"Y","n/a",IF(AND(N198<>"",OR(Q198<>"",G198="Other / bench",G198="None"),U198<>""),"OK","Missing")) -> Missing
A199: F33 | B199: FP | C199: L-Carnitine Caffeine | L-Carnitine (Base), Caffeine (Base) (+3 more) | D199: Related substances / impurities | E199: =IF(A199="","",A199&"|"&D199) -> F33|Related substances / impurities | F199: N | G199: HPLC | H199: High | I199: 1 | P199: =IF(N199="",0,IF(OR(M199="",O199=""),N199,(M199+4*N199+O199)/6)) -> 0 | W199: Y | AA199: =IF(F199<>"Y",0,((SUMIF(Products!$E$5:$E$300,A199,Products!$F$5:$F$300)+SUMIF(RM_Lots!$A$5:$A$400,A199,RM_Lots!$D$5:$D$400))+IF(W199="Y",SUMIF(Products!$E$5:$E$300,A199,Products!$G$5:$G$300),0))*(1+N(V199))) -> 0 | AB199: =IF(F199<>"Y",0,((SUMIF(Products!$E$5:$E$300,A199,Products!$K$5:$K$300)+SUMIF(RM_Lots!$A$5:$A$400,A199,RM_Lots!$F$5:$F$400))+IF(W199="Y",SUMIF(Products!$E$5:$E$300,A199,Products!$L$5:$L$300),0))*(1+N(V199))) -> 0 | AC199: =IF(J199="",1,MAX(1,COUNTIFS($J$5:$J$863,J199,$F$5:$F$863,"Y"))) -> 1 | AD199: =(MAX(1,N(I199))*(P199+N(S199))+MAX(1,N(I199))*N(K199)/(MAX(1,N(U199))*AC199))*Settings!$B$9 -> 0 | AE199: =(MAX(1,N(I199))*N(Q199)+MAX(1,N(I199))*N(L199)/(MAX(1,N(U199))*AC199))*Settings!$B$8 -> 0 | AF199: =MAX(1,N(I199))*N(T199) -> 0 | AG199: =AA199*N(AD199) -> 0 | AH199: =AA199*N(AE199) -> 0 | AI199: =AA199*N(AF199) -> 0 | AJ199: =AA199*N(R199) -> 0 | AK199: =AB199*N(AD199) -> 0 | AL199: =AB199*N(AE199) -> 0 | AM199: =AB199*N(AF199) -> 0 | AN199: =AB199*N(R199) -> 0 | AO199: =IF(F199<>"Y","n/a",IF(AND(N199<>"",OR(Q199<>"",G199="Other / bench",G199="None"),U199<>""),"OK","Missing")) -> n/a
A200: F33 | B200: FP | C200: L-Carnitine Caffeine | L-Carnitine (Base), Caffeine (Base) (+3 more) | D200: Dissolution | E200: =IF(A200="","",A200&"|"&D200) -> F33|Dissolution | F200: Y | G200: HPLC | H200: High | I200: 1 | P200: =IF(N200="",0,IF(OR(M200="",O200=""),N200,(M200+4*N200+O200)/6)) -> 0 | W200: Y | AA200: =IF(F200<>"Y",0,((SUMIF(Products!$E$5:$E$300,A200,Products!$F$5:$F$300)+SUMIF(RM_Lots!$A$5:$A$400,A200,RM_Lots!$D$5:$D$400))+IF(W200="Y",SUMIF(Products!$E$5:$E$300,A200,Products!$G$5:$G$300),0))*(1+N(V200))) -> 0 | AB200: =IF(F200<>"Y",0,((SUMIF(Products!$E$5:$E$300,A200,Products!$K$5:$K$300)+SUMIF(RM_Lots!$A$5:$A$400,A200,RM_Lots!$F$5:$F$400))+IF(W200="Y",SUMIF(Products!$E$5:$E$300,A200,Products!$L$5:$L$300),0))*(1+N(V200))) -> 0 | AC200: =IF(J200="",1,MAX(1,COUNTIFS($J$5:$J$863,J200,$F$5:$F$863,"Y"))) -> 1 | AD200: =(MAX(1,N(I200))*(P200+N(S200))+MAX(1,N(I200))*N(K200)/(MAX(1,N(U200))*AC200))*Settings!$B$9 -> 0 | AE200: =(MAX(1,N(I200))*N(Q200)+MAX(1,N(I200))*N(L200)/(MAX(1,N(U200))*AC200))*Settings!$B$8 -> 0 | AF200: =MAX(1,N(I200))*N(T200) -> 0 | AG200: =AA200*N(AD200) -> 0 | AH200: =AA200*N(AE200) -> 0 | AI200: =AA200*N(AF200) -> 0 | AJ200: =AA200*N(R200) -> 0 | AK200: =AB200*N(AD200) -> 0 | AL200: =AB200*N(AE200) -> 0 | AM200: =AB200*N(AF200) -> 0 | AN200: =AB200*N(R200) -> 0 | AO200: =IF(F200<>"Y","n/a",IF(AND(N200<>"",OR(Q200<>"",G200="Other / bench",G200="None"),U200<>""),"OK","Missing")) -> Missing
A201: F33 | B201: FP | C201: L-Carnitine Caffeine | L-Carnitine (Base), Caffeine (Base) (+3 more) | D201: Content uniformity | E201: =IF(A201="","",A201&"|"&D201) -> F33|Content uniformity | F201: N | G201: HPLC | H201: High | I201: 1 | P201: =IF(N201="",0,IF(OR(M201="",O201=""),N201,(M201+4*N201+O201)/6)) -> 0 | W201: N | AA201: =IF(F201<>"Y",0,((SUMIF(Products!$E$5:$E$300,A201,Products!$F$5:$F$300)+SUMIF(RM_Lots!$A$5:$A$400,A201,RM_Lots!$D$5:$D$400))+IF(W201="Y",SUMIF(Products!$E$5:$E$300,A201,Products!$G$5:$G$300),0))*(1+N(V201))) -> 0 | AB201: =IF(F201<>"Y",0,((SUMIF(Products!$E$5:$E$300,A201,Products!$K$5:$K$300)+SUMIF(RM_Lots!$A$5:$A$400,A201,RM_Lots!$F$5:$F$400))+IF(W201="Y",SUMIF(Products!$E$5:$E$300,A201,Products!$L$5:$L$300),0))*(1+N(V201))) -> 0 | AC201: =IF(J201="",1,MAX(1,COUNTIFS($J$5:$J$863,J201,$F$5:$F$863,"Y"))) -> 1 | AD201: =(MAX(1,N(I201))*(P201+N(S201))+MAX(1,N(I201))*N(K201)/(MAX(1,N(U201))*AC201))*Settings!$B$9 -> 0 | AE201: =(MAX(1,N(I201))*N(Q201)+MAX(1,N(I201))*N(L201)/(MAX(1,N(U201))*AC201))*Settings!$B$8 -> 0 | AF201: =MAX(1,N(I201))*N(T201) -> 0 | AG201: =AA201*N(AD201) -> 0 | AH201: =AA201*N(AE201) -> 0 | AI201: =AA201*N(AF201) -> 0 | AJ201: =AA201*N(R201) -> 0 | AK201: =AB201*N(AD201) -> 0 | AL201: =AB201*N(AE201) -> 0 | AM201: =AB201*N(AF201) -> 0 | AN201: =AB201*N(R201) -> 0 | AO201: =IF(F201<>"Y","n/a",IF(AND(N201<>"",OR(Q201<>"",G201="Other / bench",G201="None"),U201<>""),"OK","Missing")) -> n/a
A202: F33 | B202: FP | C202: L-Carnitine Caffeine | L-Carnitine (Base), Caffeine (Base) (+3 more) | D202: Identification (if separate from assay) | E202: =IF(A202="","",A202&"|"&D202) -> F33|Identification (if separate from assay) | F202: N | G202: HPLC | H202: High | I202: 1 | P202: =IF(N202="",0,IF(OR(M202="",O202=""),N202,(M202+4*N202+O202)/6)) -> 0 | W202: N | AA202: =IF(F202<>"Y",0,((SUMIF(Products!$E$5:$E$300,A202,Products!$F$5:$F$300)+SUMIF(RM_Lots!$A$5:$A$400,A202,RM_Lots!$D$5:$D$400))+IF(W202="Y",SUMIF(Products!$E$5:$E$300,A202,Products!$G$5:$G$300),0))*(1+N(V202))) -> 0 | AB202: =IF(F202<>"Y",0,((SUMIF(Products!$E$5:$E$300,A202,Products!$K$5:$K$300)+SUMIF(RM_Lots!$A$5:$A$400,A202,RM_Lots!$F$5:$F$400))+IF(W202="Y",SUMIF(Products!$E$5:$E$300,A202,Products!$L$5:$L$300),0))*(1+N(V202))) -> 0 | AC202: =IF(J202="",1,MAX(1,COUNTIFS($J$5:$J$863,J202,$F$5:$F$863,"Y"))) -> 1 | AD202: =(MAX(1,N(I202))*(P202+N(S202))+MAX(1,N(I202))*N(K202)/(MAX(1,N(U202))*AC202))*Settings!$B$9 -> 0 | AE202: =(MAX(1,N(I202))*N(Q202)+MAX(1,N(I202))*N(L202)/(MAX(1,N(U202))*AC202))*Settings!$B$8 -> 0 | AF202: =MAX(1,N(I202))*N(T202) -> 0 | AG202: =AA202*N(AD202) -> 0 | AH202: =AA202*N(AE202) -> 0 | AI202: =AA202*N(AF202) -> 0 | AJ202: =AA202*N(R202) -> 0 | AK202: =AB202*N(AD202) -> 0 | AL202: =AB202*N(AE202) -> 0 | AM202: =AB202*N(AF202) -> 0 | AN202: =AB202*N(R202) -> 0 | AO202: =IF(F202<>"Y","n/a",IF(AND(N202<>"",OR(Q202<>"",G202="Other / bench",G202="None"),U202<>""),"OK","Missing")) -> n/a
A203: F33 | B203: FP | C203: L-Carnitine Caffeine | L-Carnitine (Base), Caffeine (Base) (+3 more) | D203: Other tests (non-HPLC: physical, LOD/KF, disintegration, pH, micro...) | E203: =IF(A203="","",A203&"|"&D203) -> F33|Other tests (non-HPLC: physical, LOD/KF, disintegration, pH, micro...) | F203: Y | G203: Other / bench | H203: High | I203: 1 | P203: =IF(N203="",0,IF(OR(M203="",O203=""),N203,(M203+4*N203+O203)/6)) -> 0 | W203: Y | AA203: =IF(F203<>"Y",0,((SUMIF(Products!$E$5:$E$300,A203,Products!$F$5:$F$300)+SUMIF(RM_Lots!$A$5:$A$400,A203,RM_Lots!$D$5:$D$400))+IF(W203="Y",SUMIF(Products!$E$5:$E$300,A203,Products!$G$5:$G$300),0))*(1+N(V203))) -> 0 | AB203: =IF(F203<>"Y",0,((SUMIF(Products!$E$5:$E$300,A203,Products!$K$5:$K$300)+SUMIF(RM_Lots!$A$5:$A$400,A203,RM_Lots!$F$5:$F$400))+IF(W203="Y",SUMIF(Products!$E$5:$E$300,A203,Products!$L$5:$L$300),0))*(1+N(V203))) -> 0 | AC203: =IF(J203="",1,MAX(1,COUNTIFS($J$5:$J$863,J203,$F$5:$F$863,"Y"))) -> 1 | AD203: =(MAX(1,N(I203))*(P203+N(S203))+MAX(1,N(I203))*N(K203)/(MAX(1,N(U203))*AC203))*Settings!$B$9 -> 0 | AE203: =(MAX(1,N(I203))*N(Q203)+MAX(1,N(I203))*N(L203)/(MAX(1,N(U203))*AC203))*Settings!$B$8 -> 0 | AF203: =MAX(1,N(I203))*N(T203) -> 0 | AG203: =AA203*N(AD203) -> 0 | AH203: =AA203*N(AE203) -> 0 | AI203: =AA203*N(AF203) -> 0 | AJ203: =AA203*N(R203) -> 0 | AK203: =AB203*N(AD203) -> 0 | AL203: =AB203*N(AE203) -> 0 | AM203: =AB203*N(AF203) -> 0 | AN203: =AB203*N(R203) -> 0 | AO203: =IF(F203<>"Y","n/a",IF(AND(N203<>"",OR(Q203<>"",G203="Other / bench",G203="None"),U203<>""),"OK","Missing")) -> Missing
A204: F34 | B204: FP | C204: B-Complex | Cyanocobalamin (Vitamin B12), Thiamine Hydrochloride (Vitamin B1) (+6 more) | D204: Assay | E204: =IF(A204="","",A204&"|"&D204) -> F34|Assay | F204: Y | G204: HPLC | H204: High | I204: 1 | P204: =IF(N204="",0,IF(OR(M204="",O204=""),N204,(M204+4*N204+O204)/6)) -> 0 | W204: Y | Z204: Multi-active product: enter number of separate HPLC/AAS methods in col I | AA204: =IF(F204<>"Y",0,((SUMIF(Products!$E$5:$E$300,A204,Products!$F$5:$F$300)+SUMIF(RM_Lots!$A$5:$A$400,A204,RM_Lots!$D$5:$D$400))+IF(W204="Y",SUMIF(Products!$E$5:$E$300,A204,Products!$G$5:$G$300),0))*(1+N(V204))) -> 0 | AB204: =IF(F204<>"Y",0,((SUMIF(Products!$E$5:$E$300,A204,Products!$K$5:$K$300)+SUMIF(RM_Lots!$A$5:$A$400,A204,RM_Lots!$F$5:$F$400))+IF(W204="Y",SUMIF(Products!$E$5:$E$300,A204,Products!$L$5:$L$300),0))*(1+N(V204))) -> 0 | AC204: =IF(J204="",1,MAX(1,COUNTIFS($J$5:$J$863,J204,$F$5:$F$863,"Y"))) -> 1 | AD204: =(MAX(1,N(I204))*(P204+N(S204))+MAX(1,N(I204))*N(K204)/(MAX(1,N(U204))*AC204))*Settings!$B$9 -> 0 | AE204: =(MAX(1,N(I204))*N(Q204)+MAX(1,N(I204))*N(L204)/(MAX(1,N(U204))*AC204))*Settings!$B$8 -> 0 | AF204: =MAX(1,N(I204))*N(T204) -> 0 | AG204: =AA204*N(AD204) -> 0 | AH204: =AA204*N(AE204) -> 0 | AI204: =AA204*N(AF204) -> 0 | AJ204: =AA204*N(R204) -> 0 | AK204: =AB204*N(AD204) -> 0 | AL204: =AB204*N(AE204) -> 0 | AM204: =AB204*N(AF204) -> 0 | AN204: =AB204*N(R204) -> 0 | AO204: =IF(F204<>"Y","n/a",IF(AND(N204<>"",OR(Q204<>"",G204="Other / bench",G204="None"),U204<>""),"OK","Missing")) -> Missing
A205: F34 | B205: FP | C205: B-Complex | Cyanocobalamin (Vitamin B12), Thiamine Hydrochloride (Vitamin B1) (+6 more) | D205: Related substances / impurities | E205: =IF(A205="","",A205&"|"&D205) -> F34|Related substances / impurities | F205: N | G205: HPLC | H205: High | I205: 1 | P205: =IF(N205="",0,IF(OR(M205="",O205=""),N205,(M205+4*N205+O205)/6)) -> 0 | W205: Y | AA205: =IF(F205<>"Y",0,((SUMIF(Products!$E$5:$E$300,A205,Products!$F$5:$F$300)+SUMIF(RM_Lots!$A$5:$A$400,A205,RM_Lots!$D$5:$D$400))+IF(W205="Y",SUMIF(Products!$E$5:$E$300,A205,Products!$G$5:$G$300),0))*(1+N(V205))) -> 0 | AB205: =IF(F205<>"Y",0,((SUMIF(Products!$E$5:$E$300,A205,Products!$K$5:$K$300)+SUMIF(RM_Lots!$A$5:$A$400,A205,RM_Lots!$F$5:$F$400))+IF(W205="Y",SUMIF(Products!$E$5:$E$300,A205,Products!$L$5:$L$300),0))*(1+N(V205))) -> 0 | AC205: =IF(J205="",1,MAX(1,COUNTIFS($J$5:$J$863,J205,$F$5:$F$863,"Y"))) -> 1 | AD205: =(MAX(1,N(I205))*(P205+N(S205))+MAX(1,N(I205))*N(K205)/(MAX(1,N(U205))*AC205))*Settings!$B$9 -> 0 | AE205: =(MAX(1,N(I205))*N(Q205)+MAX(1,N(I205))*N(L205)/(MAX(1,N(U205))*AC205))*Settings!$B$8 -> 0 | AF205: =MAX(1,N(I205))*N(T205) -> 0 | AG205: =AA205*N(AD205) -> 0 | AH205: =AA205*N(AE205) -> 0 | AI205: =AA205*N(AF205) -> 0 | AJ205: =AA205*N(R205) -> 0 | AK205: =AB205*N(AD205) -> 0 | AL205: =AB205*N(AE205) -> 0 | AM205: =AB205*N(AF205) -> 0 | AN205: =AB205*N(R205) -> 0 | AO205: =IF(F205<>"Y","n/a",IF(AND(N205<>"",OR(Q205<>"",G205="Other / bench",G205="None"),U205<>""),"OK","Missing")) -> n/a
A206: F34 | B206: FP | C206: B-Complex | Cyanocobalamin (Vitamin B12), Thiamine Hydrochloride (Vitamin B1) (+6 more) | D206: Dissolution | E206: =IF(A206="","",A206&"|"&D206) -> F34|Dissolution | F206: Y | G206: HPLC | H206: High | I206: 1 | P206: =IF(N206="",0,IF(OR(M206="",O206=""),N206,(M206+4*N206+O206)/6)) -> 0 | W206: Y | AA206: =IF(F206<>"Y",0,((SUMIF(Products!$E$5:$E$300,A206,Products!$F$5:$F$300)+SUMIF(RM_Lots!$A$5:$A$400,A206,RM_Lots!$D$5:$D$400))+IF(W206="Y",SUMIF(Products!$E$5:$E$300,A206,Products!$G$5:$G$300),0))*(1+N(V206))) -> 0 | AB206: =IF(F206<>"Y",0,((SUMIF(Products!$E$5:$E$300,A206,Products!$K$5:$K$300)+SUMIF(RM_Lots!$A$5:$A$400,A206,RM_Lots!$F$5:$F$400))+IF(W206="Y",SUMIF(Products!$E$5:$E$300,A206,Products!$L$5:$L$300),0))*(1+N(V206))) -> 0 | AC206: =IF(J206="",1,MAX(1,COUNTIFS($J$5:$J$863,J206,$F$5:$F$863,"Y"))) -> 1 | AD206: =(MAX(1,N(I206))*(P206+N(S206))+MAX(1,N(I206))*N(K206)/(MAX(1,N(U206))*AC206))*Settings!$B$9 -> 0 | AE206: =(MAX(1,N(I206))*N(Q206)+MAX(1,N(I206))*N(L206)/(MAX(1,N(U206))*AC206))*Settings!$B$8 -> 0 | AF206: =MAX(1,N(I206))*N(T206) -> 0 | AG206: =AA206*N(AD206) -> 0 | AH206: =AA206*N(AE206) -> 0 | AI206: =AA206*N(AF206) -> 0 | AJ206: =AA206*N(R206) -> 0 | AK206: =AB206*N(AD206) -> 0 | AL206: =AB206*N(AE206) -> 0 | AM206: =AB206*N(AF206) -> 0 | AN206: =AB206*N(R206) -> 0 | AO206: =IF(F206<>"Y","n/a",IF(AND(N206<>"",OR(Q206<>"",G206="Other / bench",G206="None"),U206<>""),"OK","Missing")) -> Missing
A207: F34 | B207: FP | C207: B-Complex | Cyanocobalamin (Vitamin B12), Thiamine Hydrochloride (Vitamin B1) (+6 more) | D207: Content uniformity | E207: =IF(A207="","",A207&"|"&D207) -> F34|Content uniformity | F207: N | G207: HPLC | H207: High | I207: 1 | P207: =IF(N207="",0,IF(OR(M207="",O207=""),N207,(M207+4*N207+O207)/6)) -> 0 | W207: N | AA207: =IF(F207<>"Y",0,((SUMIF(Products!$E$5:$E$300,A207,Products!$F$5:$F$300)+SUMIF(RM_Lots!$A$5:$A$400,A207,RM_Lots!$D$5:$D$400))+IF(W207="Y",SUMIF(Products!$E$5:$E$300,A207,Products!$G$5:$G$300),0))*(1+N(V207))) -> 0 | AB207: =IF(F207<>"Y",0,((SUMIF(Products!$E$5:$E$300,A207,Products!$K$5:$K$300)+SUMIF(RM_Lots!$A$5:$A$400,A207,RM_Lots!$F$5:$F$400))+IF(W207="Y",SUMIF(Products!$E$5:$E$300,A207,Products!$L$5:$L$300),0))*(1+N(V207))) -> 0 | AC207: =IF(J207="",1,MAX(1,COUNTIFS($J$5:$J$863,J207,$F$5:$F$863,"Y"))) -> 1 | AD207: =(MAX(1,N(I207))*(P207+N(S207))+MAX(1,N(I207))*N(K207)/(MAX(1,N(U207))*AC207))*Settings!$B$9 -> 0 | AE207: =(MAX(1,N(I207))*N(Q207)+MAX(1,N(I207))*N(L207)/(MAX(1,N(U207))*AC207))*Settings!$B$8 -> 0 | AF207: =MAX(1,N(I207))*N(T207) -> 0 | AG207: =AA207*N(AD207) -> 0 | AH207: =AA207*N(AE207) -> 0 | AI207: =AA207*N(AF207) -> 0 | AJ207: =AA207*N(R207) -> 0 | AK207: =AB207*N(AD207) -> 0 | AL207: =AB207*N(AE207) -> 0 | AM207: =AB207*N(AF207) -> 0 | AN207: =AB207*N(R207) -> 0 | AO207: =IF(F207<>"Y","n/a",IF(AND(N207<>"",OR(Q207<>"",G207="Other / bench",G207="None"),U207<>""),"OK","Missing")) -> n/a
A208: F34 | B208: FP | C208: B-Complex | Cyanocobalamin (Vitamin B12), Thiamine Hydrochloride (Vitamin B1) (+6 more) | D208: Identification (if separate from assay) | E208: =IF(A208="","",A208&"|"&D208) -> F34|Identification (if separate from assay) | F208: N | G208: HPLC | H208: High | I208: 1 | P208: =IF(N208="",0,IF(OR(M208="",O208=""),N208,(M208+4*N208+O208)/6)) -> 0 | W208: N | AA208: =IF(F208<>"Y",0,((SUMIF(Products!$E$5:$E$300,A208,Products!$F$5:$F$300)+SUMIF(RM_Lots!$A$5:$A$400,A208,RM_Lots!$D$5:$D$400))+IF(W208="Y",SUMIF(Products!$E$5:$E$300,A208,Products!$G$5:$G$300),0))*(1+N(V208))) -> 0 | AB208: =IF(F208<>"Y",0,((SUMIF(Products!$E$5:$E$300,A208,Products!$K$5:$K$300)+SUMIF(RM_Lots!$A$5:$A$400,A208,RM_Lots!$F$5:$F$400))+IF(W208="Y",SUMIF(Products!$E$5:$E$300,A208,Products!$L$5:$L$300),0))*(1+N(V208))) -> 0 | AC208: =IF(J208="",1,MAX(1,COUNTIFS($J$5:$J$863,J208,$F$5:$F$863,"Y"))) -> 1 | AD208: =(MAX(1,N(I208))*(P208+N(S208))+MAX(1,N(I208))*N(K208)/(MAX(1,N(U208))*AC208))*Settings!$B$9 -> 0 | AE208: =(MAX(1,N(I208))*N(Q208)+MAX(1,N(I208))*N(L208)/(MAX(1,N(U208))*AC208))*Settings!$B$8 -> 0 | AF208: =MAX(1,N(I208))*N(T208) -> 0 | AG208: =AA208*N(AD208) -> 0 | AH208: =AA208*N(AE208) -> 0 | AI208: =AA208*N(AF208) -> 0 | AJ208: =AA208*N(R208) -> 0 | AK208: =AB208*N(AD208) -> 0 | AL208: =AB208*N(AE208) -> 0 | AM208: =AB208*N(AF208) -> 0 | AN208: =AB208*N(R208) -> 0 | AO208: =IF(F208<>"Y","n/a",IF(AND(N208<>"",OR(Q208<>"",G208="Other / bench",G208="None"),U208<>""),"OK","Missing")) -> n/a
A209: F34 | B209: FP | C209: B-Complex | Cyanocobalamin (Vitamin B12), Thiamine Hydrochloride (Vitamin B1) (+6 more) | D209: Other tests (non-HPLC: physical, LOD/KF, disintegration, pH, micro...) | E209: =IF(A209="","",A209&"|"&D209) -> F34|Other tests (non-HPLC: physical, LOD/KF, disintegration, pH, micro...) | F209: Y | G209: Other / bench | H209: High | I209: 1 | P209: =IF(N209="",0,IF(OR(M209="",O209=""),N209,(M209+4*N209+O209)/6)) -> 0 | W209: Y | AA209: =IF(F209<>"Y",0,((SUMIF(Products!$E$5:$E$300,A209,Products!$F$5:$F$300)+SUMIF(RM_Lots!$A$5:$A$400,A209,RM_Lots!$D$5:$D$400))+IF(W209="Y",SUMIF(Products!$E$5:$E$300,A209,Products!$G$5:$G$300),0))*(1+N(V209))) -> 0 | AB209: =IF(F209<>"Y",0,((SUMIF(Products!$E$5:$E$300,A209,Products!$K$5:$K$300)+SUMIF(RM_Lots!$A$5:$A$400,A209,RM_Lots!$F$5:$F$400))+IF(W209="Y",SUMIF(Products!$E$5:$E$300,A209,Products!$L$5:$L$300),0))*(1+N(V209))) -> 0 | AC209: =IF(J209="",1,MAX(1,COUNTIFS($J$5:$J$863,J209,$F$5:$F$863,"Y"))) -> 1 | AD209: =(MAX(1,N(I209))*(P209+N(S209))+MAX(1,N(I209))*N(K209)/(MAX(1,N(U209))*AC209))*Settings!$B$9 -> 0 | AE209: =(MAX(1,N(I209))*N(Q209)+MAX(1,N(I209))*N(L209)/(MAX(1,N(U209))*AC209))*Settings!$B$8 -> 0 | AF209: =MAX(1,N(I209))*N(T209) -> 0 | AG209: =AA209*N(AD209) -> 0 | AH209: =AA209*N(AE209) -> 0 | AI209: =AA209*N(AF209) -> 0 | AJ209: =AA209*N(R209) -> 0 | AK209: =AB209*N(AD209) -> 0 | AL209: =AB209*N(AE209) -> 0 | AM209: =AB209*N(AF209) -> 0 | AN209: =AB209*N(R209) -> 0 | AO209: =IF(F209<>"Y","n/a",IF(AND(N209<>"",OR(Q209<>"",G209="Other / bench",G209="None"),U209<>""),"OK","Missing")) -> Missing
A210: F35 | B210: FP | C210: Sachet Vitamin B12 | Cyanocobalamin (Vitamin B12) | D210: Assay | E210: =IF(A210="","",A210&"|"&D210) -> F35|Assay | F210: Y | G210: HPLC | H210: Low | I210: 1 | P210: =IF(N210="",0,IF(OR(M210="",O210=""),N210,(M210+4*N210+O210)/6)) -> 0 | W210: Y | AA210: =IF(F210<>"Y",0,((SUMIF(Products!$E$5:$E$300,A210,Products!$F$5:$F$300)+SUMIF(RM_Lots!$A$5:$A$400,A210,RM_Lots!$D$5:$D$400))+IF(W210="Y",SUMIF(Products!$E$5:$E$300,A210,Products!$G$5:$G$300),0))*(1+N(V210))) -> 0 | AB210: =IF(F210<>"Y",0,((SUMIF(Products!$E$5:$E$300,A210,Products!$K$5:$K$300)+SUMIF(RM_Lots!$A$5:$A$400,A210,RM_Lots!$F$5:$F$400))+IF(W210="Y",SUMIF(Products!$E$5:$E$300,A210,Products!$L$5:$L$300),0))*(1+N(V210))) -> 0 | AC210: =IF(J210="",1,MAX(1,COUNTIFS($J$5:$J$863,J210,$F$5:$F$863,"Y"))) -> 1 | AD210: =(MAX(1,N(I210))*(P210+N(S210))+MAX(1,N(I210))*N(K210)/(MAX(1,N(U210))*AC210))*Settings!$B$9 -> 0 | AE210: =(MAX(1,N(I210))*N(Q210)+MAX(1,N(I210))*N(L210)/(MAX(1,N(U210))*AC210))*Settings!$B$8 -> 0 | AF210: =MAX(1,N(I210))*N(T210) -> 0 | AG210: =AA210*N(AD210) -> 0 | AH210: =AA210*N(AE210) -> 0 | AI210: =AA210*N(AF210) -> 0 | AJ210: =AA210*N(R210) -> 0 | AK210: =AB210*N(AD210) -> 0 | AL210: =AB210*N(AE210) -> 0 | AM210: =AB210*N(AF210) -> 0 | AN210: =AB210*N(R210) -> 0 | AO210: =IF(F210<>"Y","n/a",IF(AND(N210<>"",OR(Q210<>"",G210="Other / bench",G210="None"),U210<>""),"OK","Missing")) -> Missing
A211: F35 | B211: FP | C211: Sachet Vitamin B12 | Cyanocobalamin (Vitamin B12) | D211: Related substances / impurities | E211: =IF(A211="","",A211&"|"&D211) -> F35|Related substances / impurities | F211: Y | G211: HPLC | H211: Low | I211: 1 | P211: =IF(N211="",0,IF(OR(M211="",O211=""),N211,(M211+4*N211+O211)/6)) -> 0 | W211: Y | AA211: =IF(F211<>"Y",0,((SUMIF(Products!$E$5:$E$300,A211,Products!$F$5:$F$300)+SUMIF(RM_Lots!$A$5:$A$400,A211,RM_Lots!$D$5:$D$400))+IF(W211="Y",SUMIF(Products!$E$5:$E$300,A211,Products!$G$5:$G$300),0))*(1+N(V211))) -> 0 | AB211: =IF(F211<>"Y",0,((SUMIF(Products!$E$5:$E$300,A211,Products!$K$5:$K$300)+SUMIF(RM_Lots!$A$5:$A$400,A211,RM_Lots!$F$5:$F$400))+IF(W211="Y",SUMIF(Products!$E$5:$E$300,A211,Products!$L$5:$L$300),0))*(1+N(V211))) -> 0 | AC211: =IF(J211="",1,MAX(1,COUNTIFS($J$5:$J$863,J211,$F$5:$F$863,"Y"))) -> 1 | AD211: =(MAX(1,N(I211))*(P211+N(S211))+MAX(1,N(I211))*N(K211)/(MAX(1,N(U211))*AC211))*Settings!$B$9 -> 0 | AE211: =(MAX(1,N(I211))*N(Q211)+MAX(1,N(I211))*N(L211)/(MAX(1,N(U211))*AC211))*Settings!$B$8 -> 0 | AF211: =MAX(1,N(I211))*N(T211) -> 0 | AG211: =AA211*N(AD211) -> 0 | AH211: =AA211*N(AE211) -> 0 | AI211: =AA211*N(AF211) -> 0 | AJ211: =AA211*N(R211) -> 0 | AK211: =AB211*N(AD211) -> 0 | AL211: =AB211*N(AE211) -> 0 | AM211: =AB211*N(AF211) -> 0 | AN211: =AB211*N(R211) -> 0 | AO211: =IF(F211<>"Y","n/a",IF(AND(N211<>"",OR(Q211<>"",G211="Other / bench",G211="None"),U211<>""),"OK","Missing")) -> Missing
A212: F35 | B212: FP | C212: Sachet Vitamin B12 | Cyanocobalamin (Vitamin B12) | D212: Dissolution | E212: =IF(A212="","",A212&"|"&D212) -> F35|Dissolution | F212: Y | G212: HPLC | H212: Low | I212: 1 | P212: =IF(N212="",0,IF(OR(M212="",O212=""),N212,(M212+4*N212+O212)/6)) -> 0 | W212: Y | AA212: =IF(F212<>"Y",0,((SUMIF(Products!$E$5:$E$300,A212,Products!$F$5:$F$300)+SUMIF(RM_Lots!$A$5:$A$400,A212,RM_Lots!$D$5:$D$400))+IF(W212="Y",SUMIF(Products!$E$5:$E$300,A212,Products!$G$5:$G$300),0))*(1+N(V212))) -> 0 | AB212: =IF(F212<>"Y",0,((SUMIF(Products!$E$5:$E$300,A212,Products!$K$5:$K$300)+SUMIF(RM_Lots!$A$5:$A$400,A212,RM_Lots!$F$5:$F$400))+IF(W212="Y",SUMIF(Products!$E$5:$E$300,A212,Products!$L$5:$L$300),0))*(1+N(V212))) -> 0 | AC212: =IF(J212="",1,MAX(1,COUNTIFS($J$5:$J$863,J212,$F$5:$F$863,"Y"))) -> 1 | AD212: =(MAX(1,N(I212))*(P212+N(S212))+MAX(1,N(I212))*N(K212)/(MAX(1,N(U212))*AC212))*Settings!$B$9 -> 0 | AE212: =(MAX(1,N(I212))*N(Q212)+MAX(1,N(I212))*N(L212)/(MAX(1,N(U212))*AC212))*Settings!$B$8 -> 0 | AF212: =MAX(1,N(I212))*N(T212) -> 0 | AG212: =AA212*N(AD212) -> 0 | AH212: =AA212*N(AE212) -> 0 | AI212: =AA212*N(AF212) -> 0 | AJ212: =AA212*N(R212) -> 0 | AK212: =AB212*N(AD212) -> 0 | AL212: =AB212*N(AE212) -> 0 | AM212: =AB212*N(AF212) -> 0 | AN212: =AB212*N(R212) -> 0 | AO212: =IF(F212<>"Y","n/a",IF(AND(N212<>"",OR(Q212<>"",G212="Other / bench",G212="None"),U212<>""),"OK","Missing")) -> Missing
A213: F35 | B213: FP | C213: Sachet Vitamin B12 | Cyanocobalamin (Vitamin B12) | D213: Content uniformity | E213: =IF(A213="","",A213&"|"&D213) -> F35|Content uniformity | F213: Y | G213: HPLC | H213: Low | I213: 1 | P213: =IF(N213="",0,IF(OR(M213="",O213=""),N213,(M213+4*N213+O213)/6)) -> 0 | W213: N | AA213: =IF(F213<>"Y",0,((SUMIF(Products!$E$5:$E$300,A213,Products!$F$5:$F$300)+SUMIF(RM_Lots!$A$5:$A$400,A213,RM_Lots!$D$5:$D$400))+IF(W213="Y",SUMIF(Products!$E$5:$E$300,A213,Products!$G$5:$G$300),0))*(1+N(V213))) -> 0 | AB213: =IF(F213<>"Y",0,((SUMIF(Products!$E$5:$E$300,A213,Products!$K$5:$K$300)+SUMIF(RM_Lots!$A$5:$A$400,A213,RM_Lots!$F$5:$F$400))+IF(W213="Y",SUMIF(Products!$E$5:$E$300,A213,Products!$L$5:$L$300),0))*(1+N(V213))) -> 0 | AC213: =IF(J213="",1,MAX(1,COUNTIFS($J$5:$J$863,J213,$F$5:$F$863,"Y"))) -> 1 | AD213: =(MAX(1,N(I213))*(P213+N(S213))+MAX(1,N(I213))*N(K213)/(MAX(1,N(U213))*AC213))*Settings!$B$9 -> 0 | AE213: =(MAX(1,N(I213))*N(Q213)+MAX(1,N(I213))*N(L213)/(MAX(1,N(U213))*AC213))*Settings!$B$8 -> 0 | AF213: =MAX(1,N(I213))*N(T213) -> 0 | AG213: =AA213*N(AD213) -> 0 | AH213: =AA213*N(AE213) -> 0 | AI213: =AA213*N(AF213) -> 0 | AJ213: =AA213*N(R213) -> 0 | AK213: =AB213*N(AD213) -> 0 | AL213: =AB213*N(AE213) -> 0 | AM213: =AB213*N(AF213) -> 0 | AN213: =AB213*N(R213) -> 0 | AO213: =IF(F213<>"Y","n/a",IF(AND(N213<>"",OR(Q213<>"",G213="Other / bench",G213="None"),U213<>""),"OK","Missing")) -> Missing
A214: F35 | B214: FP | C214: Sachet Vitamin B12 | Cyanocobalamin (Vitamin B12) | D214: Identification (if separate from assay) | E214: =IF(A214="","",A214&"|"&D214) -> F35|Identification (if separate from assay) | F214: N | G214: HPLC | H214: Low | I214: 1 | P214: =IF(N214="",0,IF(OR(M214="",O214=""),N214,(M214+4*N214+O214)/6)) -> 0 | W214: N | AA214: =IF(F214<>"Y",0,((SUMIF(Products!$E$5:$E$300,A214,Products!$F$5:$F$300)+SUMIF(RM_Lots!$A$5:$A$400,A214,RM_Lots!$D$5:$D$400))+IF(W214="Y",SUMIF(Products!$E$5:$E$300,A214,Products!$G$5:$G$300),0))*(1+N(V214))) -> 0 | AB214: =IF(F214<>"Y",0,((SUMIF(Products!$E$5:$E$300,A214,Products!$K$5:$K$300)+SUMIF(RM_Lots!$A$5:$A$400,A214,RM_Lots!$F$5:$F$400))+IF(W214="Y",SUMIF(Products!$E$5:$E$300,A214,Products!$L$5:$L$300),0))*(1+N(V214))) -> 0 | AC214: =IF(J214="",1,MAX(1,COUNTIFS($J$5:$J$863,J214,$F$5:$F$863,"Y"))) -> 1 | AD214: =(MAX(1,N(I214))*(P214+N(S214))+MAX(1,N(I214))*N(K214)/(MAX(1,N(U214))*AC214))*Settings!$B$9 -> 0 | AE214: =(MAX(1,N(I214))*N(Q214)+MAX(1,N(I214))*N(L214)/(MAX(1,N(U214))*AC214))*Settings!$B$8 -> 0 | AF214: =MAX(1,N(I214))*N(T214) -> 0 | AG214: =AA214*N(AD214) -> 0 | AH214: =AA214*N(AE214) -> 0 | AI214: =AA214*N(AF214) -> 0 | AJ214: =AA214*N(R214) -> 0 | AK214: =AB214*N(AD214) -> 0 | AL214: =AB214*N(AE214) -> 0 | AM214: =AB214*N(AF214) -> 0 | AN214: =AB214*N(R214) -> 0 | AO214: =IF(F214<>"Y","n/a",IF(AND(N214<>"",OR(Q214<>"",G214="Other / bench",G214="None"),U214<>""),"OK","Missing")) -> n/a
A215: F35 | B215: FP | C215: Sachet Vitamin B12 | Cyanocobalamin (Vitamin B12) | D215: Other tests (non-HPLC: physical, LOD/KF, disintegration, pH, micro...) | E215: =IF(A215="","",A215&"|"&D215) -> F35|Other tests (non-HPLC: physical, LOD/KF, disintegration, pH, micro...) | F215: Y | G215: Other / bench | H215: Low | I215: 1 | P215: =IF(N215="",0,IF(OR(M215="",O215=""),N215,(M215+4*N215+O215)/6)) -> 0 | W215: Y | AA215: =IF(F215<>"Y",0,((SUMIF(Products!$E$5:$E$300,A215,Products!$F$5:$F$300)+SUMIF(RM_Lots!$A$5:$A$400,A215,RM_Lots!$D$5:$D$400))+IF(W215="Y",SUMIF(Products!$E$5:$E$300,A215,Products!$G$5:$G$300),0))*(1+N(V215))) -> 0 | AB215: =IF(F215<>"Y",0,((SUMIF(Products!$E$5:$E$300,A215,Products!$K$5:$K$300)+SUMIF(RM_Lots!$A$5:$A$400,A215,RM_Lots!$F$5:$F$400))+IF(W215="Y",SUMIF(Products!$E$5:$E$300,A215,Products!$L$5:$L$300),0))*(1+N(V215))) -> 0 | AC215: =IF(J215="",1,MAX(1,COUNTIFS($J$5:$J$863,J215,$F$5:$F$863,"Y"))) -> 1 | AD215: =(MAX(1,N(I215))*(P215+N(S215))+MAX(1,N(I215))*N(K215)/(MAX(1,N(U215))*AC215))*Settings!$B$9 -> 0 | AE215: =(MAX(1,N(I215))*N(Q215)+MAX(1,N(I215))*N(L215)/(MAX(1,N(U215))*AC215))*Settings!$B$8 -> 0 | AF215: =MAX(1,N(I215))*N(T215) -> 0 | AG215: =AA215*N(AD215) -> 0 | AH215: =AA215*N(AE215) -> 0 | AI215: =AA215*N(AF215) -> 0 | AJ215: =AA215*N(R215) -> 0 | AK215: =AB215*N(AD215) -> 0 | AL215: =AB215*N(AE215) -> 0 | AM215: =AB215*N(AF215) -> 0 | AN215: =AB215*N(R215) -> 0 | AO215: =IF(F215<>"Y","n/a",IF(AND(N215<>"",OR(Q215<>"",G215="Other / bench",G215="None"),U215<>""),"OK","Missing")) -> Missing
A216: F36 | B216: FP | C216: Ca+k+D3 | Calcium Carbonate, Vitamin D3 (+1 more) | D216: Assay | E216: =IF(A216="","",A216&"|"&D216) -> F36|Assay | F216: Y | G216: HPLC | H216: Medium | I216: 1 | P216: =IF(N216="",0,IF(OR(M216="",O216=""),N216,(M216+4*N216+O216)/6)) -> 0 | W216: Y | AA216: =IF(F216<>"Y",0,((SUMIF(Products!$E$5:$E$300,A216,Products!$F$5:$F$300)+SUMIF(RM_Lots!$A$5:$A$400,A216,RM_Lots!$D$5:$D$400))+IF(W216="Y",SUMIF(Products!$E$5:$E$300,A216,Products!$G$5:$G$300),0))*(1+N(V216))) -> 0 | AB216: =IF(F216<>"Y",0,((SUMIF(Products!$E$5:$E$300,A216,Products!$K$5:$K$300)+SUMIF(RM_Lots!$A$5:$A$400,A216,RM_Lots!$F$5:$F$400))+IF(W216="Y",SUMIF(Products!$E$5:$E$300,A216,Products!$L$5:$L$300),0))*(1+N(V216))) -> 0 | AC216: =IF(J216="",1,MAX(1,COUNTIFS($J$5:$J$863,J216,$F$5:$F$863,"Y"))) -> 1 | AD216: =(MAX(1,N(I216))*(P216+N(S216))+MAX(1,N(I216))*N(K216)/(MAX(1,N(U216))*AC216))*Settings!$B$9 -> 0 | AE216: =(MAX(1,N(I216))*N(Q216)+MAX(1,N(I216))*N(L216)/(MAX(1,N(U216))*AC216))*Settings!$B$8 -> 0 | AF216: =MAX(1,N(I216))*N(T216) -> 0 | AG216: =AA216*N(AD216) -> 0 | AH216: =AA216*N(AE216) -> 0 | AI216: =AA216*N(AF216) -> 0 | AJ216: =AA216*N(R216) -> 0 | AK216: =AB216*N(AD216) -> 0 | AL216: =AB216*N(AE216) -> 0 | AM216: =AB216*N(AF216) -> 0 | AN216: =AB216*N(R216) -> 0 | AO216: =IF(F216<>"Y","n/a",IF(AND(N216<>"",OR(Q216<>"",G216="Other / bench",G216="None"),U216<>""),"OK","Missing")) -> Missing
... A221: F36 | B221: FP | C221: Ca+k+D3 | Calcium Carbonate, Vitamin D3 (+1 more) | D221: Other tests (non-HPLC: physical, LOD/KF, disintegration, pH, micro...) | E221: =IF(A221="","",A221&"|"&D221) -> F36|Other tests (non-HPLC: physical, LOD/KF, disintegration, pH, micro...) | F221: Y | G221: Other / bench | H221: Medium | I221: 1 | P221: =IF(N221="",0,IF(OR(M221="",O221=""),N221,(M221+4*N221+O221)/6)) -> 0 | W221: Y | AA221: =IF(F221<>"Y",0,((SUMIF(Products!$E$5:$E$300,A221,Products!$F$5:$F$300)+SUMIF(RM_Lots!$A$5:$A$400,A221,RM_Lots!$D$5:$D$400))+IF(W221="Y",SUMIF(Products!$E$5:$E$300,A221,Products!$G$5:$G$300),0))*(1+N(V221))) -> 0 | AB221: =IF(F221<>"Y",0,((SUMIF(Products!$E$5:$E$300,A221,Products!$K$5:$K$300)+SUMIF(RM_Lots!$A$5:$A$400,A221,RM_Lots!$F$5:$F$400))+IF(W221="Y",SUMIF(Products!$E$5:$E$300,A221,Products!$L$5:$L$300),0))*(1+N(V221))) -> 0 | AC221: =IF(J221="",1,MAX(1,COUNTIFS($J$5:$J$863,J221,$F$5:$F$863,"Y"))) -> 1 | AD221: =(MAX(1,N(I221))*(P221+N(S221))+MAX(1,N(I221))*N(K221)/(MAX(1,N(U221))*AC221))*Settings!$B$9 -> 0 | AE221: =(MAX(1,N(I221))*N(Q221)+MAX(1,N(I221))*N(L221)/(MAX(1,N(U221))*AC221))*Settings!$B$8 -> 0 | AF221: =MAX(1,N(I221))*N(T221) -> 0 | AG221: =AA221*N(AD221) -> 0 | AH221: =AA221*N(AE221) -> 0 | AI221: =AA221*N(AF221) -> 0 | AJ221: =AA221*N(R221) -> 0 | AK221: =AB221*N(AD221) -> 0 | AL221: =AB221*N(AE221) -> 0 | AM221: =AB221*N(AF221) -> 0 | AN221: =AB221*N(R221) -> 0 | AO221: =IF(F221<>"Y","n/a",IF(AND(N221<>"",OR(Q221<>"",G221="Other / bench",G221="None"),U221<>""),"OK","Missing")) -> Missing
A222: F37 | B222: FP | C222: Zinc+Vitamin C | actives TBD: Zinc+Vitamin C | D222: Assay | E222: =IF(A222="","",A222&"|"&D222) -> F37|Assay | F222: Y | G222: HPLC | H222: Medium | I222: 1 | P222: =IF(N222="",0,IF(OR(M222="",O222=""),N222,(M222+4*N222+O222)/6)) -> 0 | W222: Y | Z222: Actives not in source file – confirm tests | AA222: =IF(F222<>"Y",0,((SUMIF(Products!$E$5:$E$300,A222,Products!$F$5:$F$300)+SUMIF(RM_Lots!$A$5:$A$400,A222,RM_Lots!$D$5:$D$400))+IF(W222="Y",SUMIF(Products!$E$5:$E$300,A222,Products!$G$5:$G$300),0))*(1+N(V222))) -> 0 | AB222: =IF(F222<>"Y",0,((SUMIF(Products!$E$5:$E$300,A222,Products!$K$5:$K$300)+SUMIF(RM_Lots!$A$5:$A$400,A222,RM_Lots!$F$5:$F$400))+IF(W222="Y",SUMIF(Products!$E$5:$E$300,A222,Products!$L$5:$L$300),0))*(1+N(V222))) -> 0 | AC222: =IF(J222="",1,MAX(1,COUNTIFS($J$5:$J$863,J222,$F$5:$F$863,"Y"))) -> 1 | AD222: =(MAX(1,N(I222))*(P222+N(S222))+MAX(1,N(I222))*N(K222)/(MAX(1,N(U222))*AC222))*Settings!$B$9 -> 0 | AE222: =(MAX(1,N(I222))*N(Q222)+MAX(1,N(I222))*N(L222)/(MAX(1,N(U222))*AC222))*Settings!$B$8 -> 0 | AF222: =MAX(1,N(I222))*N(T222) -> 0 | AG222: =AA222*N(AD222) -> 0 | AH222: =AA222*N(AE222) -> 0 | AI222: =AA222*N(AF222) -> 0 | AJ222: =AA222*N(R222) -> 0 | AK222: =AB222*N(AD222) -> 0 | AL222: =AB222*N(AE222) -> 0 | AM222: =AB222*N(AF222) -> 0 | AN222: =AB222*N(R222) -> 0 | AO222: =IF(F222<>"Y","n/a",IF(AND(N222<>"",OR(Q222<>"",G222="Other / bench",G222="None"),U222<>""),"OK","Missing")) -> Missing
A223: F37 | B223: FP | C223: Zinc+Vitamin C | actives TBD: Zinc+Vitamin C | D223: Related substances / impurities | E223: =IF(A223="","",A223&"|"&D223) -> F37|Related substances / impurities | F223: Y | G223: HPLC | H223: Medium | I223: 1 | P223: =IF(N223="",0,IF(OR(M223="",O223=""),N223,(M223+4*N223+O223)/6)) -> 0 | W223: Y | Z223: Actives not in source file – confirm tests | AA223: =IF(F223<>"Y",0,((SUMIF(Products!$E$5:$E$300,A223,Products!$F$5:$F$300)+SUMIF(RM_Lots!$A$5:$A$400,A223,RM_Lots!$D$5:$D$400))+IF(W223="Y",SUMIF(Products!$E$5:$E$300,A223,Products!$G$5:$G$300),0))*(1+N(V223))) -> 0 | AB223: =IF(F223<>"Y",0,((SUMIF(Products!$E$5:$E$300,A223,Products!$K$5:$K$300)+SUMIF(RM_Lots!$A$5:$A$400,A223,RM_Lots!$F$5:$F$400))+IF(W223="Y",SUMIF(Products!$E$5:$E$300,A223,Products!$L$5:$L$300),0))*(1+N(V223))) -> 0 | AC223: =IF(J223="",1,MAX(1,COUNTIFS($J$5:$J$863,J223,$F$5:$F$863,"Y"))) -> 1 | AD223: =(MAX(1,N(I223))*(P223+N(S223))+MAX(1,N(I223))*N(K223)/(MAX(1,N(U223))*AC223))*Settings!$B$9 -> 0 | AE223: =(MAX(1,N(I223))*N(Q223)+MAX(1,N(I223))*N(L223)/(MAX(1,N(U223))*AC223))*Settings!$B$8 -> 0 | AF223: =MAX(1,N(I223))*N(T223) -> 0 | AG223: =AA223*N(AD223) -> 0 | AH223: =AA223*N(AE223) -> 0 | AI223: =AA223*N(AF223) -> 0 | AJ223: =AA223*N(R223) -> 0 | AK223: =AB223*N(AD223) -> 0 | AL223: =AB223*N(AE223) -> 0 | AM223: =AB223*N(AF223) -> 0 | AN223: =AB223*N(R223) -> 0 | AO223: =IF(F223<>"Y","n/a",IF(AND(N223<>"",OR(Q223<>"",G223="Other / bench",G223="None"),U223<>""),"OK","Missing")) -> Missing
A224: F37 | B224: FP | C224: Zinc+Vitamin C | actives TBD: Zinc+Vitamin C | D224: Dissolution | E224: =IF(A224="","",A224&"|"&D224) -> F37|Dissolution | F224: Y | G224: HPLC | H224: Medium | I224: 1 | P224: =IF(N224="",0,IF(OR(M224="",O224=""),N224,(M224+4*N224+O224)/6)) -> 0 | W224: Y | Z224: Actives not in source file – confirm tests | AA224: =IF(F224<>"Y",0,((SUMIF(Products!$E$5:$E$300,A224,Products!$F$5:$F$300)+SUMIF(RM_Lots!$A$5:$A$400,A224,RM_Lots!$D$5:$D$400))+IF(W224="Y",SUMIF(Products!$E$5:$E$300,A224,Products!$G$5:$G$300),0))*(1+N(V224))) -> 0 | AB224: =IF(F224<>"Y",0,((SUMIF(Products!$E$5:$E$300,A224,Products!$K$5:$K$300)+SUMIF(RM_Lots!$A$5:$A$400,A224,RM_Lots!$F$5:$F$400))+IF(W224="Y",SUMIF(Products!$E$5:$E$300,A224,Products!$L$5:$L$300),0))*(1+N(V224))) -> 0 | AC224: =IF(J224="",1,MAX(1,COUNTIFS($J$5:$J$863,J224,$F$5:$F$863,"Y"))) -> 1 | AD224: =(MAX(1,N(I224))*(P224+N(S224))+MAX(1,N(I224))*N(K224)/(MAX(1,N(U224))*AC224))*Settings!$B$9 -> 0 | AE224: =(MAX(1,N(I224))*N(Q224)+MAX(1,N(I224))*N(L224)/(MAX(1,N(U224))*AC224))*Settings!$B$8 -> 0 | AF224: =MAX(1,N(I224))*N(T224) -> 0 | AG224: =AA224*N(AD224) -> 0 | AH224: =AA224*N(AE224) -> 0 | AI224: =AA224*N(AF224) -> 0 | AJ224: =AA224*N(R224) -> 0 | AK224: =AB224*N(AD224) -> 0 | AL224: =AB224*N(AE224) -> 0 | AM224: =AB224*N(AF224) -> 0 | AN224: =AB224*N(R224) -> 0 | AO224: =IF(F224<>"Y","n/a",IF(AND(N224<>"",OR(Q224<>"",G224="Other / bench",G224="None"),U224<>""),"OK","Missing")) -> Missing
A225: F37 | B225: FP | C225: Zinc+Vitamin C | actives TBD: Zinc+Vitamin C | D225: Content uniformity | E225: =IF(A225="","",A225&"|"&D225) -> F37|Content uniformity | F225: Y | G225: HPLC | H225: Medium | I225: 1 | P225: =IF(N225="",0,IF(OR(M225="",O225=""),N225,(M225+4*N225+O225)/6)) -> 0 | W225: N | Z225: Actives not in source file – confirm tests | AA225: =IF(F225<>"Y",0,((SUMIF(Products!$E$5:$E$300,A225,Products!$F$5:$F$300)+SUMIF(RM_Lots!$A$5:$A$400,A225,RM_Lots!$D$5:$D$400))+IF(W225="Y",SUMIF(Products!$E$5:$E$300,A225,Products!$G$5:$G$300),0))*(1+N(V225))) -> 0 | AB225: =IF(F225<>"Y",0,((SUMIF(Products!$E$5:$E$300,A225,Products!$K$5:$K$300)+SUMIF(RM_Lots!$A$5:$A$400,A225,RM_Lots!$F$5:$F$400))+IF(W225="Y",SUMIF(Products!$E$5:$E$300,A225,Products!$L$5:$L$300),0))*(1+N(V225))) -> 0 | AC225: =IF(J225="",1,MAX(1,COUNTIFS($J$5:$J$863,J225,$F$5:$F$863,"Y"))) -> 1 | AD225: =(MAX(1,N(I225))*(P225+N(S225))+MAX(1,N(I225))*N(K225)/(MAX(1,N(U225))*AC225))*Settings!$B$9 -> 0 | AE225: =(MAX(1,N(I225))*N(Q225)+MAX(1,N(I225))*N(L225)/(MAX(1,N(U225))*AC225))*Settings!$B$8 -> 0 | AF225: =MAX(1,N(I225))*N(T225) -> 0 | AG225: =AA225*N(AD225) -> 0 | AH225: =AA225*N(AE225) -> 0 | AI225: =AA225*N(AF225) -> 0 | AJ225: =AA225*N(R225) -> 0 | AK225: =AB225*N(AD225) -> 0 | AL225: =AB225*N(AE225) -> 0 | AM225: =AB225*N(AF225) -> 0 | AN225: =AB225*N(R225) -> 0 | AO225: =IF(F225<>"Y","n/a",IF(AND(N225<>"",OR(Q225<>"",G225="Other / bench",G225="None"),U225<>""),"OK","Missing")) -> Missing
A226: F37 | B226: FP | C226: Zinc+Vitamin C | actives TBD: Zinc+Vitamin C | D226: Identification (if separate from assay) | E226: =IF(A226="","",A226&"|"&D226) -> F37|Identification (if separate from assay) | F226: N | G226: HPLC | H226: Medium | I226: 1 | P226: =IF(N226="",0,IF(OR(M226="",O226=""),N226,(M226+4*N226+O226)/6)) -> 0 | W226: N | Z226: Actives not in source file – confirm tests | AA226: =IF(F226<>"Y",0,((SUMIF(Products!$E$5:$E$300,A226,Products!$F$5:$F$300)+SUMIF(RM_Lots!$A$5:$A$400,A226,RM_Lots!$D$5:$D$400))+IF(W226="Y",SUMIF(Products!$E$5:$E$300,A226,Products!$G$5:$G$300),0))*(1+N(V226))) -> 0 | AB226: =IF(F226<>"Y",0,((SUMIF(Products!$E$5:$E$300,A226,Products!$K$5:$K$300)+SUMIF(RM_Lots!$A$5:$A$400,A226,RM_Lots!$F$5:$F$400))+IF(W226="Y",SUMIF(Products!$E$5:$E$300,A226,Products!$L$5:$L$300),0))*(1+N(V226))) -> 0 | AC226: =IF(J226="",1,MAX(1,COUNTIFS($J$5:$J$863,J226,$F$5:$F$863,"Y"))) -> 1 | AD226: =(MAX(1,N(I226))*(P226+N(S226))+MAX(1,N(I226))*N(K226)/(MAX(1,N(U226))*AC226))*Settings!$B$9 -> 0 | AE226: =(MAX(1,N(I226))*N(Q226)+MAX(1,N(I226))*N(L226)/(MAX(1,N(U226))*AC226))*Settings!$B$8 -> 0 | AF226: =MAX(1,N(I226))*N(T226) -> 0 | AG226: =AA226*N(AD226) -> 0 | AH226: =AA226*N(AE226) -> 0 | AI226: =AA226*N(AF226) -> 0 | AJ226: =AA226*N(R226) -> 0 | AK226: =AB226*N(AD226) -> 0 | AL226: =AB226*N(AE226) -> 0 | AM226: =AB226*N(AF226) -> 0 | AN226: =AB226*N(R226) -> 0 | AO226: =IF(F226<>"Y","n/a",IF(AND(N226<>"",OR(Q226<>"",G226="Other / bench",G226="None"),U226<>""),"OK","Missing")) -> n/a
A227: F37 | B227: FP | C227: Zinc+Vitamin C | actives TBD: Zinc+Vitamin C | D227: Other tests (non-HPLC: physical, LOD/KF, disintegration, pH, micro...) | E227: =IF(A227="","",A227&"|"&D227) -> F37|Other tests (non-HPLC: physical, LOD/KF, disintegration, pH, micro...) | F227: Y | G227: Other / bench | H227: Medium | I227: 1 | P227: =IF(N227="",0,IF(OR(M227="",O227=""),N227,(M227+4*N227+O227)/6)) -> 0 | W227: Y | Z227: Actives not in source file – confirm tests | AA227: =IF(F227<>"Y",0,((SUMIF(Products!$E$5:$E$300,A227,Products!$F$5:$F$300)+SUMIF(RM_Lots!$A$5:$A$400,A227,RM_Lots!$D$5:$D$400))+IF(W227="Y",SUMIF(Products!$E$5:$E$300,A227,Products!$G$5:$G$300),0))*(1+N(V227))) -> 0 | AB227: =IF(F227<>"Y",0,((SUMIF(Products!$E$5:$E$300,A227,Products!$K$5:$K$300)+SUMIF(RM_Lots!$A$5:$A$400,A227,RM_Lots!$F$5:$F$400))+IF(W227="Y",SUMIF(Products!$E$5:$E$300,A227,Products!$L$5:$L$300),0))*(1+N(V227))) -> 0 | AC227: =IF(J227="",1,MAX(1,COUNTIFS($J$5:$J$863,J227,$F$5:$F$863,"Y"))) -> 1 | AD227: =(MAX(1,N(I227))*(P227+N(S227))+MAX(1,N(I227))*N(K227)/(MAX(1,N(U227))*AC227))*Settings!$B$9 -> 0 | AE227: =(MAX(1,N(I227))*N(Q227)+MAX(1,N(I227))*N(L227)/(MAX(1,N(U227))*AC227))*Settings!$B$8 -> 0 | AF227: =MAX(1,N(I227))*N(T227) -> 0 | AG227: =AA227*N(AD227) -> 0 | AH227: =AA227*N(AE227) -> 0 | AI227: =AA227*N(AF227) -> 0 | AJ227: =AA227*N(R227) -> 0 | AK227: =AB227*N(AD227) -> 0 | AL227: =AB227*N(AE227) -> 0 | AM227: =AB227*N(AF227) -> 0 | AN227: =AB227*N(R227) -> 0 | AO227: =IF(F227<>"Y","n/a",IF(AND(N227<>"",OR(Q227<>"",G227="Other / bench",G227="None"),U227<>""),"OK","Missing")) -> Missing
A228: F38 | B228: FP | C228: Vitamin C 1000 mg | Ascorbic Acid Coated 97% | D228: Assay | E228: =IF(A228="","",A228&"|"&D228) -> F38|Assay | F228: Y | G228: HPLC | H228: Low | I228: 1 | P228: =IF(N228="",0,IF(OR(M228="",O228=""),N228,(M228+4*N228+O228)/6)) -> 0 | W228: Y | AA228: =IF(F228<>"Y",0,((SUMIF(Products!$E$5:$E$300,A228,Products!$F$5:$F$300)+SUMIF(RM_Lots!$A$5:$A$400,A228,RM_Lots!$D$5:$D$400))+IF(W228="Y",SUMIF(Products!$E$5:$E$300,A228,Products!$G$5:$G$300),0))*(1+N(V228))) -> 0 | AB228: =IF(F228<>"Y",0,((SUMIF(Products!$E$5:$E$300,A228,Products!$K$5:$K$300)+SUMIF(RM_Lots!$A$5:$A$400,A228,RM_Lots!$F$5:$F$400))+IF(W228="Y",SUMIF(Products!$E$5:$E$300,A228,Products!$L$5:$L$300),0))*(1+N(V228))) -> 0 | AC228: =IF(J228="",1,MAX(1,COUNTIFS($J$5:$J$863,J228,$F$5:$F$863,"Y"))) -> 1 | AD228: =(MAX(1,N(I228))*(P228+N(S228))+MAX(1,N(I228))*N(K228)/(MAX(1,N(U228))*AC228))*Settings!$B$9 -> 0 | AE228: =(MAX(1,N(I228))*N(Q228)+MAX(1,N(I228))*N(L228)/(MAX(1,N(U228))*AC228))*Settings!$B$8 -> 0 | AF228: =MAX(1,N(I228))*N(T228) -> 0 | AG228: =AA228*N(AD228) -> 0 | AH228: =AA228*N(AE228) -> 0 | AI228: =AA228*N(AF228) -> 0 | AJ228: =AA228*N(R228) -> 0 | AK228: =AB228*N(AD228) -> 0 | AL228: =AB228*N(AE228) -> 0 | AM228: =AB228*N(AF228) -> 0 | AN228: =AB228*N(R228) -> 0 | AO228: =IF(F228<>"Y","n/a",IF(AND(N228<>"",OR(Q228<>"",G228="Other / bench",G228="None"),U228<>""),"OK","Missing")) -> Missing
A229: F38 | B229: FP | C229: Vitamin C 1000 mg | Ascorbic Acid Coated 97% | D229: Related substances / impurities | E229: =IF(A229="","",A229&"|"&D229) -> F38|Related substances / impurities | F229: Y | G229: HPLC | H229: Low | I229: 1 | P229: =IF(N229="",0,IF(OR(M229="",O229=""),N229,(M229+4*N229+O229)/6)) -> 0 | W229: Y | AA229: =IF(F229<>"Y",0,((SUMIF(Products!$E$5:$E$300,A229,Products!$F$5:$F$300)+SUMIF(RM_Lots!$A$5:$A$400,A229,RM_Lots!$D$5:$D$400))+IF(W229="Y",SUMIF(Products!$E$5:$E$300,A229,Products!$G$5:$G$300),0))*(1+N(V229))) -> 0 | AB229: =IF(F229<>"Y",0,((SUMIF(Products!$E$5:$E$300,A229,Products!$K$5:$K$300)+SUMIF(RM_Lots!$A$5:$A$400,A229,RM_Lots!$F$5:$F$400))+IF(W229="Y",SUMIF(Products!$E$5:$E$300,A229,Products!$L$5:$L$300),0))*(1+N(V229))) -> 0 | AC229: =IF(J229="",1,MAX(1,COUNTIFS($J$5:$J$863,J229,$F$5:$F$863,"Y"))) -> 1 | AD229: =(MAX(1,N(I229))*(P229+N(S229))+MAX(1,N(I229))*N(K229)/(MAX(1,N(U229))*AC229))*Settings!$B$9 -> 0 | AE229: =(MAX(1,N(I229))*N(Q229)+MAX(1,N(I229))*N(L229)/(MAX(1,N(U229))*AC229))*Settings!$B$8 -> 0 | AF229: =MAX(1,N(I229))*N(T229) -> 0 | AG229: =AA229*N(AD229) -> 0 | AH229: =AA229*N(AE229) -> 0 | AI229: =AA229*N(AF229) -> 0 | AJ229: =AA229*N(R229) -> 0 | AK229: =AB229*N(AD229) -> 0 | AL229: =AB229*N(AE229) -> 0 | AM229: =AB229*N(AF229) -> 0 | AN229: =AB229*N(R229) -> 0 | AO229: =IF(F229<>"Y","n/a",IF(AND(N229<>"",OR(Q229<>"",G229="Other / bench",G229="None"),U229<>""),"OK","Missing")) -> Missing
A230: F38 | B230: FP | C230: Vitamin C 1000 mg | Ascorbic Acid Coated 97% | D230: Dissolution | E230: =IF(A230="","",A230&"|"&D230) -> F38|Dissolution | F230: Y | G230: HPLC | H230: Low | I230: 1 | P230: =IF(N230="",0,IF(OR(M230="",O230=""),N230,(M230+4*N230+O230)/6)) -> 0 | W230: Y | AA230: =IF(F230<>"Y",0,((SUMIF(Products!$E$5:$E$300,A230,Products!$F$5:$F$300)+SUMIF(RM_Lots!$A$5:$A$400,A230,RM_Lots!$D$5:$D$400))+IF(W230="Y",SUMIF(Products!$E$5:$E$300,A230,Products!$G$5:$G$300),0))*(1+N(V230))) -> 0 | AB230: =IF(F230<>"Y",0,((SUMIF(Products!$E$5:$E$300,A230,Products!$K$5:$K$300)+SUMIF(RM_Lots!$A$5:$A$400,A230,RM_Lots!$F$5:$F$400))+IF(W230="Y",SUMIF(Products!$E$5:$E$300,A230,Products!$L$5:$L$300),0))*(1+N(V230))) -> 0 | AC230: =IF(J230="",1,MAX(1,COUNTIFS($J$5:$J$863,J230,$F$5:$F$863,"Y"))) -> 1 | AD230: =(MAX(1,N(I230))*(P230+N(S230))+MAX(1,N(I230))*N(K230)/(MAX(1,N(U230))*AC230))*Settings!$B$9 -> 0 | AE230: =(MAX(1,N(I230))*N(Q230)+MAX(1,N(I230))*N(L230)/(MAX(1,N(U230))*AC230))*Settings!$B$8 -> 0 | AF230: =MAX(1,N(I230))*N(T230) -> 0 | AG230: =AA230*N(AD230) -> 0 | AH230: =AA230*N(AE230) -> 0 | AI230: =AA230*N(AF230) -> 0 | AJ230: =AA230*N(R230) -> 0 | AK230: =AB230*N(AD230) -> 0 | AL230: =AB230*N(AE230) -> 0 | AM230: =AB230*N(AF230) -> 0 | AN230: =AB230*N(R230) -> 0 | AO230: =IF(F230<>"Y","n/a",IF(AND(N230<>"",OR(Q230<>"",G230="Other / bench",G230="None"),U230<>""),"OK","Missing")) -> Missing
A231: F38 | B231: FP | C231: Vitamin C 1000 mg | Ascorbic Acid Coated 97% | D231: Content uniformity | E231: =IF(A231="","",A231&"|"&D231) -> F38|Content uniformity | F231: Y | G231: HPLC | H231: Low | I231: 1 | P231: =IF(N231="",0,IF(OR(M231="",O231=""),N231,(M231+4*N231+O231)/6)) -> 0 | W231: N | AA231: =IF(F231<>"Y",0,((SUMIF(Products!$E$5:$E$300,A231,Products!$F$5:$F$300)+SUMIF(RM_Lots!$A$5:$A$400,A231,RM_Lots!$D$5:$D$400))+IF(W231="Y",SUMIF(Products!$E$5:$E$300,A231,Products!$G$5:$G$300),0))*(1+N(V231))) -> 0 | AB231: =IF(F231<>"Y",0,((SUMIF(Products!$E$5:$E$300,A231,Products!$K$5:$K$300)+SUMIF(RM_Lots!$A$5:$A$400,A231,RM_Lots!$F$5:$F$400))+IF(W231="Y",SUMIF(Products!$E$5:$E$300,A231,Products!$L$5:$L$300),0))*(1+N(V231))) -> 0 | AC231: =IF(J231="",1,MAX(1,COUNTIFS($J$5:$J$863,J231,$F$5:$F$863,"Y"))) -> 1 | AD231: =(MAX(1,N(I231))*(P231+N(S231))+MAX(1,N(I231))*N(K231)/(MAX(1,N(U231))*AC231))*Settings!$B$9 -> 0 | AE231: =(MAX(1,N(I231))*N(Q231)+MAX(1,N(I231))*N(L231)/(MAX(1,N(U231))*AC231))*Settings!$B$8 -> 0 | AF231: =MAX(1,N(I231))*N(T231) -> 0 | AG231: =AA231*N(AD231) -> 0 | AH231: =AA231*N(AE231) -> 0 | AI231: =AA231*N(AF231) -> 0 | AJ231: =AA231*N(R231) -> 0 | AK231: =AB231*N(AD231) -> 0 | AL231: =AB231*N(AE231) -> 0 | AM231: =AB231*N(AF231) -> 0 | AN231: =AB231*N(R231) -> 0 | AO231: =IF(F231<>"Y","n/a",IF(AND(N231<>"",OR(Q231<>"",G231="Other / bench",G231="None"),U231<>""),"OK","Missing")) -> Missing
A232: F38 | B232: FP | C232: Vitamin C 1000 mg | Ascorbic Acid Coated 97% | D232: Identification (if separate from assay) | E232: =IF(A232="","",A232&"|"&D232) -> F38|Identification (if separate from assay) | F232: N | G232: HPLC | H232: Low | I232: 1 | P232: =IF(N232="",0,IF(OR(M232="",O232=""),N232,(M232+4*N232+O232)/6)) -> 0 | W232: N | AA232: =IF(F232<>"Y",0,((SUMIF(Products!$E$5:$E$300,A232,Products!$F$5:$F$300)+SUMIF(RM_Lots!$A$5:$A$400,A232,RM_Lots!$D$5:$D$400))+IF(W232="Y",SUMIF(Products!$E$5:$E$300,A232,Products!$G$5:$G$300),0))*(1+N(V232))) -> 0 | AB232: =IF(F232<>"Y",0,((SUMIF(Products!$E$5:$E$300,A232,Products!$K$5:$K$300)+SUMIF(RM_Lots!$A$5:$A$400,A232,RM_Lots!$F$5:$F$400))+IF(W232="Y",SUMIF(Products!$E$5:$E$300,A232,Products!$L$5:$L$300),0))*(1+N(V232))) -> 0 | AC232: =IF(J232="",1,MAX(1,COUNTIFS($J$5:$J$863,J232,$F$5:$F$863,"Y"))) -> 1 | AD232: =(MAX(1,N(I232))*(P232+N(S232))+MAX(1,N(I232))*N(K232)/(MAX(1,N(U232))*AC232))*Settings!$B$9 -> 0 | AE232: =(MAX(1,N(I232))*N(Q232)+MAX(1,N(I232))*N(L232)/(MAX(1,N(U232))*AC232))*Settings!$B$8 -> 0 | AF232: =MAX(1,N(I232))*N(T232) -> 0 | AG232: =AA232*N(AD232) -> 0 | AH232: =AA232*N(AE232) -> 0 | AI232: =AA232*N(AF232) -> 0 | AJ232: =AA232*N(R232) -> 0 | AK232: =AB232*N(AD232) -> 0 | AL232: =AB232*N(AE232) -> 0 | AM232: =AB232*N(AF232) -> 0 | AN232: =AB232*N(R232) -> 0 | AO232: =IF(F232<>"Y","n/a",IF(AND(N232<>"",OR(Q232<>"",G232="Other / bench",G232="None"),U232<>""),"OK","Missing")) -> n/a
A233: F38 | B233: FP | C233: Vitamin C 1000 mg | Ascorbic Acid Coated 97% | D233: Other tests (non-HPLC: physical, LOD/KF, disintegration, pH, micro...) | E233: =IF(A233="","",A233&"|"&D233) -> F38|Other tests (non-HPLC: physical, LOD/KF, disintegration, pH, micro...) | F233: Y | G233: Other / bench | H233: Low | I233: 1 | P233: =IF(N233="",0,IF(OR(M233="",O233=""),N233,(M233+4*N233+O233)/6)) -> 0 | W233: Y | AA233: =IF(F233<>"Y",0,((SUMIF(Products!$E$5:$E$300,A233,Products!$F$5:$F$300)+SUMIF(RM_Lots!$A$5:$A$400,A233,RM_Lots!$D$5:$D$400))+IF(W233="Y",SUMIF(Products!$E$5:$E$300,A233,Products!$G$5:$G$300),0))*(1+N(V233))) -> 0 | AB233: =IF(F233<>"Y",0,((SUMIF(Products!$E$5:$E$300,A233,Products!$K$5:$K$300)+SUMIF(RM_Lots!$A$5:$A$400,A233,RM_Lots!$F$5:$F$400))+IF(W233="Y",SUMIF(Products!$E$5:$E$300,A233,Products!$L$5:$L$300),0))*(1+N(V233))) -> 0 | AC233: =IF(J233="",1,MAX(1,COUNTIFS($J$5:$J$863,J233,$F$5:$F$863,"Y"))) -> 1 | AD233: =(MAX(1,N(I233))*(P233+N(S233))+MAX(1,N(I233))*N(K233)/(MAX(1,N(U233))*AC233))*Settings!$B$9 -> 0 | AE233: =(MAX(1,N(I233))*N(Q233)+MAX(1,N(I233))*N(L233)/(MAX(1,N(U233))*AC233))*Settings!$B$8 -> 0 | AF233: =MAX(1,N(I233))*N(T233) -> 0 | AG233: =AA233*N(AD233) -> 0 | AH233: =AA233*N(AE233) -> 0 | AI233: =AA233*N(AF233) -> 0 | AJ233: =AA233*N(R233) -> 0 | AK233: =AB233*N(AD233) -> 0 | AL233: =AB233*N(AE233) -> 0 | AM233: =AB233*N(AF233) -> 0 | AN233: =AB233*N(R233) -> 0 | AO233: =IF(F233<>"Y","n/a",IF(AND(N233<>"",OR(Q233<>"",G233="Other / bench",G233="None"),U233<>""),"OK","Missing")) -> Missing
A234: F39 | B234: FP | C234: Magnesium Oxide | Magnesium Oxide Heavy | D234: Assay | E234: =IF(A234="","",A234&"|"&D234) -> F39|Assay | F234: Y | G234: HPLC | H234: Low | I234: 1 | P234: =IF(N234="",0,IF(OR(M234="",O234=""),N234,(M234+4*N234+O234)/6)) -> 0 | W234: Y | AA234: =IF(F234<>"Y",0,((SUMIF(Products!$E$5:$E$300,A234,Products!$F$5:$F$300)+SUMIF(RM_Lots!$A$5:$A$400,A234,RM_Lots!$D$5:$D$400))+IF(W234="Y",SUMIF(Products!$E$5:$E$300,A234,Products!$G$5:$G$300),0))*(1+N(V234))) -> 0 | AB234: =IF(F234<>"Y",0,((SUMIF(Products!$E$5:$E$300,A234,Products!$K$5:$K$300)+SUMIF(RM_Lots!$A$5:$A$400,A234,RM_Lots!$F$5:$F$400))+IF(W234="Y",SUMIF(Products!$E$5:$E$300,A234,Products!$L$5:$L$300),0))*(1+N(V234))) -> 0 | AC234: =IF(J234="",1,MAX(1,COUNTIFS($J$5:$J$863,J234,$F$5:$F$863,"Y"))) -> 1 | AD234: =(MAX(1,N(I234))*(P234+N(S234))+MAX(1,N(I234))*N(K234)/(MAX(1,N(U234))*AC234))*Settings!$B$9 -> 0 | AE234: =(MAX(1,N(I234))*N(Q234)+MAX(1,N(I234))*N(L234)/(MAX(1,N(U234))*AC234))*Settings!$B$8 -> 0 | AF234: =MAX(1,N(I234))*N(T234) -> 0 | AG234: =AA234*N(AD234) -> 0 | AH234: =AA234*N(AE234) -> 0 | AI234: =AA234*N(AF234) -> 0 | AJ234: =AA234*N(R234) -> 0 | AK234: =AB234*N(AD234) -> 0 | AL234: =AB234*N(AE234) -> 0 | AM234: =AB234*N(AF234) -> 0 | AN234: =AB234*N(R234) -> 0 | AO234: =IF(F234<>"Y","n/a",IF(AND(N234<>"",OR(Q234<>"",G234="Other / bench",G234="None"),U234<>""),"OK","Missing")) -> Missing
A235: F39 | B235: FP | C235: Magnesium Oxide | Magnesium Oxide Heavy | D235: Related substances / impurities | E235: =IF(A235="","",A235&"|"&D235) -> F39|Related substances / impurities | F235: Y | G235: HPLC | H235: Low | I235: 1 | P235: =IF(N235="",0,IF(OR(M235="",O235=""),N235,(M235+4*N235+O235)/6)) -> 0 | W235: Y | AA235: =IF(F235<>"Y",0,((SUMIF(Products!$E$5:$E$300,A235,Products!$F$5:$F$300)+SUMIF(RM_Lots!$A$5:$A$400,A235,RM_Lots!$D$5:$D$400))+IF(W235="Y",SUMIF(Products!$E$5:$E$300,A235,Products!$G$5:$G$300),0))*(1+N(V235))) -> 0 | AB235: =IF(F235<>"Y",0,((SUMIF(Products!$E$5:$E$300,A235,Products!$K$5:$K$300)+SUMIF(RM_Lots!$A$5:$A$400,A235,RM_Lots!$F$5:$F$400))+IF(W235="Y",SUMIF(Products!$E$5:$E$300,A235,Products!$L$5:$L$300),0))*(1+N(V235))) -> 0 | AC235: =IF(J235="",1,MAX(1,COUNTIFS($J$5:$J$863,J235,$F$5:$F$863,"Y"))) -> 1 | AD235: =(MAX(1,N(I235))*(P235+N(S235))+MAX(1,N(I235))*N(K235)/(MAX(1,N(U235))*AC235))*Settings!$B$9 -> 0 | AE235: =(MAX(1,N(I235))*N(Q235)+MAX(1,N(I235))*N(L235)/(MAX(1,N(U235))*AC235))*Settings!$B$8 -> 0 | AF235: =MAX(1,N(I235))*N(T235) -> 0 | AG235: =AA235*N(AD235) -> 0 | AH235: =AA235*N(AE235) -> 0 | AI235: =AA235*N(AF235) -> 0 | AJ235: =AA235*N(R235) -> 0 | AK235: =AB235*N(AD235) -> 0 | AL235: =AB235*N(AE235) -> 0 | AM235: =AB235*N(AF235) -> 0 | AN235: =AB235*N(R235) -> 0 | AO235: =IF(F235<>"Y","n/a",IF(AND(N235<>"",OR(Q235<>"",G235="Other / bench",G235="None"),U235<>""),"OK","Missing")) -> Missing
A236: F39 | B236: FP | C236: Magnesium Oxide | Magnesium Oxide Heavy | D236: Dissolution | E236: =IF(A236="","",A236&"|"&D236) -> F39|Dissolution | F236: Y | G236: HPLC | H236: Low | I236: 1 | P236: =IF(N236="",0,IF(OR(M236="",O236=""),N236,(M236+4*N236+O236)/6)) -> 0 | W236: Y | AA236: =IF(F236<>"Y",0,((SUMIF(Products!$E$5:$E$300,A236,Products!$F$5:$F$300)+SUMIF(RM_Lots!$A$5:$A$400,A236,RM_Lots!$D$5:$D$400))+IF(W236="Y",SUMIF(Products!$E$5:$E$300,A236,Products!$G$5:$G$300),0))*(1+N(V236))) -> 0 | AB236: =IF(F236<>"Y",0,((SUMIF(Products!$E$5:$E$300,A236,Products!$K$5:$K$300)+SUMIF(RM_Lots!$A$5:$A$400,A236,RM_Lots!$F$5:$F$400))+IF(W236="Y",SUMIF(Products!$E$5:$E$300,A236,Products!$L$5:$L$300),0))*(1+N(V236))) -> 0 | AC236: =IF(J236="",1,MAX(1,COUNTIFS($J$5:$J$863,J236,$F$5:$F$863,"Y"))) -> 1 | AD236: =(MAX(1,N(I236))*(P236+N(S236))+MAX(1,N(I236))*N(K236)/(MAX(1,N(U236))*AC236))*Settings!$B$9 -> 0 | AE236: =(MAX(1,N(I236))*N(Q236)+MAX(1,N(I236))*N(L236)/(MAX(1,N(U236))*AC236))*Settings!$B$8 -> 0 | AF236: =MAX(1,N(I236))*N(T236) -> 0 | AG236: =AA236*N(AD236) -> 0 | AH236: =AA236*N(AE236) -> 0 | AI236: =AA236*N(AF236) -> 0 | AJ236: =AA236*N(R236) -> 0 | AK236: =AB236*N(AD236) -> 0 | AL236: =AB236*N(AE236) -> 0 | AM236: =AB236*N(AF236) -> 0 | AN236: =AB236*N(R236) -> 0 | AO236: =IF(F236<>"Y","n/a",IF(AND(N236<>"",OR(Q236<>"",G236="Other / bench",G236="None"),U236<>""),"OK","Missing")) -> Missing
A237: F39 | B237: FP | C237: Magnesium Oxide | Magnesium Oxide Heavy | D237: Content uniformity | E237: =IF(A237="","",A237&"|"&D237) -> F39|Content uniformity | F237: Y | G237: HPLC | H237: Low | I237: 1 | P237: =IF(N237="",0,IF(OR(M237="",O237=""),N237,(M237+4*N237+O237)/6)) -> 0 | W237: N | AA237: =IF(F237<>"Y",0,((SUMIF(Products!$E$5:$E$300,A237,Products!$F$5:$F$300)+SUMIF(RM_Lots!$A$5:$A$400,A237,RM_Lots!$D$5:$D$400))+IF(W237="Y",SUMIF(Products!$E$5:$E$300,A237,Products!$G$5:$G$300),0))*(1+N(V237))) -> 0 | AB237: =IF(F237<>"Y",0,((SUMIF(Products!$E$5:$E$300,A237,Products!$K$5:$K$300)+SUMIF(RM_Lots!$A$5:$A$400,A237,RM_Lots!$F$5:$F$400))+IF(W237="Y",SUMIF(Products!$E$5:$E$300,A237,Products!$L$5:$L$300),0))*(1+N(V237))) -> 0 | AC237: =IF(J237="",1,MAX(1,COUNTIFS($J$5:$J$863,J237,$F$5:$F$863,"Y"))) -> 1 | AD237: =(MAX(1,N(I237))*(P237+N(S237))+MAX(1,N(I237))*N(K237)/(MAX(1,N(U237))*AC237))*Settings!$B$9 -> 0 | AE237: =(MAX(1,N(I237))*N(Q237)+MAX(1,N(I237))*N(L237)/(MAX(1,N(U237))*AC237))*Settings!$B$8 -> 0 | AF237: =MAX(1,N(I237))*N(T237) -> 0 | AG237: =AA237*N(AD237) -> 0 | AH237: =AA237*N(AE237) -> 0 | AI237: =AA237*N(AF237) -> 0 | AJ237: =AA237*N(R237) -> 0 | AK237: =AB237*N(AD237) -> 0 | AL237: =AB237*N(AE237) -> 0 | AM237: =AB237*N(AF237) -> 0 | AN237: =AB237*N(R237) -> 0 | AO237: =IF(F237<>"Y","n/a",IF(AND(N237<>"",OR(Q237<>"",G237="Other / bench",G237="None"),U237<>""),"OK","Missing")) -> Missing
A238: F39 | B238: FP | C238: Magnesium Oxide | Magnesium Oxide Heavy | D238: Identification (if separate from assay) | E238: =IF(A238="","",A238&"|"&D238) -> F39|Identification (if separate from assay) | F238: N | G238: HPLC | H238: Low | I238: 1 | P238: =IF(N238="",0,IF(OR(M238="",O238=""),N238,(M238+4*N238+O238)/6)) -> 0 | W238: N | AA238: =IF(F238<>"Y",0,((SUMIF(Products!$E$5:$E$300,A238,Products!$F$5:$F$300)+SUMIF(RM_Lots!$A$5:$A$400,A238,RM_Lots!$D$5:$D$400))+IF(W238="Y",SUMIF(Products!$E$5:$E$300,A238,Products!$G$5:$G$300),0))*(1+N(V238))) -> 0 | AB238: =IF(F238<>"Y",0,((SUMIF(Products!$E$5:$E$300,A238,Products!$K$5:$K$300)+SUMIF(RM_Lots!$A$5:$A$400,A238,RM_Lots!$F$5:$F$400))+IF(W238="Y",SUMIF(Products!$E$5:$E$300,A238,Products!$L$5:$L$300),0))*(1+N(V238))) -> 0 | AC238: =IF(J238="",1,MAX(1,COUNTIFS($J$5:$J$863,J238,$F$5:$F$863,"Y"))) -> 1 | AD238: =(MAX(1,N(I238))*(P238+N(S238))+MAX(1,N(I238))*N(K238)/(MAX(1,N(U238))*AC238))*Settings!$B$9 -> 0 | AE238: =(MAX(1,N(I238))*N(Q238)+MAX(1,N(I238))*N(L238)/(MAX(1,N(U238))*AC238))*Settings!$B$8 -> 0 | AF238: =MAX(1,N(I238))*N(T238) -> 0 | AG238: =AA238*N(AD238) -> 0 | AH238: =AA238*N(AE238) -> 0 | AI238: =AA238*N(AF238) -> 0 | AJ238: =AA238*N(R238) -> 0 | AK238: =AB238*N(AD238) -> 0 | AL238: =AB238*N(AE238) -> 0 | AM238: =AB238*N(AF238) -> 0 | AN238: =AB238*N(R238) -> 0 | AO238: =IF(F238<>"Y","n/a",IF(AND(N238<>"",OR(Q238<>"",G238="Other / bench",G238="None"),U238<>""),"OK","Missing")) -> n/a
A239: F39 | B239: FP | C239: Magnesium Oxide | Magnesium Oxide Heavy | D239: Other tests (non-HPLC: physical, LOD/KF, disintegration, pH, micro...) | E239: =IF(A239="","",A239&"|"&D239) -> F39|Other tests (non-HPLC: physical, LOD/KF, disintegration, pH, micro...) | F239: Y | G239: Other / bench | H239: Low | I239: 1 | P239: =IF(N239="",0,IF(OR(M239="",O239=""),N239,(M239+4*N239+O239)/6)) -> 0 | W239: Y | AA239: =IF(F239<>"Y",0,((SUMIF(Products!$E$5:$E$300,A239,Products!$F$5:$F$300)+SUMIF(RM_Lots!$A$5:$A$400,A239,RM_Lots!$D$5:$D$400))+IF(W239="Y",SUMIF(Products!$E$5:$E$300,A239,Products!$G$5:$G$300),0))*(1+N(V239))) -> 0 | AB239: =IF(F239<>"Y",0,((SUMIF(Products!$E$5:$E$300,A239,Products!$K$5:$K$300)+SUMIF(RM_Lots!$A$5:$A$400,A239,RM_Lots!$F$5:$F$400))+IF(W239="Y",SUMIF(Products!$E$5:$E$300,A239,Products!$L$5:$L$300),0))*(1+N(V239))) -> 0 | AC239: =IF(J239="",1,MAX(1,COUNTIFS($J$5:$J$863,J239,$F$5:$F$863,"Y"))) -> 1 | AD239: =(MAX(1,N(I239))*(P239+N(S239))+MAX(1,N(I239))*N(K239)/(MAX(1,N(U239))*AC239))*Settings!$B$9 -> 0 | AE239: =(MAX(1,N(I239))*N(Q239)+MAX(1,N(I239))*N(L239)/(MAX(1,N(U239))*AC239))*Settings!$B$8 -> 0 | AF239: =MAX(1,N(I239))*N(T239) -> 0 | AG239: =AA239*N(AD239) -> 0 | AH239: =AA239*N(AE239) -> 0 | AI239: =AA239*N(AF239) -> 0 | AJ239: =AA239*N(R239) -> 0 | AK239: =AB239*N(AD239) -> 0 | AL239: =AB239*N(AE239) -> 0 | AM239: =AB239*N(AF239) -> 0 | AN239: =AB239*N(R239) -> 0 | AO239: =IF(F239<>"Y","n/a",IF(AND(N239<>"",OR(Q239<>"",G239="Other / bench",G239="None"),U239<>""),"OK","Missing")) -> Missing
A240: F40 | B240: FP | C240: Magni D | Magnesium Oxide Heavy, Thiamine Hydrochloride (Vitamin B1) (+2 more) | D240: Assay | E240: =IF(A240="","",A240&"|"&D240) -> F40|Assay | F240: Y | G240: HPLC | H240: High | I240: 1 | P240: =IF(N240="",0,IF(OR(M240="",O240=""),N240,(M240+4*N240+O240)/6)) -> 0 | W240: Y | Z240: Multi-active product: enter number of separate HPLC/AAS methods in col I | AA240: =IF(F240<>"Y",0,((SUMIF(Products!$E$5:$E$300,A240,Products!$F$5:$F$300)+SUMIF(RM_Lots!$A$5:$A$400,A240,RM_Lots!$D$5:$D$400))+IF(W240="Y",SUMIF(Products!$E$5:$E$300,A240,Products!$G$5:$G$300),0))*(1+N(V240))) -> 0 | AB240: =IF(F240<>"Y",0,((SUMIF(Products!$E$5:$E$300,A240,Products!$K$5:$K$300)+SUMIF(RM_Lots!$A$5:$A$400,A240,RM_Lots!$F$5:$F$400))+IF(W240="Y",SUMIF(Products!$E$5:$E$300,A240,Products!$L$5:$L$300),0))*(1+N(V240))) -> 0 | AC240: =IF(J240="",1,MAX(1,COUNTIFS($J$5:$J$863,J240,$F$5:$F$863,"Y"))) -> 1 | AD240: =(MAX(1,N(I240))*(P240+N(S240))+MAX(1,N(I240))*N(K240)/(MAX(1,N(U240))*AC240))*Settings!$B$9 -> 0 | AE240: =(MAX(1,N(I240))*N(Q240)+MAX(1,N(I240))*N(L240)/(MAX(1,N(U240))*AC240))*Settings!$B$8 -> 0 | AF240: =MAX(1,N(I240))*N(T240) -> 0 | AG240: =AA240*N(AD240) -> 0 | AH240: =AA240*N(AE240) -> 0 | AI240: =AA240*N(AF240) -> 0 | AJ240: =AA240*N(R240) -> 0 | AK240: =AB240*N(AD240) -> 0 | AL240: =AB240*N(AE240) -> 0 | AM240: =AB240*N(AF240) -> 0 | AN240: =AB240*N(R240) -> 0 | AO240: =IF(F240<>"Y","n/a",IF(AND(N240<>"",OR(Q240<>"",G240="Other / bench",G240="None"),U240<>""),"OK","Missing")) -> Missing
A241: F40 | B241: FP | C241: Magni D | Magnesium Oxide Heavy, Thiamine Hydrochloride (Vitamin B1) (+2 more) | D241: Related substances / impurities | E241: =IF(A241="","",A241&"|"&D241) -> F40|Related substances / impurities | F241: N | G241: HPLC | H241: High | I241: 1 | P241: =IF(N241="",0,IF(OR(M241="",O241=""),N241,(M241+4*N241+O241)/6)) -> 0 | W241: Y | AA241: =IF(F241<>"Y",0,((SUMIF(Products!$E$5:$E$300,A241,Products!$F$5:$F$300)+SUMIF(RM_Lots!$A$5:$A$400,A241,RM_Lots!$D$5:$D$400))+IF(W241="Y",SUMIF(Products!$E$5:$E$300,A241,Products!$G$5:$G$300),0))*(1+N(V241))) -> 0 | AB241: =IF(F241<>"Y",0,((SUMIF(Products!$E$5:$E$300,A241,Products!$K$5:$K$300)+SUMIF(RM_Lots!$A$5:$A$400,A241,RM_Lots!$F$5:$F$400))+IF(W241="Y",SUMIF(Products!$E$5:$E$300,A241,Products!$L$5:$L$300),0))*(1+N(V241))) -> 0 | AC241: =IF(J241="",1,MAX(1,COUNTIFS($J$5:$J$863,J241,$F$5:$F$863,"Y"))) -> 1 | AD241: =(MAX(1,N(I241))*(P241+N(S241))+MAX(1,N(I241))*N(K241)/(MAX(1,N(U241))*AC241))*Settings!$B$9 -> 0 | AE241: =(MAX(1,N(I241))*N(Q241)+MAX(1,N(I241))*N(L241)/(MAX(1,N(U241))*AC241))*Settings!$B$8 -> 0 | AF241: =MAX(1,N(I241))*N(T241) -> 0 | AG241: =AA241*N(AD241) -> 0 | AH241: =AA241*N(AE241) -> 0 | AI241: =AA241*N(AF241) -> 0 | AJ241: =AA241*N(R241) -> 0 | AK241: =AB241*N(AD241) -> 0 | AL241: =AB241*N(AE241) -> 0 | AM241: =AB241*N(AF241) -> 0 | AN241: =AB241*N(R241) -> 0 | AO241: =IF(F241<>"Y","n/a",IF(AND(N241<>"",OR(Q241<>"",G241="Other / bench",G241="None"),U241<>""),"OK","Missing")) -> n/a
A242: F40 | B242: FP | C242: Magni D | Magnesium Oxide Heavy, Thiamine Hydrochloride (Vitamin B1) (+2 more) | D242: Dissolution | E242: =IF(A242="","",A242&"|"&D242) -> F40|Dissolution | F242: Y | G242: HPLC | H242: High | I242: 1 | P242: =IF(N242="",0,IF(OR(M242="",O242=""),N242,(M242+4*N242+O242)/6)) -> 0 | W242: Y | AA242: =IF(F242<>"Y",0,((SUMIF(Products!$E$5:$E$300,A242,Products!$F$5:$F$300)+SUMIF(RM_Lots!$A$5:$A$400,A242,RM_Lots!$D$5:$D$400))+IF(W242="Y",SUMIF(Products!$E$5:$E$300,A242,Products!$G$5:$G$300),0))*(1+N(V242))) -> 0 | AB242: =IF(F242<>"Y",0,((SUMIF(Products!$E$5:$E$300,A242,Products!$K$5:$K$300)+SUMIF(RM_Lots!$A$5:$A$400,A242,RM_Lots!$F$5:$F$400))+IF(W242="Y",SUMIF(Products!$E$5:$E$300,A242,Products!$L$5:$L$300),0))*(1+N(V242))) -> 0 | AC242: =IF(J242="",1,MAX(1,COUNTIFS($J$5:$J$863,J242,$F$5:$F$863,"Y"))) -> 1 | AD242: =(MAX(1,N(I242))*(P242+N(S242))+MAX(1,N(I242))*N(K242)/(MAX(1,N(U242))*AC242))*Settings!$B$9 -> 0 | AE242: =(MAX(1,N(I242))*N(Q242)+MAX(1,N(I242))*N(L242)/(MAX(1,N(U242))*AC242))*Settings!$B$8 -> 0 | AF242: =MAX(1,N(I242))*N(T242) -> 0 | AG242: =AA242*N(AD242) -> 0 | AH242: =AA242*N(AE242) -> 0 | AI242: =AA242*N(AF242) -> 0 | AJ242: =AA242*N(R242) -> 0 | AK242: =AB242*N(AD242) -> 0 | AL242: =AB242*N(AE242) -> 0 | AM242: =AB242*N(AF242) -> 0 | AN242: =AB242*N(R242) -> 0 | AO242: =IF(F242<>"Y","n/a",IF(AND(N242<>"",OR(Q242<>"",G242="Other / bench",G242="None"),U242<>""),"OK","Missing")) -> Missing
A243: F40 | B243: FP | C243: Magni D | Magnesium Oxide Heavy, Thiamine Hydrochloride (Vitamin B1) (+2 more) | D243: Content uniformity | E243: =IF(A243="","",A243&"|"&D243) -> F40|Content uniformity | F243: N | G243: HPLC | H243: High | I243: 1 | P243: =IF(N243="",0,IF(OR(M243="",O243=""),N243,(M243+4*N243+O243)/6)) -> 0 | W243: N | AA243: =IF(F243<>"Y",0,((SUMIF(Products!$E$5:$E$300,A243,Products!$F$5:$F$300)+SUMIF(RM_Lots!$A$5:$A$400,A243,RM_Lots!$D$5:$D$400))+IF(W243="Y",SUMIF(Products!$E$5:$E$300,A243,Products!$G$5:$G$300),0))*(1+N(V243))) -> 0 | AB243: =IF(F243<>"Y",0,((SUMIF(Products!$E$5:$E$300,A243,Products!$K$5:$K$300)+SUMIF(RM_Lots!$A$5:$A$400,A243,RM_Lots!$F$5:$F$400))+IF(W243="Y",SUMIF(Products!$E$5:$E$300,A243,Products!$L$5:$L$300),0))*(1+N(V243))) -> 0 | AC243: =IF(J243="",1,MAX(1,COUNTIFS($J$5:$J$863,J243,$F$5:$F$863,"Y"))) -> 1 | AD243: =(MAX(1,N(I243))*(P243+N(S243))+MAX(1,N(I243))*N(K243)/(MAX(1,N(U243))*AC243))*Settings!$B$9 -> 0 | AE243: =(MAX(1,N(I243))*N(Q243)+MAX(1,N(I243))*N(L243)/(MAX(1,N(U243))*AC243))*Settings!$B$8 -> 0 | AF243: =MAX(1,N(I243))*N(T243) -> 0 | AG243: =AA243*N(AD243) -> 0 | AH243: =AA243*N(AE243) -> 0 | AI243: =AA243*N(AF243) -> 0 | AJ243: =AA243*N(R243) -> 0 | AK243: =AB243*N(AD243) -> 0 | AL243: =AB243*N(AE243) -> 0 | AM243: =AB243*N(AF243) -> 0 | AN243: =AB243*N(R243) -> 0 | AO243: =IF(F243<>"Y","n/a",IF(AND(N243<>"",OR(Q243<>"",G243="Other / bench",G243="None"),U243<>""),"OK","Missing")) -> n/a
A244: F40 | B244: FP | C244: Magni D | Magnesium Oxide Heavy, Thiamine Hydrochloride (Vitamin B1) (+2 more) | D244: Identification (if separate from assay) | E244: =IF(A244="","",A244&"|"&D244) -> F40|Identification (if separate from assay) | F244: N | G244: HPLC | H244: High | I244: 1 | P244: =IF(N244="",0,IF(OR(M244="",O244=""),N244,(M244+4*N244+O244)/6)) -> 0 | W244: N | AA244: =IF(F244<>"Y",0,((SUMIF(Products!$E$5:$E$300,A244,Products!$F$5:$F$300)+SUMIF(RM_Lots!$A$5:$A$400,A244,RM_Lots!$D$5:$D$400))+IF(W244="Y",SUMIF(Products!$E$5:$E$300,A244,Products!$G$5:$G$300),0))*(1+N(V244))) -> 0 | AB244: =IF(F244<>"Y",0,((SUMIF(Products!$E$5:$E$300,A244,Products!$K$5:$K$300)+SUMIF(RM_Lots!$A$5:$A$400,A244,RM_Lots!$F$5:$F$400))+IF(W244="Y",SUMIF(Products!$E$5:$E$300,A244,Products!$L$5:$L$300),0))*(1+N(V244))) -> 0 | AC244: =IF(J244="",1,MAX(1,COUNTIFS($J$5:$J$863,J244,$F$5:$F$863,"Y"))) -> 1 | AD244: =(MAX(1,N(I244))*(P244+N(S244))+MAX(1,N(I244))*N(K244)/(MAX(1,N(U244))*AC244))*Settings!$B$9 -> 0 | AE244: =(MAX(1,N(I244))*N(Q244)+MAX(1,N(I244))*N(L244)/(MAX(1,N(U244))*AC244))*Settings!$B$8 -> 0 | AF244: =MAX(1,N(I244))*N(T244) -> 0 | AG244: =AA244*N(AD244) -> 0 | AH244: =AA244*N(AE244) -> 0 | AI244: =AA244*N(AF244) -> 0 | AJ244: =AA244*N(R244) -> 0 | AK244: =AB244*N(AD244) -> 0 | AL244: =AB244*N(AE244) -> 0 | AM244: =AB244*N(AF244) -> 0 | AN244: =AB244*N(R244) -> 0 | AO244: =IF(F244<>"Y","n/a",IF(AND(N244<>"",OR(Q244<>"",G244="Other / bench",G244="None"),U244<>""),"OK","Missing")) -> n/a
A245: F40 | B245: FP | C245: Magni D | Magnesium Oxide Heavy, Thiamine Hydrochloride (Vitamin B1) (+2 more) | D245: Other tests (non-HPLC: physical, LOD/KF, disintegration, pH, micro...) | E245: =IF(A245="","",A245&"|"&D245) -> F40|Other tests (non-HPLC: physical, LOD/KF, disintegration, pH, micro...) | F245: Y | G245: Other / bench | H245: High | I245: 1 | P245: =IF(N245="",0,IF(OR(M245="",O245=""),N245,(M245+4*N245+O245)/6)) -> 0 | W245: Y | AA245: =IF(F245<>"Y",0,((SUMIF(Products!$E$5:$E$300,A245,Products!$F$5:$F$300)+SUMIF(RM_Lots!$A$5:$A$400,A245,RM_Lots!$D$5:$D$400))+IF(W245="Y",SUMIF(Products!$E$5:$E$300,A245,Products!$G$5:$G$300),0))*(1+N(V245))) -> 0 | AB245: =IF(F245<>"Y",0,((SUMIF(Products!$E$5:$E$300,A245,Products!$K$5:$K$300)+SUMIF(RM_Lots!$A$5:$A$400,A245,RM_Lots!$F$5:$F$400))+IF(W245="Y",SUMIF(Products!$E$5:$E$300,A245,Products!$L$5:$L$300),0))*(1+N(V245))) -> 0 | AC245: =IF(J245="",1,MAX(1,COUNTIFS($J$5:$J$863,J245,$F$5:$F$863,"Y"))) -> 1 | AD245: =(MAX(1,N(I245))*(P245+N(S245))+MAX(1,N(I245))*N(K245)/(MAX(1,N(U245))*AC245))*Settings!$B$9 -> 0 | AE245: =(MAX(1,N(I245))*N(Q245)+MAX(1,N(I245))*N(L245)/(MAX(1,N(U245))*AC245))*Settings!$B$8 -> 0 | AF245: =MAX(1,N(I245))*N(T245) -> 0 | AG245: =AA245*N(AD245) -> 0 | AH245: =AA245*N(AE245) -> 0 | AI245: =AA245*N(AF245) -> 0 | AJ245: =AA245*N(R245) -> 0 | AK245: =AB245*N(AD245) -> 0 | AL245: =AB245*N(AE245) -> 0 | AM245: =AB245*N(AF245) -> 0 | AN245: =AB245*N(R245) -> 0 | AO245: =IF(F245<>"Y","n/a",IF(AND(N245<>"",OR(Q245<>"",G245="Other / bench",G245="None"),U245<>""),"OK","Missing")) -> Missing
A246: F41 | B246: FP | C246: Sweet Sleep | actives TBD: Sweet Sleep | D246: Assay | E246: =IF(A246="","",A246&"|"&D246) -> F41|Assay | F246: Y | G246: HPLC | H246: Medium | I246: 1 | P246: =IF(N246="",0,IF(OR(M246="",O246=""),N246,(M246+4*N246+O246)/6)) -> 0 | W246: Y | Z246: Actives not in source file – confirm tests | AA246: =IF(F246<>"Y",0,((SUMIF(Products!$E$5:$E$300,A246,Products!$F$5:$F$300)+SUMIF(RM_Lots!$A$5:$A$400,A246,RM_Lots!$D$5:$D$400))+IF(W246="Y",SUMIF(Products!$E$5:$E$300,A246,Products!$G$5:$G$300),0))*(1+N(V246))) -> 0 | AB246: =IF(F246<>"Y",0,((SUMIF(Products!$E$5:$E$300,A246,Products!$K$5:$K$300)+SUMIF(RM_Lots!$A$5:$A$400,A246,RM_Lots!$F$5:$F$400))+IF(W246="Y",SUMIF(Products!$E$5:$E$300,A246,Products!$L$5:$L$300),0))*(1+N(V246))) -> 0 | AC246: =IF(J246="",1,MAX(1,COUNTIFS($J$5:$J$863,J246,$F$5:$F$863,"Y"))) -> 1 | AD246: =(MAX(1,N(I246))*(P246+N(S246))+MAX(1,N(I246))*N(K246)/(MAX(1,N(U246))*AC246))*Settings!$B$9 -> 0 | AE246: =(MAX(1,N(I246))*N(Q246)+MAX(1,N(I246))*N(L246)/(MAX(1,N(U246))*AC246))*Settings!$B$8 -> 0 | AF246: =MAX(1,N(I246))*N(T246) -> 0 | AG246: =AA246*N(AD246) -> 0 | AH246: =AA246*N(AE246) -> 0 | AI246: =AA246*N(AF246) -> 0 | AJ246: =AA246*N(R246) -> 0 | AK246: =AB246*N(AD246) -> 0 | AL246: =AB246*N(AE246) -> 0 | AM246: =AB246*N(AF246) -> 0 | AN246: =AB246*N(R246) -> 0 | AO246: =IF(F246<>"Y","n/a",IF(AND(N246<>"",OR(Q246<>"",G246="Other / bench",G246="None"),U246<>""),"OK","Missing")) -> Missing
A247: F41 | B247: FP | C247: Sweet Sleep | actives TBD: Sweet Sleep | D247: Related substances / impurities | E247: =IF(A247="","",A247&"|"&D247) -> F41|Related substances / impurities | F247: Y | G247: HPLC | H247: Medium | I247: 1 | P247: =IF(N247="",0,IF(OR(M247="",O247=""),N247,(M247+4*N247+O247)/6)) -> 0 | W247: Y | Z247: Actives not in source file – confirm tests | AA247: =IF(F247<>"Y",0,((SUMIF(Products!$E$5:$E$300,A247,Products!$F$5:$F$300)+SUMIF(RM_Lots!$A$5:$A$400,A247,RM_Lots!$D$5:$D$400))+IF(W247="Y",SUMIF(Products!$E$5:$E$300,A247,Products!$G$5:$G$300),0))*(1+N(V247))) -> 0 | AB247: =IF(F247<>"Y",0,((SUMIF(Products!$E$5:$E$300,A247,Products!$K$5:$K$300)+SUMIF(RM_Lots!$A$5:$A$400,A247,RM_Lots!$F$5:$F$400))+IF(W247="Y",SUMIF(Products!$E$5:$E$300,A247,Products!$L$5:$L$300),0))*(1+N(V247))) -> 0 | AC247: =IF(J247="",1,MAX(1,COUNTIFS($J$5:$J$863,J247,$F$5:$F$863,"Y"))) -> 1 | AD247: =(MAX(1,N(I247))*(P247+N(S247))+MAX(1,N(I247))*N(K247)/(MAX(1,N(U247))*AC247))*Settings!$B$9 -> 0 | AE247: =(MAX(1,N(I247))*N(Q247)+MAX(1,N(I247))*N(L247)/(MAX(1,N(U247))*AC247))*Settings!$B$8 -> 0 | AF247: =MAX(1,N(I247))*N(T247) -> 0 | AG247: =AA247*N(AD247) -> 0 | AH247: =AA247*N(AE247) -> 0 | AI247: =AA247*N(AF247) -> 0 | AJ247: =AA247*N(R247) -> 0 | AK247: =AB247*N(AD247) -> 0 | AL247: =AB247*N(AE247) -> 0 | AM247: =AB247*N(AF247) -> 0 | AN247: =AB247*N(R247) -> 0 | AO247: =IF(F247<>"Y","n/a",IF(AND(N247<>"",OR(Q247<>"",G247="Other / bench",G247="None"),U247<>""),"OK","Missing")) -> Missing
A248: F41 | B248: FP | C248: Sweet Sleep | actives TBD: Sweet Sleep | D248: Dissolution | E248: =IF(A248="","",A248&"|"&D248) -> F41|Dissolution | F248: Y | G248: HPLC | H248: Medium | I248: 1 | P248: =IF(N248="",0,IF(OR(M248="",O248=""),N248,(M248+4*N248+O248)/6)) -> 0 | W248: Y | Z248: Actives not in source file – confirm tests | AA248: =IF(F248<>"Y",0,((SUMIF(Products!$E$5:$E$300,A248,Products!$F$5:$F$300)+SUMIF(RM_Lots!$A$5:$A$400,A248,RM_Lots!$D$5:$D$400))+IF(W248="Y",SUMIF(Products!$E$5:$E$300,A248,Products!$G$5:$G$300),0))*(1+N(V248))) -> 0 | AB248: =IF(F248<>"Y",0,((SUMIF(Products!$E$5:$E$300,A248,Products!$K$5:$K$300)+SUMIF(RM_Lots!$A$5:$A$400,A248,RM_Lots!$F$5:$F$400))+IF(W248="Y",SUMIF(Products!$E$5:$E$300,A248,Products!$L$5:$L$300),0))*(1+N(V248))) -> 0 | AC248: =IF(J248="",1,MAX(1,COUNTIFS($J$5:$J$863,J248,$F$5:$F$863,"Y"))) -> 1 | AD248: =(MAX(1,N(I248))*(P248+N(S248))+MAX(1,N(I248))*N(K248)/(MAX(1,N(U248))*AC248))*Settings!$B$9 -> 0 | AE248: =(MAX(1,N(I248))*N(Q248)+MAX(1,N(I248))*N(L248)/(MAX(1,N(U248))*AC248))*Settings!$B$8 -> 0 | AF248: =MAX(1,N(I248))*N(T248) -> 0 | AG248: =AA248*N(AD248) -> 0 | AH248: =AA248*N(AE248) -> 0 | AI248: =AA248*N(AF248) -> 0 | AJ248: =AA248*N(R248) -> 0 | AK248: =AB248*N(AD248) -> 0 | AL248: =AB248*N(AE248) -> 0 | AM248: =AB248*N(AF248) -> 0 | AN248: =AB248*N(R248) -> 0 | AO248: =IF(F248<>"Y","n/a",IF(AND(N248<>"",OR(Q248<>"",G248="Other / bench",G248="None"),U248<>""),"OK","Missing")) -> Missing
A249: F41 | B249: FP | C249: Sweet Sleep | actives TBD: Sweet Sleep | D249: Content uniformity | E249: =IF(A249="","",A249&"|"&D249) -> F41|Content uniformity | F249: Y | G249: HPLC | H249: Medium | I249: 1 | P249: =IF(N249="",0,IF(OR(M249="",O249=""),N249,(M249+4*N249+O249)/6)) -> 0 | W249: N | Z249: Actives not in source file – confirm tests | AA249: =IF(F249<>"Y",0,((SUMIF(Products!$E$5:$E$300,A249,Products!$F$5:$F$300)+SUMIF(RM_Lots!$A$5:$A$400,A249,RM_Lots!$D$5:$D$400))+IF(W249="Y",SUMIF(Products!$E$5:$E$300,A249,Products!$G$5:$G$300),0))*(1+N(V249))) -> 0 | AB249: =IF(F249<>"Y",0,((SUMIF(Products!$E$5:$E$300,A249,Products!$K$5:$K$300)+SUMIF(RM_Lots!$A$5:$A$400,A249,RM_Lots!$F$5:$F$400))+IF(W249="Y",SUMIF(Products!$E$5:$E$300,A249,Products!$L$5:$L$300),0))*(1+N(V249))) -> 0 | AC249: =IF(J249="",1,MAX(1,COUNTIFS($J$5:$J$863,J249,$F$5:$F$863,"Y"))) -> 1 | AD249: =(MAX(1,N(I249))*(P249+N(S249))+MAX(1,N(I249))*N(K249)/(MAX(1,N(U249))*AC249))*Settings!$B$9 -> 0 | AE249: =(MAX(1,N(I249))*N(Q249)+MAX(1,N(I249))*N(L249)/(MAX(1,N(U249))*AC249))*Settings!$B$8 -> 0 | AF249: =MAX(1,N(I249))*N(T249) -> 0 | AG249: =AA249*N(AD249) -> 0 | AH249: =AA249*N(AE249) -> 0 | AI249: =AA249*N(AF249) -> 0 | AJ249: =AA249*N(R249) -> 0 | AK249: =AB249*N(AD249) -> 0 | AL249: =AB249*N(AE249) -> 0 | AM249: =AB249*N(AF249) -> 0 | AN249: =AB249*N(R249) -> 0 | AO249: =IF(F249<>"Y","n/a",IF(AND(N249<>"",OR(Q249<>"",G249="Other / bench",G249="None"),U249<>""),"OK","Missing")) -> Missing
A250: F41 | B250: FP | C250: Sweet Sleep | actives TBD: Sweet Sleep | D250: Identification (if separate from assay) | E250: =IF(A250="","",A250&"|"&D250) -> F41|Identification (if separate from assay) | F250: N | G250: HPLC | H250: Medium | I250: 1 | P250: =IF(N250="",0,IF(OR(M250="",O250=""),N250,(M250+4*N250+O250)/6)) -> 0 | W250: N | Z250: Actives not in source file – confirm tests | AA250: =IF(F250<>"Y",0,((SUMIF(Products!$E$5:$E$300,A250,Products!$F$5:$F$300)+SUMIF(RM_Lots!$A$5:$A$400,A250,RM_Lots!$D$5:$D$400))+IF(W250="Y",SUMIF(Products!$E$5:$E$300,A250,Products!$G$5:$G$300),0))*(1+N(V250))) -> 0 | AB250: =IF(F250<>"Y",0,((SUMIF(Products!$E$5:$E$300,A250,Products!$K$5:$K$300)+SUMIF(RM_Lots!$A$5:$A$400,A250,RM_Lots!$F$5:$F$400))+IF(W250="Y",SUMIF(Products!$E$5:$E$300,A250,Products!$L$5:$L$300),0))*(1+N(V250))) -> 0 | AC250: =IF(J250="",1,MAX(1,COUNTIFS($J$5:$J$863,J250,$F$5:$F$863,"Y"))) -> 1 | AD250: =(MAX(1,N(I250))*(P250+N(S250))+MAX(1,N(I250))*N(K250)/(MAX(1,N(U250))*AC250))*Settings!$B$9 -> 0 | AE250: =(MAX(1,N(I250))*N(Q250)+MAX(1,N(I250))*N(L250)/(MAX(1,N(U250))*AC250))*Settings!$B$8 -> 0 | AF250: =MAX(1,N(I250))*N(T250) -> 0 | AG250: =AA250*N(AD250) -> 0 | AH250: =AA250*N(AE250) -> 0 | AI250: =AA250*N(AF250) -> 0 | AJ250: =AA250*N(R250) -> 0 | AK250: =AB250*N(AD250) -> 0 | AL250: =AB250*N(AE250) -> 0 | AM250: =AB250*N(AF250) -> 0 | AN250: =AB250*N(R250) -> 0 | AO250: =IF(F250<>"Y","n/a",IF(AND(N250<>"",OR(Q250<>"",G250="Other / bench",G250="None"),U250<>""),"OK","Missing")) -> n/a
A251: F41 | B251: FP | C251: Sweet Sleep | actives TBD: Sweet Sleep | D251: Other tests (non-HPLC: physical, LOD/KF, disintegration, pH, micro...) | E251: =IF(A251="","",A251&"|"&D251) -> F41|Other tests (non-HPLC: physical, LOD/KF, disintegration, pH, micro...) | F251: Y | G251: Other / bench | H251: Medium | I251: 1 | P251: =IF(N251="",0,IF(OR(M251="",O251=""),N251,(M251+4*N251+O251)/6)) -> 0 | W251: Y | Z251: Actives not in source file – confirm tests | AA251: =IF(F251<>"Y",0,((SUMIF(Products!$E$5:$E$300,A251,Products!$F$5:$F$300)+SUMIF(RM_Lots!$A$5:$A$400,A251,RM_Lots!$D$5:$D$400))+IF(W251="Y",SUMIF(Products!$E$5:$E$300,A251,Products!$G$5:$G$300),0))*(1+N(V251))) -> 0 | AB251: =IF(F251<>"Y",0,((SUMIF(Products!$E$5:$E$300,A251,Products!$K$5:$K$300)+SUMIF(RM_Lots!$A$5:$A$400,A251,RM_Lots!$F$5:$F$400))+IF(W251="Y",SUMIF(Products!$E$5:$E$300,A251,Products!$L$5:$L$300),0))*(1+N(V251))) -> 0 | AC251: =IF(J251="",1,MAX(1,COUNTIFS($J$5:$J$863,J251,$F$5:$F$863,"Y"))) -> 1 | AD251: =(MAX(1,N(I251))*(P251+N(S251))+MAX(1,N(I251))*N(K251)/(MAX(1,N(U251))*AC251))*Settings!$B$9 -> 0 | AE251: =(MAX(1,N(I251))*N(Q251)+MAX(1,N(I251))*N(L251)/(MAX(1,N(U251))*AC251))*Settings!$B$8 -> 0 | AF251: =MAX(1,N(I251))*N(T251) -> 0 | AG251: =AA251*N(AD251) -> 0 | AH251: =AA251*N(AE251) -> 0 | AI251: =AA251*N(AF251) -> 0 | AJ251: =AA251*N(R251) -> 0 | AK251: =AB251*N(AD251) -> 0 | AL251: =AB251*N(AE251) -> 0 | AM251: =AB251*N(AF251) -> 0 | AN251: =AB251*N(R251) -> 0 | AO251: =IF(F251<>"Y","n/a",IF(AND(N251<>"",OR(Q251<>"",G251="Other / bench",G251="None"),U251<>""),"OK","Missing")) -> Missing
A252: F42 | B252: FP | C252: Ferrikid | actives TBD: Ferrikid | D252: Assay | E252: =IF(A252="","",A252&"|"&D252) -> F42|Assay | F252: Y | G252: HPLC | H252: Medium | I252: 1 | P252: =IF(N252="",0,IF(OR(M252="",O252=""),N252,(M252+4*N252+O252)/6)) -> 0 | W252: Y | Z252: Actives not in source file – confirm tests | AA252: =IF(F252<>"Y",0,((SUMIF(Products!$E$5:$E$300,A252,Products!$F$5:$F$300)+SUMIF(RM_Lots!$A$5:$A$400,A252,RM_Lots!$D$5:$D$400))+IF(W252="Y",SUMIF(Products!$E$5:$E$300,A252,Products!$G$5:$G$300),0))*(1+N(V252))) -> 0 | AB252: =IF(F252<>"Y",0,((SUMIF(Products!$E$5:$E$300,A252,Products!$K$5:$K$300)+SUMIF(RM_Lots!$A$5:$A$400,A252,RM_Lots!$F$5:$F$400))+IF(W252="Y",SUMIF(Products!$E$5:$E$300,A252,Products!$L$5:$L$300),0))*(1+N(V252))) -> 0 | AC252: =IF(J252="",1,MAX(1,COUNTIFS($J$5:$J$863,J252,$F$5:$F$863,"Y"))) -> 1 | AD252: =(MAX(1,N(I252))*(P252+N(S252))+MAX(1,N(I252))*N(K252)/(MAX(1,N(U252))*AC252))*Settings!$B$9 -> 0 | AE252: =(MAX(1,N(I252))*N(Q252)+MAX(1,N(I252))*N(L252)/(MAX(1,N(U252))*AC252))*Settings!$B$8 -> 0 | AF252: =MAX(1,N(I252))*N(T252) -> 0 | AG252: =AA252*N(AD252) -> 0 | AH252: =AA252*N(AE252) -> 0 | AI252: =AA252*N(AF252) -> 0 | AJ252: =AA252*N(R252) -> 0 | AK252: =AB252*N(AD252) -> 0 | AL252: =AB252*N(AE252) -> 0 | AM252: =AB252*N(AF252) -> 0 | AN252: =AB252*N(R252) -> 0 | AO252: =IF(F252<>"Y","n/a",IF(AND(N252<>"",OR(Q252<>"",G252="Other / bench",G252="None"),U252<>""),"OK","Missing")) -> Missing
A253: F42 | B253: FP | C253: Ferrikid | actives TBD: Ferrikid | D253: Related substances / impurities | E253: =IF(A253="","",A253&"|"&D253) -> F42|Related substances / impurities | F253: Y | G253: HPLC | H253: Medium | I253: 1 | P253: =IF(N253="",0,IF(OR(M253="",O253=""),N253,(M253+4*N253+O253)/6)) -> 0 | W253: Y | Z253: Actives not in source file – confirm tests | AA253: =IF(F253<>"Y",0,((SUMIF(Products!$E$5:$E$300,A253,Products!$F$5:$F$300)+SUMIF(RM_Lots!$A$5:$A$400,A253,RM_Lots!$D$5:$D$400))+IF(W253="Y",SUMIF(Products!$E$5:$E$300,A253,Products!$G$5:$G$300),0))*(1+N(V253))) -> 0 | AB253: =IF(F253<>"Y",0,((SUMIF(Products!$E$5:$E$300,A253,Products!$K$5:$K$300)+SUMIF(RM_Lots!$A$5:$A$400,A253,RM_Lots!$F$5:$F$400))+IF(W253="Y",SUMIF(Products!$E$5:$E$300,A253,Products!$L$5:$L$300),0))*(1+N(V253))) -> 0 | AC253: =IF(J253="",1,MAX(1,COUNTIFS($J$5:$J$863,J253,$F$5:$F$863,"Y"))) -> 1 | AD253: =(MAX(1,N(I253))*(P253+N(S253))+MAX(1,N(I253))*N(K253)/(MAX(1,N(U253))*AC253))*Settings!$B$9 -> 0 | AE253: =(MAX(1,N(I253))*N(Q253)+MAX(1,N(I253))*N(L253)/(MAX(1,N(U253))*AC253))*Settings!$B$8 -> 0 | AF253: =MAX(1,N(I253))*N(T253) -> 0 | AG253: =AA253*N(AD253) -> 0 | AH253: =AA253*N(AE253) -> 0 | AI253: =AA253*N(AF253) -> 0 | AJ253: =AA253*N(R253) -> 0 | AK253: =AB253*N(AD253) -> 0 | AL253: =AB253*N(AE253) -> 0 | AM253: =AB253*N(AF253) -> 0 | AN253: =AB253*N(R253) -> 0 | AO253: =IF(F253<>"Y","n/a",IF(AND(N253<>"",OR(Q253<>"",G253="Other / bench",G253="None"),U253<>""),"OK","Missing")) -> Missing
A254: F42 | B254: FP | C254: Ferrikid | actives TBD: Ferrikid | D254: Dissolution | E254: =IF(A254="","",A254&"|"&D254) -> F42|Dissolution | F254: Y | G254: HPLC | H254: Medium | I254: 1 | P254: =IF(N254="",0,IF(OR(M254="",O254=""),N254,(M254+4*N254+O254)/6)) -> 0 | W254: Y | Z254: Actives not in source file – confirm tests | AA254: =IF(F254<>"Y",0,((SUMIF(Products!$E$5:$E$300,A254,Products!$F$5:$F$300)+SUMIF(RM_Lots!$A$5:$A$400,A254,RM_Lots!$D$5:$D$400))+IF(W254="Y",SUMIF(Products!$E$5:$E$300,A254,Products!$G$5:$G$300),0))*(1+N(V254))) -> 0 | AB254: =IF(F254<>"Y",0,((SUMIF(Products!$E$5:$E$300,A254,Products!$K$5:$K$300)+SUMIF(RM_Lots!$A$5:$A$400,A254,RM_Lots!$F$5:$F$400))+IF(W254="Y",SUMIF(Products!$E$5:$E$300,A254,Products!$L$5:$L$300),0))*(1+N(V254))) -> 0 | AC254: =IF(J254="",1,MAX(1,COUNTIFS($J$5:$J$863,J254,$F$5:$F$863,"Y"))) -> 1 | AD254: =(MAX(1,N(I254))*(P254+N(S254))+MAX(1,N(I254))*N(K254)/(MAX(1,N(U254))*AC254))*Settings!$B$9 -> 0 | AE254: =(MAX(1,N(I254))*N(Q254)+MAX(1,N(I254))*N(L254)/(MAX(1,N(U254))*AC254))*Settings!$B$8 -> 0 | AF254: =MAX(1,N(I254))*N(T254) -> 0 | AG254: =AA254*N(AD254) -> 0 | AH254: =AA254*N(AE254) -> 0 | AI254: =AA254*N(AF254) -> 0 | AJ254: =AA254*N(R254) -> 0 | AK254: =AB254*N(AD254) -> 0 | AL254: =AB254*N(AE254) -> 0 | AM254: =AB254*N(AF254) -> 0 | AN254: =AB254*N(R254) -> 0 | AO254: =IF(F254<>"Y","n/a",IF(AND(N254<>"",OR(Q254<>"",G254="Other / bench",G254="None"),U254<>""),"OK","Missing")) -> Missing
...

Sheet CDS_Log
A1: CDS audit-trail log (validation of estimates)
A2: Copy real sequences from the HPLC software for 4–8 weeks. Start/End as date-time (e.g. 2026-10-12 08:30).
A4: Date | B4: Instrument ID | C4: Key (Family ID / Material) | D4: Test (exactly as in Test_Times) | E4: Samples in sequence | F4: Sequence start | G4: Sequence end | H4: Actual h (auto) | I4: Estimated h (auto) | J4: Actual / Estimated (auto) | K4: Notes | M4: Summary
H5: =IF(OR(F5="",G5=""),"",(G5-F5)*24) | I5: =IF(C5="","",SUMIF(Test_Times!$E$5:$E$863,C5&"|"&D5,Test_Times!$L$5:$L$863)+N(E5)*SUMIF(Test_Times!$E$5:$E$863,C5&"|"&D5,Test_Times!$Q$5:$Q$863)) | J5: =IF(OR(H5="",N(I5)=0),"",H5/I5)
H6: =IF(OR(F6="",G6=""),"",(G6-F6)*24) | I6: =IF(C6="","",SUMIF(Test_Times!$E$5:$E$863,C6&"|"&D6,Test_Times!$L$5:$L$863)+N(E6)*SUMIF(Test_Times!$E$5:$E$863,C6&"|"&D6,Test_Times!$Q$5:$Q$863)) | J6: =IF(OR(H6="",N(I6)=0),"",H6/I6)
H7: =IF(OR(F7="",G7=""),"",(G7-F7)*24) | I7: =IF(C7="","",SUMIF(Test_Times!$E$5:$E$863,C7&"|"&D7,Test_Times!$L$5:$L$863)+N(E7)*SUMIF(Test_Times!$E$5:$E$863,C7&"|"&D7,Test_Times!$Q$5:$Q$863)) | J7: =IF(OR(H7="",N(I7)=0),"",H7/I7)
H8: =IF(OR(F8="",G8=""),"",(G8-F8)*24) | I8: =IF(C8="","",SUMIF(Test_Times!$E$5:$E$863,C8&"|"&D8,Test_Times!$L$5:$L$863)+N(E8)*SUMIF(Test_Times!$E$5:$E$863,C8&"|"&D8,Test_Times!$Q$5:$Q$863)) | J8: =IF(OR(H8="",N(I8)=0),"",H8/I8)
H9: =IF(OR(F9="",G9=""),"",(G9-F9)*24) | I9: =IF(C9="","",SUMIF(Test_Times!$E$5:$E$863,C9&"|"&D9,Test_Times!$L$5:$L$863)+N(E9)*SUMIF(Test_Times!$E$5:$E$863,C9&"|"&D9,Test_Times!$Q$5:$Q$863)) | J9: =IF(OR(H9="",N(I9)=0),"",H9/I9) | M9: Sequences logged | N9: =COUNT(H5:H504) -> 0
H10: =IF(OR(F10="",G10=""),"",(G10-F10)*24) | I10: =IF(C10="","",SUMIF(Test_Times!$E$5:$E$863,C10&"|"&D10,Test_Times!$L$5:$L$863)+N(E10)*SUMIF(Test_Times!$E$5:$E$863,C10&"|"&D10,Test_Times!$Q$5:$Q$863)) | J10: =IF(OR(H10="",N(I10)=0),"",H10/I10) | M10: Average Actual/Estimated → copy to Settings!B8 | N10: =IFERROR(AVERAGE(J5:J504),"")
H11: =IF(OR(F11="",G11=""),"",(G11-F11)*24) | I11: =IF(C11="","",SUMIF(Test_Times!$E$5:$E$863,C11&"|"&D11,Test_Times!$L$5:$L$863)+N(E11)*SUMIF(Test_Times!$E$5:$E$863,C11&"|"&D11,Test_Times!$Q$5:$Q$863)) | J11: =IF(OR(H11="",N(I11)=0),"",H11/I11) | M11: Log period start | N11: =IFERROR(1/(1/MIN(F5:F504)),"")
H12: =IF(OR(F12="",G12=""),"",(G12-F12)*24) | I12: =IF(C12="","",SUMIF(Test_Times!$E$5:$E$863,C12&"|"&D12,Test_Times!$L$5:$L$863)+N(E12)*SUMIF(Test_Times!$E$5:$E$863,C12&"|"&D12,Test_Times!$Q$5:$Q$863)) | J12: =IF(OR(H12="",N(I12)=0),"",H12/I12) | M12: Log period end | N12: =IFERROR(1/(1/MAX(G5:G504)),"")
H13: =IF(OR(F13="",G13=""),"",(G13-F13)*24) | I13: =IF(C13="","",SUMIF(Test_Times!$E$5:$E$863,C13&"|"&D13,Test_Times!$L$5:$L$863)+N(E13)*SUMIF(Test_Times!$E$5:$E$863,C13&"|"&D13,Test_Times!$Q$5:$Q$863)) | J13: =IF(OR(H13="",N(I13)=0),"",H13/I13) | M13: Total actual instrument h in period | N13: =SUM(H5:H504) -> 0
H14: =IF(OR(F14="",G14=""),"",(G14-F14)*24) | I14: =IF(C14="","",SUMIF(Test_Times!$E$5:$E$863,C14&"|"&D14,Test_Times!$L$5:$L$863)+N(E14)*SUMIF(Test_Times!$E$5:$E$863,C14&"|"&D14,Test_Times!$Q$5:$Q$863)) | J14: =IF(OR(H14="",N(I14)=0),"",H14/I14) | M14: Active HPLC units | N14: =SUMIF(Instruments!B5:B104,"HPLC",Instruments!H5:H104) -> 0
H15: =IF(OR(F15="",G15=""),"",(G15-F15)*24) | I15: =IF(C15="","",SUMIF(Test_Times!$E$5:$E$863,C15&"|"&D15,Test_Times!$L$5:$L$863)+N(E15)*SUMIF(Test_Times!$E$5:$E$863,C15&"|"&D15,Test_Times!$Q$5:$Q$863)) | J15: =IF(OR(H15="",N(I15)=0),"",H15/I15) | M15: Measured HPLC utilisation in period (24 h basis) | N15: =IFERROR(N13/(N14*(N12-N11)*24),"")
H16: =IF(OR(F16="",G16=""),"",(G16-F16)*24) | I16: =IF(C16="","",SUMIF(Test_Times!$E$5:$E$863,C16&"|"&D16,Test_Times!$L$5:$L$863)+N(E16)*SUMIF(Test_Times!$E$5:$E$863,C16&"|"&D16,Test_Times!$Q$5:$Q$863)) | J16: =IF(OR(H16="",N(I16)=0),"",H16/I16)
H17: =IF(OR(F17="",G17=""),"",(G17-F17)*24) | I17: =IF(C17="","",SUMIF(Test_Times!$E$5:$E$863,C17&"|"&D17,Test_Times!$L$5:$L$863)+N(E17)*SUMIF(Test_Times!$E$5:$E$863,C17&"|"&D17,Test_Times!$Q$5:$Q$863)) | J17: =IF(OR(H17="",N(I17)=0),"",H17/I17) | M17: Note: if only HPLC sequences are logged, row 15 gives the measured HPLC load – the strongest evidence for management.
H18: =IF(OR(F18="",G18=""),"",(G18-F18)*24) | I18: =IF(C18="","",SUMIF(Test_Times!$E$5:$E$863,C18&"|"&D18,Test_Times!$L$5:$L$863)+N(E18)*SUMIF(Test_Times!$E$5:$E$863,C18&"|"&D18,Test_Times!$Q$5:$Q$863)) | J18: =IF(OR(H18="",N(I18)=0),"",H18/I18)
H19: =IF(OR(F19="",G19=""),"",(G19-F19)*24) | I19: =IF(C19="","",SUMIF(Test_Times!$E$5:$E$863,C19&"|"&D19,Test_Times!$L$5:$L$863)+N(E19)*SUMIF(Test_Times!$E$5:$E$863,C19&"|"&D19,Test_Times!$Q$5:$Q$863)) | J19: =IF(OR(H19="",N(I19)=0),"",H19/I19)
H20: =IF(OR(F20="",G20=""),"",(G20-F20)*24) | I20: =IF(C20="","",SUMIF(Test_Times!$E$5:$E$863,C20&"|"&D20,Test_Times!$L$5:$L$863)+N(E20)*SUMIF(Test_Times!$E$5:$E$863,C20&"|"&D20,Test_Times!$Q$5:$Q$863)) | J20: =IF(OR(H20="",N(I20)=0),"",H20/I20)
H21: =IF(OR(F21="",G21=""),"",(G21-F21)*24) | I21: =IF(C21="","",SUMIF(Test_Times!$E$5:$E$863,C21&"|"&D21,Test_Times!$L$5:$L$863)+N(E21)*SUMIF(Test_Times!$E$5:$E$863,C21&"|"&D21,Test_Times!$Q$5:$Q$863)) | J21: =IF(OR(H21="",N(I21)=0),"",H21/I21)
H22: =IF(OR(F22="",G22=""),"",(G22-F22)*24) | I22: =IF(C22="","",SUMIF(Test_Times!$E$5:$E$863,C22&"|"&D22,Test_Times!$L$5:$L$863)+N(E22)*SUMIF(Test_Times!$E$5:$E$863,C22&"|"&D22,Test_Times!$Q$5:$Q$863)) | J22: =IF(OR(H22="",N(I22)=0),"",H22/I22)
H23: =IF(OR(F23="",G23=""),"",(G23-F23)*24) | I23: =IF(C23="","",SUMIF(Test_Times!$E$5:$E$863,C23&"|"&D23,Test_Times!$L$5:$L$863)+N(E23)*SUMIF(Test_Times!$E$5:$E$863,C23&"|"&D23,Test_Times!$Q$5:$Q$863)) | J23: =IF(OR(H23="",N(I23)=0),"",H23/I23)
H24: =IF(OR(F24="",G24=""),"",(G24-F24)*24) | I24: =IF(C24="","",SUMIF(Test_Times!$E$5:$E$863,C24&"|"&D24,Test_Times!$L$5:$L$863)+N(E24)*SUMIF(Test_Times!$E$5:$E$863,C24&"|"&D24,Test_Times!$Q$5:$Q$863)) | J24: =IF(OR(H24="",N(I24)=0),"",H24/I24)
H25: =IF(OR(F25="",G25=""),"",(G25-F25)*24) | I25: =IF(C25="","",SUMIF(Test_Times!$E$5:$E$863,C25&"|"&D25,Test_Times!$L$5:$L$863)+N(E25)*SUMIF(Test_Times!$E$5:$E$863,C25&"|"&D25,Test_Times!$Q$5:$Q$863)) | J25: =IF(OR(H25="",N(I25)=0),"",H25/I25)
H26: =IF(OR(F26="",G26=""),"",(G26-F26)*24) | I26: =IF(C26="","",SUMIF(Test_Times!$E$5:$E$863,C26&"|"&D26,Test_Times!$L$5:$L$863)+N(E26)*SUMIF(Test_Times!$E$5:$E$863,C26&"|"&D26,Test_Times!$Q$5:$Q$863)) | J26: =IF(OR(H26="",N(I26)=0),"",H26/I26)
H27: =IF(OR(F27="",G27=""),"",(G27-F27)*24) | I27: =IF(C27="","",SUMIF(Test_Times!$E$5:$E$863,C27&"|"&D27,Test_Times!$L$5:$L$863)+N(E27)*SUMIF(Test_Times!$E$5:$E$863,C27&"|"&D27,Test_Times!$Q$5:$Q$863)) | J27: =IF(OR(H27="",N(I27)=0),"",H27/I27)
H28: =IF(OR(F28="",G28=""),"",(G28-F28)*24) | I28: =IF(C28="","",SUMIF(Test_Times!$E$5:$E$863,C28&"|"&D28,Test_Times!$L$5:$L$863)+N(E28)*SUMIF(Test_Times!$E$5:$E$863,C28&"|"&D28,Test_Times!$Q$5:$Q$863)) | J28: =IF(OR(H28="",N(I28)=0),"",H28/I28)
H29: =IF(OR(F29="",G29=""),"",(G29-F29)*24) | I29: =IF(C29="","",SUMIF(Test_Times!$E$5:$E$863,C29&"|"&D29,Test_Times!$L$5:$L$863)+N(E29)*SUMIF(Test_Times!$E$5:$E$863,C29&"|"&D29,Test_Times!$Q$5:$Q$863)) | J29: =IF(OR(H29="",N(I29)=0),"",H29/I29)
... H504: =IF(OR(F504="",G504=""),"",(G504-F504)*24) | I504: =IF(C504="","",SUMIF(Test_Times!$E$5:$E$863,C504&"|"&D504,Test_Times!$L$5:$L$863)+N(E504)*SUMIF(Test_Times!$E$5:$E$863,C504&"|"&D504,Test_Times!$Q$5:$Q$863)) | J504: =IF(OR(H504="",N(I504)=0),"",H504/I504)

Sheet Evidence
A1: Service-level evidence – last 12 months
A2: From LIMS/logbooks/HR. These numbers show the CONSEQUENCE of the capacity gap.
A4: Month | B4: Samples received | C4: Samples released | D4: Backlog at month end | E4: Avg turnaround (days) | F4: Target turnaround (days) | G4: Batches released late | H4: Total overtime h (all staff) | I4: HPLC down days | J4: Lab investigations / errors | K4: Stability pulls tested late | L4: Notes
A17: Total / avg | B17: =SUM(B5:B16) -> 0 | C17: =SUM(C5:C16) -> 0 | D17: =IFERROR(AVERAGE(D5:D16),"") | E17: =IFERROR(AVERAGE(E5:E16),"") | F17: =IFERROR(AVERAGE(F5:F16),"") | G17: =SUM(G5:G16) -> 0 | H17: =SUM(H5:H16) -> 0 | I17: =SUM(I5:I16) -> 0 | J17: =SUM(J5:J16) -> 0 | K17: =SUM(K5:K16) -> 0
A19: Overtime as FTE equivalent | E19: =IFERROR(H17/(40*(52-Settings!$B$6)),"") -> 0
A20: Turnaround vs target (x) | E20: =IFERROR(E17/F17,"")

Sheet Load_by_Item
A1: Workload per family / material (auto)
A2: Sort or filter freely. Feeds the Pareto (Top 15) on Capacity.
A4: Key | B4: Type | C4: Description | D4: HPLC instrument h/yr NOW | E4: All instruments h/yr NOW | F4: Analyst h/yr NOW | G4: Review h/yr NOW | H4: HPLC h/yr FUTURE | I4: % of total HPLC now | J4: Rank helper
A5: F01 | B5: FP | C5: Ezetimibe-Rosuvastatin 10-10; Ezetimibe-Rosuvastatin 10-20; Ezetimibe-Rosuvastatin 10-40 | Ezetimibe, Rosuvastatin Calcium | D5: =SUMIFS(Test_Times!$AH$5:$AH$863,Test_Times!$A$5:$A$863,A5,Test_Times!$G$5:$G$863,"HPLC") -> 0 | E5: =SUMIF(Test_Times!$A$5:$A$863,A5,Test_Times!$AH$5:$AH$863) -> 0 | F5: =SUMIF(Test_Times!$A$5:$A$863,A5,Test_Times!$AG$5:$AG$863) -> 0 | G5: =SUMIF(Test_Times!$A$5:$A$863,A5,Test_Times!$AI$5:$AI$863) -> 0 | H5: =SUMIFS(Test_Times!$AL$5:$AL$863,Test_Times!$A$5:$A$863,A5,Test_Times!$G$5:$G$863,"HPLC") -> 0 | I5: =IFERROR(D5/SUM($D$5:$D$248),0) -> 0 | J5: =D5+ROW()/10000000 -> 5e-07
A6: F02 | B6: FP | C6: Resmitrom (Resffera) 60; Resmitrom (Resffera) 80; Resmitrom (Resffera) 100 | Resmetirom | D6: =SUMIFS(Test_Times!$AH$5:$AH$863,Test_Times!$A$5:$A$863,A6,Test_Times!$G$5:$G$863,"HPLC") -> 0 | E6: =SUMIF(Test_Times!$A$5:$A$863,A6,Test_Times!$AH$5:$AH$863) -> 0 | F6: =SUMIF(Test_Times!$A$5:$A$863,A6,Test_Times!$AG$5:$AG$863) -> 0 | G6: =SUMIF(Test_Times!$A$5:$A$863,A6,Test_Times!$AI$5:$AI$863) -> 0 | H6: =SUMIFS(Test_Times!$AL$5:$AL$863,Test_Times!$A$5:$A$863,A6,Test_Times!$G$5:$G$863,"HPLC") -> 0 | I6: =IFERROR(D6/SUM($D$5:$D$248),0) -> 0 | J6: =D6+ROW()/10000000 -> 6e-07
A7: F03 | B7: FP | C7: Finerodyd 10; Finerodyd 20 | Finerenone | D7: =SUMIFS(Test_Times!$AH$5:$AH$863,Test_Times!$A$5:$A$863,A7,Test_Times!$G$5:$G$863,"HPLC") -> 0 | E7: =SUMIF(Test_Times!$A$5:$A$863,A7,Test_Times!$AH$5:$AH$863) -> 0 | F7: =SUMIF(Test_Times!$A$5:$A$863,A7,Test_Times!$AG$5:$AG$863) -> 0 | G7: =SUMIF(Test_Times!$A$5:$A$863,A7,Test_Times!$AI$5:$AI$863) -> 0 | H7: =SUMIFS(Test_Times!$AL$5:$AL$863,Test_Times!$A$5:$A$863,A7,Test_Times!$G$5:$G$863,"HPLC") -> 0 | I7: =IFERROR(D7/SUM($D$5:$D$248),0) -> 0 | J7: =D7+ROW()/10000000 -> 7e-07
A8: F04 | B8: FP | C8: Cardyd 20; Cardyd 40; Cardyd 80 | Telmisartan | D8: =SUMIFS(Test_Times!$AH$5:$AH$863,Test_Times!$A$5:$A$863,A8,Test_Times!$G$5:$G$863,"HPLC") -> 0 | E8: =SUMIF(Test_Times!$A$5:$A$863,A8,Test_Times!$AH$5:$AH$863) -> 0 | F8: =SUMIF(Test_Times!$A$5:$A$863,A8,Test_Times!$AG$5:$AG$863) -> 0 | G8: =SUMIF(Test_Times!$A$5:$A$863,A8,Test_Times!$AI$5:$AI$863) -> 0 | H8: =SUMIFS(Test_Times!$AL$5:$AL$863,Test_Times!$A$5:$A$863,A8,Test_Times!$G$5:$G$863,"HPLC") -> 0 | I8: =IFERROR(D8/SUM($D$5:$D$248),0) -> 0 | J8: =D8+ROW()/10000000 -> 8e-07
A9: F05 | B9: FP | C9: Cardyd-AM 80/5; Cardyd-AM 80/10; Cardyd-AM 40/5; Cardyd-AM 40/10 | Telmisartan, Amlodipine Besylate | D9: =SUMIFS(Test_Times!$AH$5:$AH$863,Test_Times!$A$5:$A$863,A9,Test_Times!$G$5:$G$863,"HPLC") -> 0 | E9: =SUMIF(Test_Times!$A$5:$A$863,A9,Test_Times!$AH$5:$AH$863) -> 0 | F9: =SUMIF(Test_Times!$A$5:$A$863,A9,Test_Times!$AG$5:$AG$863) -> 0 | G9: =SUMIF(Test_Times!$A$5:$A$863,A9,Test_Times!$AI$5:$AI$863) -> 0 | H9: =SUMIFS(Test_Times!$AL$5:$AL$863,Test_Times!$A$5:$A$863,A9,Test_Times!$G$5:$G$863,"HPLC") -> 0 | I9: =IFERROR(D9/SUM($D$5:$D$248),0) -> 0 | J9: =D9+ROW()/10000000 -> 9e-07
A10: F06 | B10: FP | C10: Cardyd-H 40/12.5; Cardyd-H 80/12.5; Cardyd-H 80/25 | Telmisartan, Hydrochlorothiazide | D10: =SUMIFS(Test_Times!$AH$5:$AH$863,Test_Times!$A$5:$A$863,A10,Test_Times!$G$5:$G$863,"HPLC") -> 0 | E10: =SUMIF(Test_Times!$A$5:$A$863,A10,Test_Times!$AH$5:$AH$863) -> 0 | F10: =SUMIF(Test_Times!$A$5:$A$863,A10,Test_Times!$AG$5:$AG$863) -> 0 | G10: =SUMIF(Test_Times!$A$5:$A$863,A10,Test_Times!$AI$5:$AI$863) -> 0 | H10: =SUMIFS(Test_Times!$AL$5:$AL$863,Test_Times!$A$5:$A$863,A10,Test_Times!$G$5:$G$863,"HPLC") -> 0 | I10: =IFERROR(D10/SUM($D$5:$D$248),0) -> 0 | J10: =D10+ROW()/10000000 -> 1e-06
A11: F07 | B11: FP | C11: Dexlansoprazole 60; Dexlansoprazole 30 | Dexlansoprazole Pellets 20% | D11: =SUMIFS(Test_Times!$AH$5:$AH$863,Test_Times!$A$5:$A$863,A11,Test_Times!$G$5:$G$863,"HPLC") -> 0 | E11: =SUMIF(Test_Times!$A$5:$A$863,A11,Test_Times!$AH$5:$AH$863) -> 0 | F11: =SUMIF(Test_Times!$A$5:$A$863,A11,Test_Times!$AG$5:$AG$863) -> 0 | G11: =SUMIF(Test_Times!$A$5:$A$863,A11,Test_Times!$AI$5:$AI$863) -> 0 | H11: =SUMIFS(Test_Times!$AL$5:$AL$863,Test_Times!$A$5:$A$863,A11,Test_Times!$G$5:$G$863,"HPLC") -> 0 | I11: =IFERROR(D11/SUM($D$5:$D$248),0) -> 0 | J11: =D11+ROW()/10000000 -> 1.1e-06
A12: F08 | B12: FP | C12: Prucalopride 1; Prucalopride 2 | Prucalopride Succinate | D12: =SUMIFS(Test_Times!$AH$5:$AH$863,Test_Times!$A$5:$A$863,A12,Test_Times!$G$5:$G$863,"HPLC") -> 0 | E12: =SUMIF(Test_Times!$A$5:$A$863,A12,Test_Times!$AH$5:$AH$863) -> 0 | F12: =SUMIF(Test_Times!$A$5:$A$863,A12,Test_Times!$AG$5:$AG$863) -> 0 | G12: =SUMIF(Test_Times!$A$5:$A$863,A12,Test_Times!$AI$5:$AI$863) -> 0 | H12: =SUMIFS(Test_Times!$AL$5:$AL$863,Test_Times!$A$5:$A$863,A12,Test_Times!$G$5:$G$863,"HPLC") -> 0 | I12: =IFERROR(D12/SUM($D$5:$D$248),0) -> 0 | J12: =D12+ROW()/10000000 -> 1.2e-06
A13: F09 | B13: FP | C13: Ranulo 500 | Ranolazine | D13: =SUMIFS(Test_Times!$AH$5:$AH$863,Test_Times!$A$5:$A$863,A13,Test_Times!$G$5:$G$863,"HPLC") -> 0 | E13: =SUMIF(Test_Times!$A$5:$A$863,A13,Test_Times!$AH$5:$AH$863) -> 0 | F13: =SUMIF(Test_Times!$A$5:$A$863,A13,Test_Times!$AG$5:$AG$863) -> 0 | G13: =SUMIF(Test_Times!$A$5:$A$863,A13,Test_Times!$AI$5:$AI$863) -> 0 | H13: =SUMIFS(Test_Times!$AL$5:$AL$863,Test_Times!$A$5:$A$863,A13,Test_Times!$G$5:$G$863,"HPLC") -> 0 | I13: =IFERROR(D13/SUM($D$5:$D$248),0) -> 0 | J13: =D13+ROW()/10000000 -> 1.3e-06
A14: F10 | B14: FP | C14: Bempedoic Acid 180 | Bempedoic Acid | D14: =SUMIFS(Test_Times!$AH$5:$AH$863,Test_Times!$A$5:$A$863,A14,Test_Times!$G$5:$G$863,"HPLC") -> 0 | E14: =SUMIF(Test_Times!$A$5:$A$863,A14,Test_Times!$AH$5:$AH$863) -> 0 | F14: =SUMIF(Test_Times!$A$5:$A$863,A14,Test_Times!$AG$5:$AG$863) -> 0 | G14: =SUMIF(Test_Times!$A$5:$A$863,A14,Test_Times!$AI$5:$AI$863) -> 0 | H14: =SUMIFS(Test_Times!$AL$5:$AL$863,Test_Times!$A$5:$A$863,A14,Test_Times!$G$5:$G$863,"HPLC") -> 0 | I14: =IFERROR(D14/SUM($D$5:$D$248),0) -> 0 | J14: =D14+ROW()/10000000 -> 1.4e-06
A15: F11 | B15: FP | C15: Bempedoic Ezetimibe 180/10 | Bempedoic Acid, Ezetimibe | D15: =SUMIFS(Test_Times!$AH$5:$AH$863,Test_Times!$A$5:$A$863,A15,Test_Times!$G$5:$G$863,"HPLC") -> 0 | E15: =SUMIF(Test_Times!$A$5:$A$863,A15,Test_Times!$AH$5:$AH$863) -> 0 | F15: =SUMIF(Test_Times!$A$5:$A$863,A15,Test_Times!$AG$5:$AG$863) -> 0 | G15: =SUMIF(Test_Times!$A$5:$A$863,A15,Test_Times!$AI$5:$AI$863) -> 0 | H15: =SUMIFS(Test_Times!$AL$5:$AL$863,Test_Times!$A$5:$A$863,A15,Test_Times!$G$5:$G$863,"HPLC") -> 0 | I15: =IFERROR(D15/SUM($D$5:$D$248),0) -> 0 | J15: =D15+ROW()/10000000 -> 1.5e-06
A16: F12 | B16: FP | C16: loperamide 2 | Loperamide HCl | D16: =SUMIFS(Test_Times!$AH$5:$AH$863,Test_Times!$A$5:$A$863,A16,Test_Times!$G$5:$G$863,"HPLC") -> 0 | E16: =SUMIF(Test_Times!$A$5:$A$863,A16,Test_Times!$AH$5:$AH$863) -> 0 | F16: =SUMIF(Test_Times!$A$5:$A$863,A16,Test_Times!$AG$5:$AG$863) -> 0 | G16: =SUMIF(Test_Times!$A$5:$A$863,A16,Test_Times!$AI$5:$AI$863) -> 0 | H16: =SUMIFS(Test_Times!$AL$5:$AL$863,Test_Times!$A$5:$A$863,A16,Test_Times!$G$5:$G$863,"HPLC") -> 0 | I16: =IFERROR(D16/SUM($D$5:$D$248),0) -> 0 | J16: =D16+ROW()/10000000 -> 1.6e-06
... A248: Sodium Citrate Dihydrate | B248: RM | C248: pH Modifier / Buffer | D248: =SUMIFS(Test_Times!$AH$5:$AH$863,Test_Times!$A$5:$A$863,A248,Test_Times!$G$5:$G$863,"HPLC") -> 0 | E248: =SUMIF(Test_Times!$A$5:$A$863,A248,Test_Times!$AH$5:$AH$863) -> 0 | F248: =SUMIF(Test_Times!$A$5:$A$863,A248,Test_Times!$AG$5:$AG$863) -> 0 | G248: =SUMIF(Test_Times!$A$5:$A$863,A248,Test_Times!$AI$5:$AI$863) -> 0 | H248: =SUMIFS(Test_Times!$AL$5:$AL$863,Test_Times!$A$5:$A$863,A248,Test_Times!$G$5:$G$863,"HPLC") -> 0 | I248: =IFERROR(D248/SUM($D$5:$D$248),0) -> 0 | J248: =D248+ROW()/10000000 -> 2.48e-05

Sheet Capacity
A1: Capacity vs. demand – RESULT
A2: All automatic except column C (non-routine hours, yellow). Utilisation above target = documented shortage.
A4: Resource | B4: Routine demand h/yr NOW | C4: Non-routine h/yr (validation, transfer, investigations, R&D) | D4: Total demand h/yr NOW | E4: Current units (instruments / FTE) | F4: Capacity h/yr per unit | G4: Available h/yr | H4: Utilisation NOW | I4: Target utilisation | J4: Units required NOW | K4: GAP NOW (units to add) | L4: Total demand h/yr FUTURE | M4: Units required FUTURE | N4: GAP FUTURE (units to add)
A5: HPLC | B5: =SUMIF(Test_Times!$G$5:$G$863,A5,Test_Times!$AH$5:$AH$863) -> 0 | D5: =B5+N(C5) -> 0 | E5: =SUMIF(Instruments!$B$5:$B$104,A5,Instruments!$H$5:$H$104) -> 0 | F5: =Settings!$E$15 -> 4400 | G5: =E5*F5 -> 0 | H5: =IFERROR(D5/G5,"no capacity") -> no capacity | I5: =Settings!$D$15 -> 0.8 | J5: =IFERROR(ROUNDUP(D5/(F5*I5),1),"") -> 0 | K5: =IFERROR(MAX(0,ROUNDUP(J5-E5,0)),"") -> 0 | L5: =SUMIF(Test_Times!$G$5:$G$863,A5,Test_Times!$AL$5:$AL$863)+N(C5)*(1+Settings!$B$7) -> 0 | M5: =IFERROR(ROUNDUP(L5/(F5*I5),1),"") -> 0 | N5: =IFERROR(MAX(0,ROUNDUP(M5-E5,0)),"") -> 0
A6: GC | B6: =SUMIF(Test_Times!$G$5:$G$863,A6,Test_Times!$AH$5:$AH$863) -> 0 | D6: =B6+N(C6) -> 0 | E6: =SUMIF(Instruments!$B$5:$B$104,A6,Instruments!$H$5:$H$104) -> 0 | F6: =Settings!$E$16 -> 3600 | G6: =E6*F6 -> 0 | H6: =IFERROR(D6/G6,"no capacity") -> no capacity | I6: =Settings!$D$16 -> 0.75 | J6: =IFERROR(ROUNDUP(D6/(F6*I6),1),"") -> 0 | K6: =IFERROR(MAX(0,ROUNDUP(J6-E6,0)),"") -> 0 | L6: =SUMIF(Test_Times!$G$5:$G$863,A6,Test_Times!$AL$5:$AL$863)+N(C6)*(1+Settings!$B$7) -> 0 | M6: =IFERROR(ROUNDUP(L6/(F6*I6),1),"") -> 0 | N6: =IFERROR(MAX(0,ROUNDUP(M6-E6,0)),"") -> 0
A7: UV-Vis | B7: =SUMIF(Test_Times!$G$5:$G$863,A7,Test_Times!$AH$5:$AH$863) -> 0 | D7: =B7+N(C7) -> 0 | E7: =SUMIF(Instruments!$B$5:$B$104,A7,Instruments!$H$5:$H$104) -> 0 | F7: =Settings!$E$17 -> 1900 | G7: =E7*F7 -> 0 | H7: =IFERROR(D7/G7,"no capacity") -> no capacity | I7: =Settings!$D$17 -> 0.75 | J7: =IFERROR(ROUNDUP(D7/(F7*I7),1),"") -> 0 | K7: =IFERROR(MAX(0,ROUNDUP(J7-E7,0)),"") -> 0 | L7: =SUMIF(Test_Times!$G$5:$G$863,A7,Test_Times!$AL$5:$AL$863)+N(C7)*(1+Settings!$B$7) -> 0 | M7: =IFERROR(ROUNDUP(L7/(F7*I7),1),"") -> 0 | N7: =IFERROR(MAX(0,ROUNDUP(M7-E7,0)),"") -> 0
A8: AAS / ICP | B8: =SUMIF(Test_Times!$G$5:$G$863,A8,Test_Times!$AH$5:$AH$863) -> 0 | D8: =B8+N(C8) -> 0 | E8: =SUMIF(Instruments!$B$5:$B$104,A8,Instruments!$H$5:$H$104) -> 0 | F8: =Settings!$E$18 -> 1800 | G8: =E8*F8 -> 0 | H8: =IFERROR(D8/G8,"no capacity") -> no capacity | I8: =Settings!$D$18 -> 0.75 | J8: =IFERROR(ROUNDUP(D8/(F8*I8),1),"") -> 0 | K8: =IFERROR(MAX(0,ROUNDUP(J8-E8,0)),"") -> 0 | L8: =SUMIF(Test_Times!$G$5:$G$863,A8,Test_Times!$AL$5:$AL$863)+N(C8)*(1+Settings!$B$7) -> 0 | M8: =IFERROR(ROUNDUP(L8/(F8*I8),1),"") -> 0 | N8: =IFERROR(MAX(0,ROUNDUP(M8-E8,0)),"") -> 0
A9: KF titrator | B9: =SUMIF(Test_Times!$G$5:$G$863,A9,Test_Times!$AH$5:$AH$863) -> 0 | D9: =B9+N(C9) -> 0 | E9: =SUMIF(Instruments!$B$5:$B$104,A9,Instruments!$H$5:$H$104) -> 0 | F9: =Settings!$E$19 -> 1900 | G9: =E9*F9 -> 0 | H9: =IFERROR(D9/G9,"no capacity") -> no capacity | I9: =Settings!$D$19 -> 0.75 | J9: =IFERROR(ROUNDUP(D9/(F9*I9),1),"") -> 0 | K9: =IFERROR(MAX(0,ROUNDUP(J9-E9,0)),"") -> 0 | L9: =SUMIF(Test_Times!$G$5:$G$863,A9,Test_Times!$AL$5:$AL$863)+N(C9)*(1+Settings!$B$7) -> 0 | M9: =IFERROR(ROUNDUP(L9/(F9*I9),1),"") -> 0 | N9: =IFERROR(MAX(0,ROUNDUP(M9-E9,0)),"") -> 0
A10: Dissolution bath | B10: =SUM(Test_Times!$AJ$5:$AJ$863) -> 0 | D10: =B10+N(C10) -> 0 | E10: =SUMIF(Instruments!$B$5:$B$104,A10,Instruments!$H$5:$H$104) -> 0 | F10: =Settings!$E$20 -> 1840 | G10: =E10*F10 -> 0 | H10: =IFERROR(D10/G10,"no capacity") -> no capacity | I10: =Settings!$D$20 -> 0.8 | J10: =IFERROR(ROUNDUP(D10/(F10*I10),1),"") -> 0 | K10: =IFERROR(MAX(0,ROUNDUP(J10-E10,0)),"") -> 0 | L10: =SUM(Test_Times!$AN$5:$AN$863)+N(C10)*(1+Settings!$B$7) -> 0 | M10: =IFERROR(ROUNDUP(L10/(F10*I10),1),"") -> 0 | N10: =IFERROR(MAX(0,ROUNDUP(M10-E10,0)),"") -> 0
A11: Analysts (FTE) | B11: =SUM(Test_Times!$AG$5:$AG$863) -> 0 | D11: =B11+N(C11) -> 0 | E11: =SUMPRODUCT((Personnel!$G$5:$G$64>0)*N(+Personnel!$G$5:$G$64)) -> 0 | F11: =IFERROR(SUMPRODUCT(N(+Personnel!$I$5:$I$64),N(+Personnel!$G$5:$G$64))/E11,0) -> 0 | G11: =E11*F11 -> 0 | H11: =IFERROR(D11/G11,"no capacity") -> no capacity | I11: =Settings!$B$10 -> 0.85 | J11: =IFERROR(ROUNDUP(D11/(F11*I11),1),"") | K11: =IFERROR(MAX(0,ROUNDUP(J11-E11,0)),"") | L11: =SUM(Test_Times!$AK$5:$AK$863)+N(C11)*(1+Settings!$B$7) -> 0 | M11: =IFERROR(ROUNDUP(L11/(F11*I11),1),"") | N11: =IFERROR(MAX(0,ROUNDUP(M11-E11,0)),"")
A12: Reviewers (FTE) | B12: =SUM(Test_Times!$AI$5:$AI$863) -> 0 | D12: =B12+N(C12) -> 0 | E12: =SUMPRODUCT((Personnel!$H$5:$H$64>0)*N(+Personnel!$H$5:$H$64)) -> 0 | F12: =IFERROR(SUMPRODUCT(N(+Personnel!$I$5:$I$64),N(+Personnel!$H$5:$H$64))/E12,0) -> 0 | G12: =E12*F12 -> 0 | H12: =IFERROR(D12/G12,"no capacity") -> no capacity | I12: =Settings!$B$11 -> 0.85 | J12: =IFERROR(ROUNDUP(D12/(F12*I12),1),"") | K12: =IFERROR(MAX(0,ROUNDUP(J12-E12,0)),"") | L12: =SUM(Test_Times!$AM$5:$AM$863)+N(C12)*(1+Settings!$B$7) -> 0 | M12: =IFERROR(ROUNDUP(L12/(F12*I12),1),"") | N12: =IFERROR(MAX(0,ROUNDUP(M12-E12,0)),"")
A14: Analyst "units" = sum of % testing time (FTE-equivalent); capacity per unit = available testing h per FTE.
A15: Overtime (Personnel J, Evidence H) is NOT counted as capacity – it is evidence that demand already exceeds normal hours.
A16: Test_Times rows still "Missing" data: | E16: =COUNTIF(Test_Times!$AO$5:$AO$863,"Missing") -> 561
A17: Test_Times rows complete ("OK"): | E17: =COUNTIF(Test_Times!$AO$5:$AO$863,"OK") -> 0
A19: TOP 15 HPLC consumers (Pareto) – from Load_by_Item
A20: Rank | B20: Key | C20: Description | D20: HPLC h/yr NOW | E20: % of HPLC total | F20: Cumulative %
A21: 1 | B21: =INDEX(Load_by_Item!$A$5:$A$248,MATCH(LARGE(Load_by_Item!$J$5:$J$248,A21),Load_by_Item!$J$5:$J$248,0)) -> Sodium Citrate Dihydrate | C21: =INDEX(Load_by_Item!$C$5:$C$248,MATCH(B21,Load_by_Item!$A$5:$A$248,0)) -> pH Modifier / Buffer | D21: =INDEX(Load_by_Item!$D$5:$D$248,MATCH(B21,Load_by_Item!$A$5:$A$248,0)) -> 0 | E21: =IFERROR(D21/SUM(Load_by_Item!$D$5:$D$248),0) -> 0 | F21: =E21 -> 0
A22: 2 | B22: =INDEX(Load_by_Item!$A$5:$A$248,MATCH(LARGE(Load_by_Item!$J$5:$J$248,A22),Load_by_Item!$J$5:$J$248,0)) -> Sodium Citrate | C22: =INDEX(Load_by_Item!$C$5:$C$248,MATCH(B22,Load_by_Item!$A$5:$A$248,0)) -> pH Modifier / Buffer | D22: =INDEX(Load_by_Item!$D$5:$D$248,MATCH(B22,Load_by_Item!$A$5:$A$248,0)) -> 0 | E22: =IFERROR(D22/SUM(Load_by_Item!$D$5:$D$248),0) -> 0 | F22: =F21+E22 -> 0
A23: 3 | B23: =INDEX(Load_by_Item!$A$5:$A$248,MATCH(LARGE(Load_by_Item!$J$5:$J$248,A23),Load_by_Item!$J$5:$J$248,0)) -> Sodium Bicarbonate | C23: =INDEX(Load_by_Item!$C$5:$C$248,MATCH(B23,Load_by_Item!$A$5:$A$248,0)) -> pH Modifier / Buffer | D23: =INDEX(Load_by_Item!$D$5:$D$248,MATCH(B23,Load_by_Item!$A$5:$A$248,0)) -> 0 | E23: =IFERROR(D23/SUM(Load_by_Item!$D$5:$D$248),0) -> 0 | F23: =F22+E23 -> 0
A24: 4 | B24: =INDEX(Load_by_Item!$A$5:$A$248,MATCH(LARGE(Load_by_Item!$J$5:$J$248,A24),Load_by_Item!$J$5:$J$248,0)) -> Hydrochloric Acid Solution 37% | C24: =INDEX(Load_by_Item!$C$5:$C$248,MATCH(B24,Load_by_Item!$A$5:$A$248,0)) -> pH Modifier / Buffer | D24: =INDEX(Load_by_Item!$D$5:$D$248,MATCH(B24,Load_by_Item!$A$5:$A$248,0)) -> 0 | E24: =IFERROR(D24/SUM(Load_by_Item!$D$5:$D$248),0) -> 0 | F24: =F23+E24 -> 0
A25: 5 | B25: =INDEX(Load_by_Item!$A$5:$A$248,MATCH(LARGE(Load_by_Item!$J$5:$J$248,A25),Load_by_Item!$J$5:$J$248,0)) -> Citric Acid Anhydrous | C25: =INDEX(Load_by_Item!$C$5:$C$248,MATCH(B25,Load_by_Item!$A$5:$A$248,0)) -> pH Modifier / Buffer | D25: =INDEX(Load_by_Item!$D$5:$D$248,MATCH(B25,Load_by_Item!$A$5:$A$248,0)) -> 0 | E25: =IFERROR(D25/SUM(Load_by_Item!$D$5:$D$248),0) -> 0 | F25: =F24+E25 -> 0
A26: 6 | B26: =INDEX(Load_by_Item!$A$5:$A$248,MATCH(LARGE(Load_by_Item!$J$5:$J$248,A26),Load_by_Item!$J$5:$J$248,0)) -> Citric Acid | C26: =INDEX(Load_by_Item!$C$5:$C$248,MATCH(B26,Load_by_Item!$A$5:$A$248,0)) -> pH Modifier / Buffer | D26: =INDEX(Load_by_Item!$D$5:$D$248,MATCH(B26,Load_by_Item!$A$5:$A$248,0)) -> 0 | E26: =IFERROR(D26/SUM(Load_by_Item!$D$5:$D$248),0) -> 0 | F26: =F25+E26 -> 0
A27: 7 | B27: =INDEX(Load_by_Item!$A$5:$A$248,MATCH(LARGE(Load_by_Item!$J$5:$J$248,A27),Load_by_Item!$J$5:$J$248,0)) -> Sucrose | C27: =INDEX(Load_by_Item!$C$5:$C$248,MATCH(B27,Load_by_Item!$A$5:$A$248,0)) -> Sweetener / Filler | D27: =INDEX(Load_by_Item!$D$5:$D$248,MATCH(B27,Load_by_Item!$A$5:$A$248,0)) -> 0 | E27: =IFERROR(D27/SUM(Load_by_Item!$D$5:$D$248),0) -> 0 | F27: =F26+E27 -> 0
A28: 8 | B28: =INDEX(Load_by_Item!$A$5:$A$248,MATCH(LARGE(Load_by_Item!$J$5:$J$248,A28),Load_by_Item!$J$5:$J$248,0)) -> Sorbitol | C28: =INDEX(Load_by_Item!$C$5:$C$248,MATCH(B28,Load_by_Item!$A$5:$A$248,0)) -> Sweetener / Filler | D28: =INDEX(Load_by_Item!$D$5:$D$248,MATCH(B28,Load_by_Item!$A$5:$A$248,0)) -> 0 | E28: =IFERROR(D28/SUM(Load_by_Item!$D$5:$D$248),0) -> 0 | F28: =F27+E28 -> 0
A29: 9 | B29: =INDEX(Load_by_Item!$A$5:$A$248,MATCH(LARGE(Load_by_Item!$J$5:$J$248,A29),Load_by_Item!$J$5:$J$248,0)) -> Sucralose | C29: =INDEX(Load_by_Item!$C$5:$C$248,MATCH(B29,Load_by_Item!$A$5:$A$248,0)) -> Sweetener | D29: =INDEX(Load_by_Item!$D$5:$D$248,MATCH(B29,Load_by_Item!$A$5:$A$248,0)) -> 0 | E29: =IFERROR(D29/SUM(Load_by_Item!$D$5:$D$248),0) -> 0 | F29: =F28+E29 -> 0
A30: 10 | B30: =INDEX(Load_by_Item!$A$5:$A$248,MATCH(LARGE(Load_by_Item!$J$5:$J$248,A30),Load_by_Item!$J$5:$J$248,0)) -> Sorbitol Solution 70% | C30: =INDEX(Load_by_Item!$C$5:$C$248,MATCH(B30,Load_by_Item!$A$5:$A$248,0)) -> Sweetener | D30: =INDEX(Load_by_Item!$D$5:$D$248,MATCH(B30,Load_by_Item!$A$5:$A$248,0)) -> 0 | E30: =IFERROR(D30/SUM(Load_by_Item!$D$5:$D$248),0) -> 0 | F30: =F29+E30 -> 0
A31: 11 | B31: =INDEX(Load_by_Item!$A$5:$A$248,MATCH(LARGE(Load_by_Item!$J$5:$J$248,A31),Load_by_Item!$J$5:$J$248,0)) -> Neotame | C31: =INDEX(Load_by_Item!$C$5:$C$248,MATCH(B31,Load_by_Item!$A$5:$A$248,0)) -> Sweetener | D31: =INDEX(Load_by_Item!$D$5:$D$248,MATCH(B31,Load_by_Item!$A$5:$A$248,0)) -> 0 | E31: =IFERROR(D31/SUM(Load_by_Item!$D$5:$D$248),0) -> 0 | F31: =F30+E31 -> 0
A32: 12 | B32: =INDEX(Load_by_Item!$A$5:$A$248,MATCH(LARGE(Load_by_Item!$J$5:$J$248,A32),Load_by_Item!$J$5:$J$248,0)) -> Sodium Carboxymethyl Cellulose (Medium Viscosity) | C32: =INDEX(Load_by_Item!$C$5:$C$248,MATCH(B32,Load_by_Item!$A$5:$A$248,0)) -> Suspending Agent | D32: =INDEX(Load_by_Item!$D$5:$D$248,MATCH(B32,Load_by_Item!$A$5:$A$248,0)) -> 0 | E32: =IFERROR(D32/SUM(Load_by_Item!$D$5:$D$248),0) -> 0 | F32: =F31+E32 -> 0
A33: 13 | B33: =INDEX(Load_by_Item!$A$5:$A$248,MATCH(LARGE(Load_by_Item!$J$5:$J$248,A33),Load_by_Item!$J$5:$J$248,0)) -> Microcrystalline Cellulose RC591 | C33: =INDEX(Load_by_Item!$C$5:$C$248,MATCH(B33,Load_by_Item!$A$5:$A$248,0)) -> Suspending Agent | D33: =INDEX(Load_by_Item!$D$5:$D$248,MATCH(B33,Load_by_Item!$A$5:$A$248,0)) -> 0 | E33: =IFERROR(D33/SUM(Load_by_Item!$D$5:$D$248),0) -> 0 | F33: =F32+E33 -> 0
... A35: 15 | B35: =INDEX(Load_by_Item!$A$5:$A$248,MATCH(LARGE(Load_by_Item!$J$5:$J$248,A35),Load_by_Item!$J$5:$J$248,0)) -> Polysorbate 80 | C35: =INDEX(Load_by_Item!$C$5:$C$248,MATCH(B35,Load_by_Item!$A$5:$A$248,0)) -> Surfactant | D35: =INDEX(Load_by_Item!$D$5:$D$248,MATCH(B35,Load_by_Item!$A$5:$A$248,0)) -> 0 | E35: =IFERROR(D35/SUM(Load_by_Item!$D$5:$D$248),0) -> 0 | F35: =F34+E35 -> 0

Sheet Report_Outline
A1: Report to management – outline and data sources
A4: Section | B4: Content / key message | C4: Data source in this workbook
A5: 1. Executive summary | B5: One page: current HPLC utilisation X% vs target 80%; gap = N HPLCs and M analysts now, N2/M2 in 3 years; consequences (turnaround, overtime, late releases); the request and its payback. | C5: Capacity K, N; Evidence row 17
A6: 2. Scope & method | B6: 106 products in 64 method families + 180 raw materials; structured interviews (3-point estimates, Delphi reconciliation) validated with CDS audit-trail data. | C6: Guide; Interview; CDS_Log
A7: 3. Current resources | B7: Instrument register (count, age, downtime), personnel (FTE, qualification, single-person dependencies). | C7: Instruments; Personnel
A8: 4. Workload | B8: Annual samples (release, stability, RM lots), test times by complexity; Pareto of top HPLC consumers. | C8: Products; RM_Lots; Load_by_Item; Capacity Top 15
A9: 5. Capacity analysis | B9: Demand vs available hours per resource, utilisation, required units. State assumptions (hours/day, downtime, targets). | C9: Capacity table + charts; Settings
A10: 6. Validation of estimates | B10: Actual vs estimated ratio from CDS; measured HPLC utilisation over the logged period. | C10: CDS_Log summary
A11: 7. Consequences today | B11: Backlog trend, turnaround vs target, overtime FTE-equivalent, late batch releases, investigations linked to workload, GMP risk (data integrity under time pressure). | C11: Evidence
A12: 8. Future scenario | B12: Pipeline products (Zylicut, Energe-X, Flusip-C...), growth %, new methods – future gap. | C12: Capacity L–N; Products I–J
A13: 9. Options | B13: A) more HPLCs only; B) more analysts only (shifts to use 24 h); C) both; D) outsourcing cost. Show that HPLC and analyst gaps must be closed together (an extra shift needs people, an extra HPLC needs operators). | C13: Capacity
A14: 10. Cost & benefit | B14: Investment (instrument + columns + qualification, salaries) vs. cost of delay (late release value, overtime cost, outsourcing fees). Payback period. | C14: Finance input + Evidence
A15: 11. Request & plan | B15: Exact request (e.g. 2 HPLC + 2 analysts), timeline, KPIs to track after investment. | C15: —
A16: Annex | B16: Full Test_Times table, interview list (names/dates), assumptions. | C16: Test_Times; Settings
